# Generated by low-poly.com
o ID142_Ptero_Colorize_MIC_0
v 1.067525 9.041121 21.299841
v 0.993631 8.586919 21.467545
v 0.977133 9.059451 21.359636
v 1.018446 8.568987 21.4914
v 1.163368 9.019506 21.542471
v -9.59282 -1.320331 -24.548168
v -9.36724 -0.310448 -23.625515
v -9.611792 -0.363053 -23.85998
v -9.116205 -0.286416 -23.386406
v -8.864129 -0.323814 -23.09911
v -8.134076 -1.555615 -23.403061
v -7.973625 -1.632383 -23.153948
v -8.597323 -0.213563 -22.781311
v -8.443388 -0.138075 -22.469521
v 1.227728 9.00342 20.408009
v 1.047496 8.567549 20.552177
v 1.027236 9.045125 20.436827
v 1.064899 8.554981 20.568907
v 1.122511 9.023992 20.660564
v -8.414892 -0.067905 -19.870951
v -7.636865 -1.517832 -23.037714
v -8.504148 -0.073569 -19.104237
v 1.293032 8.997816 20.0746
v 1.077859 8.56715 20.095413
v 1.069382 9.045047 19.988148
v 1.106549 8.546417 20.123032
v -0.068948 8.154631 30.025
v -0.000004 8.111883 30.094723
v 0.060455 8.033275 30.488647
v -0.456005 8.196978 29.381804
v 1.351412 8.983649 19.693245
v 1.133429 8.567231 19.713177
v 1.119581 9.032719 19.60375
v 1.160102 8.548019 19.738873
v 1.123711 9.030558 19.805956
v 1.275605 9.030159 19.10136
v 1.204097 8.567392 19.277227
v 1.186006 9.04841 19.160595
v 1.226391 8.551302 19.298599
v 1.370608 9.008785 19.341827
v 1.314253 9.009267 18.674294
v 1.243353 8.557227 18.849602
v 1.223077 9.027839 18.734652
v 1.322667 9.005744 18.968557
v 1.265143 8.541537 18.870495
v 1.46024 9.015593 18.290937
v 1.273068 8.576921 18.436626
v 1.25067 9.059219 18.321035
v 1.292672 8.562751 18.455517
v 1.254864 9.056976 18.526844
v -69.908485 12.287777 20.153019
v -71.259804 12.455482 20.135406
v -71.095787 12.404249 19.439615
v 1.516723 8.984613 17.867636
v 1.330832 8.55859 18.009323
v 1.310787 9.02752 17.897253
v -68.557816 12.125356 20.163345
v 1.3511 8.543941 18.028852
v -62.066753 11.115292 19.777746
v -66.94474 11.911063 20.171511
v -65.329811 11.701014 20.178474
v -63.720097 11.48432 20.20289
v -62.639351 11.335427 20.210094
v -62.098049 11.234084 20.226105
v 1.31491 9.025359 18.099459
v -59.990269 11.014348 19.968826
v -61.018349 11.083511 20.286142
v 1.511183 8.970926 17.45562
v 1.328062 8.554829 17.601389
v 1.30524 9.013832 17.485237
v 1.345473 8.542181 17.61812
v -58.914326 10.891071 19.849552
v -57.313972 10.689828 19.679848
v -54.118309 10.295505 19.482685
v -50.90144 9.893255 19.330753
v -49.291565 9.695853 19.263672
v 1.403108 8.992139 17.715061
v -42.405617 8.847731 17.988968
v -47.094204 9.299929 19.210281
v 1.435368 8.981894 17.032318
v 1.253216 8.559953 17.178488
v 1.23125 9.0244 17.061697
v 1.270618 8.547385 17.195219
v -39.240936 8.468858 17.289574
v -35.734447 7.653485 15.784484
v -35.165134 7.778453 14.836136
v 1.51557 9.031846 16.599491
v 1.342087 8.608864 16.740135
v 1.327798 9.063306 16.626467
v 1.359489 8.596136 16.756865
v 1.417029 9.037849 16.836037
v 0.079404 4.137754 28.977541
v 0.110981 4.434522 29.149406
v 0.100174 4.429478 29.1394
v 0.118074 4.098233 29.102016
v 0.204083 4.1722 29.009161
v 0.167553 4.624383 28.855785
v 0.1432 4.260911 28.644775
v 0.184472 4.212161 28.793186
v 0.179678 4.630107 28.866995
v -33.640427 5.123009 13.892588
v -34.011139 4.963335 13.819102
v -33.973351 5.090197 13.873616
v -35.210838 4.913343 14.203578
v -33.64595 5.044456 13.937574
v -34.129208 4.849175 14.224873
v -34.205254 5.071946 13.934772
v -34.3708 4.862295 14.377605
v -34.422829 5.101004 14.038596
v -34.658337 5.188833 14.149306
v -34.817394 5.453221 14.156751
v -34.573803 4.93674 14.541547
v -34.622475 5.090556 14.790262
v -34.749916 5.253351 14.999911
v -35.028728 5.539545 15.187309
v -36.208019 6.564949 15.876616
v -35.316109 5.819983 15.347088
v 0.277169 4.316146 28.617956
v -34.982216 5.673822 14.239682
v -35.21524 5.928835 14.466223
v -36.228031 7.111575 15.15129
v 0.205714 4.819809 28.50765
v 0.19686 4.425182 28.299683
v 0.248666 4.374622 28.455538
v 0.218191 4.825813 28.519257
v 0.344056 4.481721 28.275267
v 0.2387 4.548699 27.95779
v 0.288453 4.935466 28.136621
v 0.395864 4.609016 27.931694
v 0.278073 4.937747 28.160397
v -35.554813 6.219999 15.598363
v -35.800568 6.631949 15.824745
v 0.287348 4.708583 27.614698
v 0.360346 5.113233 27.821869
v 0.443089 4.768004 27.588762
v -34.609028 4.181665 14.746074
v -35.544888 6.057329 15.407686
v -35.277843 5.457398 15.082924
v -35.100132 5.146774 14.759524
v -34.907776 4.838248 14.449891
v -34.677631 4.620337 14.321891
v -32.830967 8.096391 15.491982
v -34.385689 7.2119 15.303864
v -31.438189 7.79459 14.71198
v -28.547195 7.341801 13.365388
v -27.087732 7.162556 12.746764
v -25.601292 6.957717 12.128222
v -24.124619 6.753761 11.403693
v -21.334488 6.276829 9.800942
v -22.725273 6.537885 10.591752
v -18.469595 5.703391 7.832437
v 0.351788 5.114922 27.84148
v -19.848288 6.04572 9.252603
v -19.495512 6.067757 9.179518
v -19.301632 6.171742 9.137813
v -18.720953 6.22997 9.140855
v 0.424351 5.204515 27.491741
v 0.359944 4.79495 27.263201
v 0.418964 4.736753 27.44075
v 0.410425 5.197886 27.478855
v 0.436326 4.842891 27.20084
v -34.539223 4.595658 14.336541
v -34.353989 4.488088 14.155469
v 0.455901 5.33935 27.132803
v 0.423907 4.921052 26.915947
v 0.481227 4.864369 27.088451
v -34.164913 4.437201 14.01026
v -33.638828 4.522334 13.72104
v -33.35273 4.653776 13.658842
v -33.260834 4.660635 13.685498
v -33.473366 4.407142 13.97944
v 0.468378 5.345242 27.144409
v 0.498089 4.967032 26.855425
v -33.67725 4.32361 14.169879
v -33.855042 4.316645 14.363997
v -34.036594 4.388594 14.572848
v -34.108959 4.527575 14.895287
v -35.531521 6.33124 16.570486
v -34.215904 4.729059 15.117905
v -34.463261 5.044878 15.364058
v -36.064568 6.442638 16.05785
v 0.510439 5.529277 26.758011
v 0.463639 5.109386 26.531868
v 0.662425 5.117215 26.66227
v 0.497961 5.523409 26.746401
v 0.537823 5.15511 26.471352
v -10.471525 0.529449 -26.215515
v -10.449992 0.151767 -26.205589
v -9.984023 0.765093 -26.871841
v 0.534174 5.229853 26.154356
v 0.587622 5.662056 26.382578
v 0.575144 5.655868 26.37105
v 0.593501 5.172409 26.332865
v 0.610952 5.279364 26.091675
v 0.57469 5.818226 25.903643
v 0.533511 5.395909 25.699354
v 0.592836 5.339065 25.877785
v -10.473606 0.544409 -25.954473
v -9.34971 0.007267 -24.950735
v 0.587169 5.82431 25.915169
v -10.039017 -0.149935 -25.416702
v 0.702069 5.463071 25.671335
v 0.606553 5.965646 25.492266
v 0.578202 5.549989 25.281013
v 0.771774 5.561645 25.407974
v 0.619031 5.971762 25.503794
v -9.944718 0.298772 -24.814648
v -9.539027 0.415291 -24.693375
v -9.336742 0.292424 -24.901342
v -9.513412 -0.153136 -24.877407
v -9.955605 -0.195852 -25.21674
v 0.650441 5.596034 25.222017
v -10.006757 -0.234882 -25.187443
v 36.480347 3.400497 17.645298
v 36.538624 3.417676 17.718544
v 36.446491 3.485469 17.753046
v 0.652425 6.16995 25.037666
v 0.664422 6.174921 25.030062
v 0.656895 6.177282 25.02598
v 0.685017 5.788411 24.773022
v 0.776797 5.806453 24.807682
v 0.667564 5.684673 25.01421
v 0.660169 6.176538 25.056797
v 36.592979 3.503385 17.644739
v 36.764683 3.774104 17.730711
v 36.67263 5.050189 18.075329
v 36.868271 4.13993 17.765373
v 0.710489 6.282773 24.636618
v 0.727036 6.286735 24.631014
v 0.71808 6.289665 24.625973
v 36.836731 4.511448 17.721588
v 0.754798 5.899119 24.344675
v 36.273338 4.642569 17.980228
v 36.147423 4.711852 18.026657
v 36.460178 4.141627 18.016329
v 38.02739 3.73886 17.127459
v 37.985523 3.437226 16.806379
v 37.963993 3.474889 16.88763
v 0.834645 5.914377 24.400869
v 38.038437 3.509911 16.773001
v 0.682948 5.862337 24.395267
v 0.717638 6.289056 24.656229
v 38.216625 4.383811 16.959196
v 38.179081 3.790172 16.841522
v 38.148422 4.6177 16.966242
v 38.023067 3.998404 17.259462
v 37.663723 4.662127 17.36673
v 37.54501 4.696636 17.454784
v 36.17128 5.975204 16.885155
v 0.858123 5.874383 24.582663
v 37.297657 4.894086 17.417162
v 37.554379 5.574692 16.671741
v 38.390495 4.015142 17.250496
v 38.056606 4.986777 16.893637
v 44.421989 9.094365 18.564278
v 42.853176 8.909691 18.205256
v 47.023201 9.356126 19.238453
v 1.884038 8.622795 15.928032
v 3.249724 7.777176 12.205087
v 2.265226 8.733665 15.29372
v 2.356267 5.924955 13.324733
v 37.902752 5.258969 16.755552
v 37.190548 5.882795 16.598337
v 35.632305 7.629726 16.234438
v 37.005318 5.234569 17.275236
v 34.805634 7.6305 16.553354
v 35.649837 6.396721 16.606344
v 36.737789 4.76884 17.593189
v 36.478748 5.445212 17.196625
v 36.198975 5.758565 17.08728
v 36.720898 5.10633 17.354322
v 36.82608 4.887858 17.524107
v 34.779301 6.636972 16.927746
v 35.483494 5.636633 17.502735
v 35.926327 4.930043 17.942846
v 35.645596 7.538304 14.965891
v 35.970512 6.885099 15.014319
v 35.65184 7.152865 14.929548
v 38.264332 4.46592 15.824413
v 38.263931 4.736176 15.575541
v 38.188766 4.237427 15.508938
v 37.908512 5.263325 16.137009
v 1.61921 5.443936 13.417272
v -0.000001 5.396944 18.130589
v 38.176441 4.940566 16.042469
v -0.000001 4.901705 13.448247
v 38.106316 5.221212 15.645345
v 37.72208 5.591946 15.39383
v 37.920204 5.400588 15.476681
v 37.247463 5.750354 16.211058
v 37.544373 5.427554 16.259886
v 37.41861 5.872144 15.397274
v -6.897142 0.286528 -22.27652
v -6.933094 0.268195 -21.629642
v -6.593757 0.256273 -20.119026
v 36.718739 6.423493 15.194189
v 37.12299 6.16398 15.421289
v 35.969631 6.417096 15.798483
v 36.54327 6.378319 16.075134
v 36.261494 6.696759 15.142318
v 36.113403 6.679058 16.005894
v 36.663425 6.286334 16.288465
v -7.449677 -0.004575 -23.65081
v -7.023197 0.247351 -23.27458
v -6.873687 0.323909 -22.923717
v 34.916744 7.420952 14.849981
v 35.893429 6.054565 16.883234
v 34.921623 6.401227 17.000828
v -8.341966 -0.892208 -15.528423
v 35.395275 7.411353 14.843253
v 1.034336 9.025829 22.05975
v 0.95435 8.570428 21.938074
v 0.976812 8.554257 21.959608
v 9.744675 -1.468624 -27.292507
v 9.546713 -1.754281 -27.25008
v 9.553036 -1.422067 -27.568035
v 9.545672 -1.291473 -24.578266
v 9.57609 -1.048178 -24.655109
v 9.35091 -1.413132 -24.664318
v 9.296078 -1.519644 -25.403576
v 9.173841 -1.440724 -25.140373
v 9.176484 -1.385491 -24.778231
v 9.576731 -1.050089 -25.457129
v 10.083284 -0.8178 -26.312937
v 10.449671 -0.303691 -26.61528
v 9.845939 -0.713332 -24.501179
v 9.666066 -0.850896 -24.597715
v 9.383891 -0.78337 -24.824657
v 9.679995 -0.818538 -25.39381
v 9.94632 -0.31257 -25.260286
v 10.340564 -0.221926 -26.172527
v 10.243543 -0.019125 -25.929661
v 10.36818 0.095977 -26.147875
v 9.998672 -0.22981 -25.192804
v 10.344485 0.660596 -26.622169
v 10.170538 0.339171 -25.20265
v 9.922705 0.097673 -24.451221
v 10.011559 -0.162953 -24.401033
v 9.868912 -0.340558 -24.520948
v 9.944718 0.298802 -24.814569
v 9.264217 -2.096327 -26.222322
v 8.690742 -2.244649 -27.162025
v 8.656562 -2.20829 -27.164507
v 8.974198 -2.477844 -26.030283
v 9.107481 -1.788772 -24.517029
v 9.165998 -1.706984 -25.31176
v 9.001015 -1.400227 -24.874687
v 9.039999 -1.331825 -24.920477
v 9.094033 -1.553682 -25.08362
v 9.091631 -1.457935 -24.810408
v 9.157191 -1.548407 -24.647028
v 8.841316 -1.882254 -24.539284
v 8.566186 -1.795064 -24.720114
v -0.055888 7.975775 29.957756
v -0.184704 8.267179 29.885632
v -0.04528 8.293997 29.908609
v -0.068813 7.965177 29.969124
v -0.04807 8.278067 30.044613
v -0.219142 7.950361 29.29999
v -0.303515 8.39542 29.457767
v -0.203059 8.442491 29.225546
v -0.238738 7.934295 29.317204
v -0.261363 8.023111 28.935366
v -0.337251 8.490361 28.798401
v -0.245279 8.502608 28.86092
v -0.280961 8.007022 28.952578
v -0.345736 8.455539 29.093143
v -0.33738 8.073063 28.588749
v -0.413268 8.557043 28.451786
v -0.321297 8.56921 28.514305
v -0.356976 8.056973 28.605963
v -10.011559 -0.162983 -24.401035
v -9.729944 -0.415419 -24.191547
v -0.421753 8.522141 28.746531
v -9.500844 -0.208834 -24.899902
v -0.410986 8.145268 28.218283
v -0.632869 8.574334 28.229969
v -0.394902 8.634051 28.143835
v -9.111883 -0.305658 -25.14814
v -9.236279 -0.149646 -25.05216
v -8.644154 -0.406094 -24.780952
v -0.430581 8.129179 28.235493
v -8.813698 -0.496652 -24.855717
v -9.130214 -0.546465 -25.111156
v -8.405445 -0.297847 -24.739004
v -0.482433 8.175769 27.89072
v -0.566805 8.61476 28.048498
v -0.46635 8.66183 27.816275
v -8.158972 -0.223913 -24.541281
v -7.994678 -0.194919 -24.273676
v -7.627683 -0.075686 -23.835806
v -7.798757 -0.127399 -24.061384
v -7.260007 0.117985 -23.4715
v -0.50203 8.159678 27.90801
v -9.717458 0.289356 -24.568737
v -0.506339 8.204507 27.547707
v -0.582227 8.684885 27.410744
v -0.490255 8.697132 27.473263
v -0.525937 8.188416 27.564997
v -0.590712 8.649981 27.705484
v -6.912489 0.267488 -20.814173
v -0.566048 8.214594 27.214298
v -0.641933 8.692329 27.077335
v -0.549964 8.704497 27.139854
v -0.585643 8.198503 27.231512
v -7.760911 0.629778 -20.700504
v -8.319313 -0.049644 -21.32233
v -8.32972 -0.053802 -20.618454
v -0.650421 8.657428 27.372076
v -0.575011 8.269589 26.876091
v -0.770317 8.713944 26.771549
v -0.558926 8.754529 26.806368
v -0.594608 8.253499 26.893381
v -0.563157 8.730433 27.012577
v -0.601897 8.300169 26.527155
v -0.797203 8.739961 26.423492
v -0.585813 8.780546 26.458391
v -0.621492 8.284159 26.544365
v -0.590044 8.756451 26.664522
v -0.634736 8.344357 26.191189
v -0.856619 8.777104 26.202795
v -0.618653 8.836822 26.116741
v -0.654332 8.328267 26.208399
v -0.577222 8.833699 26.220966
v -0.691437 8.370454 25.816715
v -0.886741 8.825056 25.707451
v -0.675354 8.865641 25.742271
v -0.711033 8.354363 25.834005
v -0.633926 8.862518 25.846575
v -0.736712 8.381581 25.446167
v -0.932017 8.825056 25.336901
v -0.720627 8.865641 25.371721
v -0.756307 8.365571 25.463457
v -0.679197 8.862519 25.476025
v -27.171455 5.808083 -8.614382
v -27.43858 6.133451 -7.964602
v -26.692677 5.979652 -7.920911
v -19.691711 6.463712 6.785244
v -27.733484 6.411053 -7.488364
v -0.78511 8.42353 25.046078
v -0.868034 8.879811 25.15847
v -0.769303 8.904867 24.926966
v -0.80437 8.40936 25.064409
v -0.827961 8.449786 24.545528
v -1.049842 8.886937 24.511988
v -0.811871 8.937768 24.420332
v -0.847557 8.435537 24.564341
v -0.770445 8.945053 24.524397
v -0.896627 8.489734 23.500162
v -1.080181 8.918639 23.351351
v -0.881506 8.959945 23.379929
v -0.915039 8.476445 23.517933
v 9.876516 0.068622 -27.743258
v 9.884842 0.067031 -27.757027
v 10.30206 -0.458944 -27.250477
v 9.923745 0.067548 -27.73237
v -0.885485 8.957863 23.575008
v -0.921787 8.53032 22.948299
v -0.995649 8.98068 22.775635
v -0.906842 8.998771 22.834471
v -0.946434 8.512549 22.971992
v -1.003846 8.977237 23.06221
v 9.624601 -0.778354 -25.420866
v -0.943144 8.557618 22.382669
v -1.02329 9.011659 22.499302
v -0.921971 9.034154 22.261314
v -0.965774 8.541288 22.404442
v -0.954359 8.570428 21.938074
v -1.034345 9.025829 22.05975
v -0.933026 9.048324 21.821764
v -0.976821 8.554257 21.959608
v -0.99364 8.586919 21.467545
v -1.067541 9.041121 21.299841
v -0.977149 9.059451 21.359716
v -1.018455 8.568987 21.4914
v -1.075874 9.037598 21.591541
v 8.659443 -1.107462 -25.120764
v 9.134297 -1.42205 -24.288486
v 9.36724 -0.310421 -23.625511
v 8.864129 -0.323788 -23.099108
v 9.611712 -0.362938 -23.86006
v 9.116206 -0.286389 -23.386404
v -1.047505 8.567549 20.552177
v -1.252944 8.997416 20.523998
v -1.027244 9.045125 20.436827
v 8.597324 -0.213537 -22.781229
v 8.443388 -0.138083 -22.469439
v -1.064916 8.554981 20.568907
v 7.326922 -1.115246 -23.32653
v 8.329638 -0.054184 -20.618372
v 8.414651 -0.068406 -19.870869
v -1.077868 8.56715 20.095413
v -1.293041 8.997816 20.0746
v -1.06939 9.045046 19.988148
v 8.503906 -0.074181 -19.104155
v -1.106557 8.546417 20.123032
v -1.030454 9.05249 20.08597
v -1.133438 8.567231 19.713177
v -1.209197 9.014468 19.544434
v -1.119598 9.032719 19.60375
v -1.160111 8.547938 19.738873
v -1.217466 9.010945 19.833572
v 38.315407 5.755093 16.210815
v -1.204106 8.567391 19.277227
v -1.275622 9.030158 19.10136
v -1.186023 9.04841 19.160595
v -1.2264 8.551302 19.298599
v -1.283883 9.026636 19.390417
v 26.69268 5.97974 -7.920907
v 17.930782 5.120349 5.314795
v 25.232817 5.958163 -6.907623
v 27.005592 5.850117 -8.494231
v 27.171455 5.808171 -8.614387
v 27.298176 5.906367 -8.480624
v 27.438581 6.133539 -7.9646
v -1.243362 8.557227 18.849602
v -1.322675 9.005744 18.968557
v -1.223086 9.027839 18.734652
v -1.265152 8.541457 18.870495
v -1.273085 8.576921 18.436626
v -1.460248 9.015593 18.290937
v -1.250679 9.059219 18.321035
v -1.292681 8.562751 18.455517
v 36.321129 7.044299 16.08098
v -1.209605 9.066983 18.424221
v -1.33084 8.55859 18.009323
v -1.408665 9.005747 18.127075
v -1.310796 9.02752 17.897253
v -1.351109 8.543941 18.028852
v 9.895008 0.061252 -27.765751
v 8.643673 -2.183187 -27.141529
v -1.328071 8.554829 17.601389
v -1.403125 8.992139 17.715061
v -1.305256 9.013832 17.485237
v -1.345481 8.542181 17.61812
v -1.253224 8.559953 17.178488
v -1.328263 9.002867 17.289436
v -1.231259 9.0244 17.061697
v -1.270627 8.547385 17.195219
v -1.342095 8.608784 16.740135
v -1.515579 9.031365 16.599491
v -1.327806 9.062665 16.626467
v -1.359498 8.596057 16.756865
v -1.331569 9.0541 16.810822
v 8.413291 -1.42104 -25.077454
v -0.079402 4.138491 28.977541
v -0.100172 4.430407 29.1394
v -0.110978 4.435914 29.149406
v -0.118071 4.099298 29.102016
v -0.18869 4.185184 28.956568
v -0.143198 4.262456 28.644775
v -0.167553 4.626329 28.855785
v -0.179677 4.6323 28.866995
v -0.24173 4.23323 28.790865
v -0.206611 4.302609 28.594501
v -0.21819 4.828663 28.519257
v -0.368028 4.472683 28.340185
v -0.196859 4.427872 28.299683
v -0.205714 4.82286 28.50765
v -0.395863 4.615252 27.931694
v -0.288452 4.940053 28.136621
v -0.238698 4.552526 27.95779
v -0.278072 4.942046 28.160397
v -0.443089 4.775913 27.588762
v -0.360346 5.119493 27.821869
v -0.342161 4.660217 27.7796
v -0.351788 5.121126 27.84148
v -8.742853 -2.275996 -27.130171
v -9.175602 -2.275629 -26.586233
v -8.708673 -2.239645 -27.132654
v -9.065933 -2.496968 -26.053263
v -0.410425 5.205987 27.478855
v -0.418963 4.744485 27.44075
v -0.359944 4.80201 27.263201
v -9.583134 -2.190795 -25.741232
v -0.527628 4.869051 27.235344
v -9.159593 -1.820128 -24.48517
v -0.424352 5.212566 27.491741
v -0.455902 5.349349 27.132803
v -0.622694 4.941072 27.046345
v -0.423907 4.930098 26.915947
v -0.468379 5.355136 27.144409
v 34.217911 7.264572 15.723001
v 21.33449 6.276886 9.801019
v 18.753853 5.456013 8.775344
v 19.848289 6.045769 9.252601
v 24.124619 6.753818 11.403691
v 22.725273 6.537943 10.591749
v 25.601292 6.957775 12.12822
v 28.547195 7.341866 13.365385
v 31.438189 7.794663 14.711977
v 33.714474 8.04612 16.064495
v 0.067797 4.282179 29.404526
v 0.03626 4.064885 29.275883
v 0.058174 4.279081 29.396118
v 0.101994 4.038748 29.373945
v -0.463639 5.120817 26.531868
v -0.497962 5.535673 26.746401
v -0.510441 5.541732 26.758011
v -0.662426 5.131911 26.66227
v 35.964512 7.68536 15.895588
v 36.654137 8.148503 16.750677
v -0.575146 5.669997 26.37105
v -0.593502 5.186418 26.332865
v -0.534174 5.243598 26.154356
v -0.587624 5.676048 26.382578
v -0.610953 5.29286 26.091675
v -0.036257 4.065149 29.275883
v -0.067795 4.282819 29.404526
v -0.058172 4.279641 29.396118
v -0.073998 4.081599 29.236258
v -0.131152 4.054574 29.344408
v -0.533512 5.408165 25.699354
v -0.574693 5.831017 25.903643
v -0.587171 5.83723 25.915169
v -0.592838 5.351922 25.877785
v -0.610291 5.457227 25.636675
v -0.578204 5.56038 25.281013
v -0.606556 5.977077 25.492266
v -0.619034 5.983233 25.503794
v -0.63402 5.508371 25.448879
v -0.650443 5.606176 25.222017
v -0.685019 5.795318 24.773022
v -0.656899 6.186464 25.02598
v -0.652428 6.179267 25.037666
v -0.664425 6.184031 25.030062
v -0.776799 5.813626 24.807682
v -0.667566 5.693551 25.01421
v -0.660172 6.186032 25.056797
v -0.754801 5.899559 24.344675
v -0.718083 6.296797 24.625973
v -0.710494 6.289857 24.636618
v -0.72704 6.293859 24.631014
v -0.834645 5.915762 24.400869
v -0.724964 5.82581 24.598434
v -0.717641 6.296333 24.656229
v -33.053104 4.782032 14.082464
v -33.212162 4.557515 14.469584
v -33.068394 4.688573 14.092552
v -33.190548 4.715982 14.084866
v -33.675812 4.139048 14.621758
v -33.763863 4.460495 14.403543
v -34.039639 4.517923 14.651776
v -34.391293 4.685963 14.821802
v -33.611691 4.517825 14.990868
v -33.694221 4.688306 15.329957
v -33.729366 4.649427 15.18835
v -34.746231 5.161448 15.253591
v -34.56356 4.886934 14.954204
v 10.361055 0.3463 -26.54492
v 10.180224 0.725338 -26.766737
v -34.870468 5.41947 15.579791
v -34.002415 5.202175 15.83523
v -33.769466 4.889951 15.569145
v -34.228073 5.514198 16.106838
v -35.651756 7.152769 14.929474
v -35.980198 6.97734 15.048186
v -35.645512 7.538207 14.965816
v -35.394951 7.411217 14.843019
v -9.926708 0.040805 -27.729176
v -10.325114 -0.713833 -26.662918
v -9.936874 0.035026 -27.737984
v -10.319672 -0.140151 -27.403774
v 71.259811 12.455646 20.135403
v 59.163189 10.958562 17.878328
v 71.889725 12.504475 20.173264
v 69.908501 12.287941 20.153013
v 68.557823 12.12552 20.16334
v 66.94474 11.911227 20.171507
v 65.329819 11.701178 20.178471
v 63.720104 11.484483 20.202887
v 9.34971 0.007295 -24.950735
v 9.745395 -0.173527 -25.055201
v 9.94728 -0.190605 -25.222263
v 9.539027 0.41532 -24.693295
v 9.717458 0.289384 -24.568737
v 9.336742 0.292452 -24.901262
v -10.491538 -0.329918 -26.587509
v 9.46362 -0.185493 -24.924639
v 9.070017 -0.279433 -25.175993
v 9.194414 -0.123422 -25.079933
v 8.884782 -0.690717 -25.229628
v 8.679936 -0.82391 -25.280701
v -10.003477 -0.314135 -25.430235
v -9.969615 -0.831544 -25.954559
v -9.875715 -0.732012 -24.481405
v -9.849859 -0.512441 -24.553049
v 49.291565 9.696015 19.26367
v 52.510517 10.096904 19.404715
v 55.723709 10.490108 19.570816
v 57.313972 10.689911 19.679924
v 58.914326 10.891236 19.849548
v 59.990189 11.014512 19.968821
v 9.257653 -1.497318 -25.421669
v 9.118287 -1.68714 -25.350742
v 61.018353 11.083674 20.286137
v 62.639359 11.335591 20.210091
v 62.098057 11.234247 20.226101
v 9.723622 -0.411473 -24.195705
v 9.000534 -1.496406 -25.125883
v -9.649977 -0.305723 -24.68153
v -9.868911 -0.340587 -24.520948
v -9.922705 0.097644 -24.451223
v 9.505966 -0.148443 -24.882292
v 9.255732 -0.115009 -24.722914
v 8.787283 -0.480307 -24.872847
v 8.628224 -0.396254 -24.791277
v 9.088348 -0.52024 -25.139009
v 9.038959 -0.653248 -24.880852
v 8.633827 -1.290111 -25.064323
v 8.834271 -1.309035 -24.93969
v 8.402564 -0.296041 -24.740847
v 7.994679 -0.194896 -24.273674
v 8.158973 -0.22389 -24.541279
v 6.873737 0.324005 -22.923716
v 8.281288 -0.048976 -22.137552
v 8.060591 0.680389 -14.534043
v 8.319231 -0.049884 -21.322248
v -9.334261 -1.581988 -27.679068
v -9.730426 -1.868689 -26.561016
v -9.606669 -1.066861 -24.635584
v -9.891006 -1.24973 -26.336237
v -9.68728 -1.134684 -25.694479
v -9.500683 -0.932313 -25.110518
v -9.641572 -1.08985 -25.415586
v -9.403584 -1.445384 -24.630699
v -9.362038 -1.559861 -25.361794
v -9.105958 -1.372034 -24.878691
v -9.232038 -1.419439 -24.742849
v -9.053126 -1.431583 -24.842911
v -9.239803 -1.480941 -25.098671
v -9.146143 -1.585037 -25.05176
v -9.218108 -1.73834 -25.27998
v -9.143742 -1.489291 -24.778551
v -9.209303 -1.579763 -24.61517
v 7.260008 0.118006 -23.471416
v 7.627684 -0.075664 -23.835722
v 7.449686 -0.004554 -23.650808
v 7.798767 -0.127377 -24.06138
v -8.889585 -1.911304 -24.509829
v 0.000003 1.835001 5.868926
v -0.96848 2.235337 5.729704
v -0.50263 1.975936 5.799075
v -1.790917 2.97209 5.599993
v -1.375684 2.592566 5.645773
v -2.984896 6.651238 12.393118
v 0.933017 9.048324 21.821764
v 0.943136 8.557618 22.382669
v 0.926229 9.031912 22.470724
v 0.921962 9.034154 22.261314
v 0.965757 8.541288 22.404442
v 1.135167 8.989727 22.230738
v 8.378309 -1.686036 -24.884056
v 0.921778 8.53032 22.948299
v 1.110951 8.956264 22.80509
v 0.906825 8.998771 22.834471
v 0.946426 8.512549 22.971992
v 0.896611 8.489734 23.500162
v 0.885476 8.957863 23.575008
v 0.881497 8.959945 23.379929
v 0.91503 8.476445 23.517933
v 1.080172 8.918639 23.351351
v 0.827944 8.449786 24.545528
v 1.049826 8.886937 24.511988
v 0.811862 8.937769 24.420332
v 0.847548 8.435537 24.564341
v 0.7851 8.42353 25.046078
v 0.868025 8.879811 25.15847
v 0.769293 8.904867 24.926966
v 0.804362 8.40936 25.064409
v 0.179292 1.862961 -18.037334
v 0.285966 2.712926 -17.342581
v 0.313514 1.882061 -17.885559
v 0.859684 8.887257 24.86685
v 0.736702 8.381581 25.446167
v 0.724848 8.841546 25.577929
v 0.720618 8.865642 25.371721
v 0.756298 8.365571 25.463457
v 0.932009 8.825057 25.336901
v 0.691429 8.370454 25.816715
v 0.775801 8.818571 25.974573
v 0.675343 8.865641 25.742271
v 0.711024 8.354363 25.834005
v -9.918463 0.042396 -27.715487
v 0.767315 8.853473 25.679832
v 0.634728 8.344357 26.191189
v 0.577212 8.833699 26.220966
v 0.618643 8.836902 26.116741
v 0.654323 8.328267 26.208399
v 0.830034 8.796317 26.081841
v 0.601888 8.300169 26.527155
v 0.68626 8.733477 26.690617
v 0.585803 8.780546 26.458391
v 0.621484 8.284159 26.544365
v 0.677774 8.768379 26.395872
v 0.575002 8.269589 26.876091
v 0.659373 8.707459 27.038671
v 0.558917 8.754529 26.806368
v 0.5946 8.253499 26.893381
v -9.671829 -0.807731 -25.389889
v 0.650888 8.742361 26.743851
v 0.566039 8.214594 27.214298
v 0.650411 8.657428 27.372076
v 0.549954 8.704497 27.139854
v 0.585634 8.198503 27.231512
v -8.746858 -0.864838 -25.237957
v -8.725723 -1.148006 -25.078495
v -8.954185 -0.733146 -25.185364
v 0.641923 8.692329 27.077335
v 0.506331 8.204507 27.547707
v 0.590703 8.650062 27.705484
v 0.490246 8.697132 27.473263
v 0.525928 8.188416 27.564997
v 0.582217 8.684885 27.410744
v 0.482426 8.175769 27.89072
v 0.566795 8.61476 28.048498
v 0.46634 8.66183 27.816275
v 0.502021 8.159678 27.90801
v 0.410978 8.145268 28.218283
v 0.49535 8.586982 28.37606
v 0.394893 8.634051 28.143835
v 0.430573 8.129179 28.235493
v -8.695784 -2.214542 -27.109678
v -9.324175 -1.537895 -25.379486
v 0.337373 8.073063 28.588749
v 0.421744 8.522141 28.746531
v 0.321287 8.56921 28.514305
v 0.356968 8.056973 28.605963
v -8.683617 -1.320049 -25.033989
v -8.465403 -1.452395 -25.045597
v -8.430421 -1.717383 -24.852196
v -8.617816 -1.826171 -24.688574
v 0.261355 8.023111 28.935366
v 0.249501 8.478433 29.067047
v 0.245271 8.502608 28.86092
v 0.280953 8.007022 28.952578
v 0.456661 8.462023 28.826017
v 0.219135 7.950361 29.29999
v 0.303507 8.39542 29.457767
v 0.20305 8.442491 29.225546
v 0.238731 7.934295 29.317204
v 0.055881 7.975775 29.957756
v 0.048062 8.278067 30.044613
v 0.045272 8.293997 29.908609
v 0.068806 7.965177 29.969124
v 0.184696 8.267179 29.885632
v 26.554193 6.922844 -5.352508
v 29.453588 6.732553 -6.662723
v -35.352531 8.522413 16.347956
v -37.653233 8.288426 16.919106
v -34.509529 8.610789 16.1628
v -62.658958 11.77666 20.260128
v -0.502112 1.94261 -17.709129
v -0.179289 1.862961 -18.037334
v -0.313511 1.882061 -17.885559
v 0.000002 1.841036 -18.122507
v -65.369278 12.088453 20.237232
v -66.983955 12.280091 20.223463
v -72.353439 13.034239 20.333368
v -71.78997 12.489902 20.171989
v 0.279736 8.311127 29.753471
v 0.140436 7.978826 29.674543
v 0.127515 8.359398 29.608341
v 0.15618 7.965922 29.688389
v 0.094236 8.356836 29.692154
v 1.063562 8.866606 23.972614
v 0.855025 8.455872 24.015759
v 0.839912 8.913916 23.886242
v 0.873444 8.442503 24.033451
v 0.84389 8.911834 24.081322
v 1.092644 9.039041 20.833952
v 1.017942 8.586921 21.007498
v 1.006207 9.056651 20.891188
v 1.04327 8.568588 21.031834
v 66.983963 12.280255 20.223457
v 72.931572 13.444977 19.964575
v 62.65897 11.776823 20.260122
v 65.369286 12.088616 20.237228
v 1.100617 9.035677 21.112923
v 47.251503 9.926238 19.366373
v 0.717202 6.018163 24.000383
v 0.739382 6.422908 24.256865
v 0.921202 6.034484 24.134226
v 0.75669 6.431738 24.272953
v 0.806811 6.574226 23.829401
v 0.769067 6.146563 23.556829
v 0.789868 6.565581 23.813629
v 0.933354 6.209962 23.529533
v 0.826888 6.097845 23.730776
v 35.372784 8.075097 16.434401
v 0.847476 6.718869 23.418024
v 0.810886 6.30411 23.15274
v 0.835005 6.712281 23.406416
v 0.97233 6.365252 23.125843
v 0.867713 6.259033 23.323643
v 0.845948 6.419526 22.763779
v 0.892 6.822855 23.014256
v 1.008808 6.480596 22.736721
v 0.883435 6.825896 23.033867
v 0.896955 6.597837 22.326468
v 0.916031 6.997404 22.578945
v 1.056974 6.657434 22.299814
v 0.932129 7.006026 22.593914
v 0.898668 6.567842 22.42893
v 0.96061 7.095354 22.194468
v 0.924628 6.672692 21.923098
v 0.943912 7.086556 22.178938
v 1.086072 6.732585 21.896202
v 34.532906 8.614151 16.174162
v 19.301632 6.171791 9.13781
v 17.817835 6.177579 8.765422
v 18.167889 6.196078 9.048076
v 0.981447 6.630378 22.094004
v 0.933914 6.82887 21.513645
v 0.955751 7.235417 21.769564
v 1.099625 6.890132 21.486109
v 0.97257 7.244455 21.785173
v 0.992238 6.786211 21.689116
v 0.964685 6.903189 21.139095
v 0.989284 7.302692 21.398457
v 1.133245 6.965484 21.111076
v 1.005262 7.311281 21.413263
v 1.02401 6.859842 21.317604
v 1.015532 7.066195 20.725958
v 1.035641 7.474448 20.974993
v 1.174119 7.124544 20.699623
v 1.05005 7.482213 20.988361
v 1.071351 7.025617 20.893902
v 1.089706 7.173631 20.297373
v 1.111888 7.581323 20.551132
v 1.294969 7.224254 20.347324
v 1.127626 7.589768 20.565701
v 1.154226 7.665792 20.148163
v 1.119429 7.24133 19.885439
v 1.141747 7.65926 20.136555
v 1.278015 7.299974 19.859024
v 1.175247 7.200688 20.053303
v 1.180106 7.364151 19.54859
v 1.202216 7.77129 19.796185
v 1.342967 7.42434 19.521534
v 1.217225 7.779335 19.810114
v 1.237422 7.322003 19.721018
v 1.228128 7.459931 19.135454
v 1.256185 7.87193 19.391535
v 1.423441 7.477886 19.263535
v 1.268665 7.878541 19.403143
v 1.22543 7.625162 18.719677
v 1.259988 8.031221 18.977119
v 1.386866 7.685264 18.692862
v 1.272467 8.037705 18.988646
v 1.28225 7.581975 18.890583
v 1.297291 8.131604 18.59096
v 1.255185 7.698721 18.307182
v 1.284819 8.12496 18.579433
v 1.328078 7.740771 18.247625
v 1.311508 7.655205 18.476568
v 1.344248 8.228865 18.191353
v 1.303495 7.819804 17.919903
v 1.331776 8.222141 18.179825
v 1.466356 7.881043 17.892767
v 1.36081 7.774512 18.092331
v 1.350612 8.334371 17.795588
v 1.311476 7.918387 17.525499
v 1.33814 8.328048 17.78406
v 1.47007 7.979064 17.499163
v -0.688387 13.39311 14.959847
v -0.059423 16.876066 15.057356
v -0.000016 16.864618 15.041666
v 1.367294 7.870797 17.693443
v 1.360642 7.889938 17.015984
v 1.390861 8.343258 17.329298
v 1.525304 7.952937 16.988607
v 1.404813 8.350382 17.342266
v 1.418598 7.840523 17.190252
v 1.331536 8.033628 16.577953
v 1.366574 8.437078 16.833151
v 1.47412 8.076055 16.55426
v 1.358289 8.44004 16.852123
v 1.505572 8.042514 16.692104
v 0.059391 16.876066 15.057356
v 36.437843 3.445461 17.609837
v -0.45282 7.991968 14.146289
v 0.574904 8.161713 14.544614
v 0.530105 8.077904 13.458021
v 34.385689 7.211989 15.303859
v 0.134255 3.943345 29.541328
v -0.000004 7.255484 16.182507
v -1.121487 8.054842 16.270964
v -1.606635 8.540504 15.853265
v -1.884047 8.574765 15.928032
v 7.120532 -2.318726 -24.005192
v 6.961537 -2.32869 -24.72756
v 7.97221 -1.631501 -23.154747
v 7.636875 -1.517807 -23.037714
v -2.065855 8.626077 15.798993
v -3.249732 7.796084 12.203167
v 7.967584 -1.461475 -23.759439
v -8.09093 -1.528902 -23.606707
v -9.134295 -1.422081 -24.288488
v -8.984683 -1.318945 -24.51759
v -8.965071 -1.308002 -24.63022
v 2.472482 10.54151 13.225245
v 2.499219 10.83417 13.101009
v -0.000013 14.602267 11.547176
v 1.506508 8.952101 23.148344
v -0.000021 20.263384 6.818606
v -0.045994 22.505991 -0.33609
v -0.333298 13.67769 13.833549
v -0.00002 19.78084 8.626501
v -0.000022 20.767702 4.649385
v -0.000007 10.428367 25.9769
v 1.121478 8.056522 16.270964
v 1.308498 8.800642 25.279264
v 1.359449 8.84387 24.738287
v 1.439619 8.887498 24.229094
v 8.50647 -1.036715 -24.767023
v 8.974278 -1.312654 -24.523912
v 8.130636 -1.553508 -23.405138
v 7.399368 -1.016824 -23.585733
v 7.023213 0.247388 -23.274574
v 1.233619 8.709544 25.799906
v 1.072592 8.603315 26.84247
v 0.946882 8.530309 27.384165
v 0.44773 1.86826 -17.708731
v -18.271873 6.766327 8.804089
v -17.818874 6.178227 8.774309
v 0.06894 8.154631 30.025
v -0.923188 8.308044 14.339929
v 0.713274 14.728188 10.627647
v -0.000004 7.174638 4.279362
v -1.497952 6.77772 4.581755
v -2.415512 6.015991 4.916057
v -0.00001 11.536057 8.300919
v -2.563155 11.080647 12.300434
v 0.214237 22.490944 -0.785795
v -1.506517 8.952021 23.148344
v -0.946891 8.530309 27.384165
v -1.308506 8.800642 25.279264
v -1.0726 8.603315 26.84247
v -1.359458 8.84387 24.738287
v -1.496743 8.883576 23.678913
v -1.233628 8.709544 25.799906
v 2.16888 3.407367 5.556479
v 2.984896 6.64205 12.39408
v 1.790918 2.97209 5.599993
v 0.96848 2.235337 5.729704
v 0.502635 1.975936 5.799075
v 2.4731 3.859999 5.482514
v 2.575187 4.492159 5.299954
v 2.630661 5.277974 5.087329
v 2.563138 11.080647 12.300434
v 2.415504 6.015999 4.916057
v 1.957188 6.454599 4.723955
v 1.497944 6.777728 4.581756
v 0.520188 7.083422 4.304097
v 1.028021 6.994014 4.449491
v -0.140444 7.978826 29.674543
v -0.297338 8.326818 29.580322
v -0.127523 8.359398 29.608341
v -0.156187 7.965922 29.688389
v -0.130922 8.340025 29.773966
v -0.855034 8.455872 24.015759
v -0.926358 8.896305 23.829006
v -0.83992 8.913916 23.886242
v -0.873453 8.442503 24.033451
v -0.934331 8.892941 24.107977
v -6.961527 -2.328713 -24.727562
v -7.120522 -2.318749 -24.005194
v -6.902178 -2.359997 -24.737728
v -1.017959 8.586921 21.007498
v -1.20489 9.015265 20.86261
v -1.006223 9.056651 20.891188
v -1.043278 8.568588 21.031834
v -1.010194 9.054569 21.086269
v -34.677795 6.345002 16.329378
v -35.298817 6.209599 15.743576
v -34.788265 7.404582 15.138324
v -0.739386 6.4229 24.256865
v -0.717205 6.018162 24.000383
v -0.926021 6.070026 24.051216
v -0.756693 6.431738 24.272953
v -0.776029 5.968595 24.177372
v -35.115585 6.535199 16.051607
v -34.810196 6.41221 16.323774
v -33.077442 4.83632 14.121849
v -34.955002 5.924149 15.981642
v -35.235497 6.271451 16.194334
v -34.723019 5.358255 15.601086
v -0.789872 6.55636 23.813629
v -0.769071 6.140031 23.556829
v -0.843907 6.183754 23.495752
v -35.256714 6.764574 15.831711
v -0.80682 6.565373 23.829401
v -35.617973 6.774485 15.716277
v -35.002476 7.470302 14.920508
v -0.770826 6.107738 23.662092
v -35.669285 6.89641 15.301382
v -35.669685 6.642023 14.812518
v -35.459873 6.165774 14.705249
v -1.381728 7.995588 16.728926
v -1.366582 8.436997 16.833151
v -1.474129 8.074293 16.55426
v -1.358297 8.439878 16.852123
v -1.396489 8.062846 16.524879
v -1.390869 8.343257 17.329298
v -1.418607 7.840523 17.190252
v -1.360651 7.889931 17.015984
v -1.40483 8.350382 17.342266
v -1.525313 7.952929 16.988607
v -1.338149 8.328047 17.78406
v -1.367303 7.870797 17.693443
v -1.311484 7.918387 17.525499
v -1.350628 8.334371 17.795588
v -1.383721 7.961837 17.466503
v -1.331785 8.216617 18.179825
v -1.360819 7.768068 18.092331
v -1.303503 7.816939 17.919903
v -1.344257 8.222941 18.191353
v -1.466364 7.879249 17.892767
v -1.284828 8.116314 18.579432
v -1.450506 7.706341 18.435263
v -1.255193 7.691092 18.307182
v -1.297299 8.122718 18.59096
v -1.259996 8.020014 18.977119
v -1.282258 7.570472 18.890583
v -1.225439 7.615092 18.719677
v -1.272476 8.026578 18.988646
v -1.386875 7.6744 18.692862
v -1.256194 7.85808 19.391535
v -1.284451 7.403656 19.30484
v -1.228137 7.447186 19.135454
v -1.268674 7.864444 19.403143
v -1.388148 7.505383 19.108799
v -1.202217 7.755576 19.796185
v -1.23743 7.305057 19.721018
v -1.180107 7.349293 19.54859
v -1.217234 7.763237 19.810114
v -1.342976 7.408002 19.521534
v -1.141755 7.641753 20.136555
v -1.175248 7.182461 20.053303
v -1.119437 7.225136 19.885439
v -1.154235 7.648117 20.148163
v -1.191674 7.265224 19.826443
v -1.111897 7.562246 20.551132
v -1.147535 7.112464 20.471321
v -1.089715 7.155195 20.297373
v -1.127635 7.5707 20.565701
v -1.254001 7.21552 20.270077
v -1.035649 7.455171 20.974993
v -1.071352 7.006326 20.893902
v -1.015541 7.046975 20.725958
v -1.050058 7.462896 20.988361
v -1.087778 7.087464 20.667044
v -0.989293 7.283415 21.398457
v -1.024018 6.840862 21.317604
v -0.964693 6.884041 21.139093
v -1.005271 7.291989 21.413263
v -1.041469 6.926972 21.076414
v -0.95576 7.216526 21.769564
v -1.136184 6.82947 21.646366
v -0.933922 6.810083 21.513645
v -0.972578 7.225644 21.785173
v -0.943921 7.068713 22.178938
v -1.126338 6.704633 21.972088
v -0.924637 6.654826 21.923098
v -0.960619 7.077718 22.194468
v -0.916039 6.980825 22.578945
v -1.096887 6.630809 22.375059
v -0.896963 6.581419 22.326468
v -0.932137 6.989448 22.593914
v -1.049434 6.455524 22.81325
v -0.892 6.80851 23.014254
v -1.008817 6.46585 22.736721
v -0.883443 6.811536 23.033867
v -0.920138 6.447431 22.703182
v -0.835005 6.700202 23.406416
v -1.007944 6.310193 23.282019
v -0.810894 6.29247 23.15274
v -0.847485 6.706871 23.418024
v -35.953541 6.979406 15.100536
v -9.54303 -0.321572 -24.514627
v -9.633565 -0.32681 -24.679607
v -35.005436 5.768701 15.866928
v -34.466064 5.886773 16.410547
v -34.679394 6.429148 16.634127
v -34.772411 6.310186 16.823843
v -34.648815 6.476186 16.678236
v -34.217831 7.264477 15.723004
v -34.786823 6.589928 16.92927
v -34.169239 7.377193 16.080507
v -34.609432 7.089303 16.709215
v -34.254169 7.591102 16.343229
v -34.508331 7.47422 16.555599
v -7.399566 -1.016976 -23.585571
v -7.615437 -1.083041 -23.830282
v -7.969566 -1.4627 -23.75824
v -7.391065 -1.33186 -23.16395
v -8.31715 -0.061851 -21.912214
v -8.281288 -0.0489 -22.137636
v -8.587958 -0.078877 -18.252668
v -8.667208 -0.084461 -17.356432
v -8.779838 -0.076018 -16.429701
v -8.753261 0.004764 -15.486954
v -8.41353 0.215698 -14.714237
v -12.037532 4.380493 0.22255
v -13.846251 5.209424 -1.461292
v -13.477383 5.1544 -1.715698
v -12.696978 5.036599 -1.728105
v -35.497982 7.611097 16.169521
v -34.792347 7.62858 16.546875
v -36.108757 6.558127 15.966592
v -2.472499 10.54151 13.225245
v -9.9793 -0.333229 -25.238434
v -0.447727 1.868252 -17.708731
v -1.155892 1.652085 -17.483709
v 0.000005 -0.025685 -10.101542
v -1.732209 1.44025 -17.391977
v 34.508492 7.474323 16.555676
v 34.609436 7.089381 16.709209
v 9.449052 -0.90055 -25.143812
v 9.824564 -0.49657 -24.569859
v 9.804632 -0.309551 -25.015896
v 9.618997 -0.317669 -24.689213
v 3.016235 8.380491 13.163361
v -9.087948 -0.683437 -24.849234
v -9.266539 -0.673795 -25.023903
v 1.73213 1.440058 -17.392136
v 2.347054 1.209051 -17.356831
v 6.933118 0.268246 -21.629641
v 6.912457 0.267444 -20.814093
v 8.08885 -1.527644 -23.607904
v 7.613692 -1.08196 -23.831324
v 6.897192 0.286626 -22.276516
v 8.611494 -1.105573 -24.789118
v 9.214746 -0.641695 -25.0576
v 0.683257 8.362956 14.967676
v 0.47462 7.528852 16.328039
v 0.821532 7.823379 16.384716
v -0.000001 5.680996 25.624752
v 0.529319 7.584864 15.690682
v 0.64661 7.911178 15.878882
v 0.580471 7.705266 16.093094
v -76.605766 13.116449 19.67688
v -75.00901 12.902958 19.888533
v -73.402893 12.665849 20.148533
v -72.867683 12.542335 20.276375
v -87.309258 14.613221 17.474714
v -87.25563 14.567113 17.434847
v -87.258835 14.558547 17.496326
v -87.322868 14.584804 17.577978
v 9.537267 -0.317912 -24.518463
v 9.535186 -1.010155 -24.23061
v 9.331059 -0.816754 -24.677366
v 1.041316 8.167472 16.329718
v 8.317071 -0.061967 -21.912212
v -9.697525 -0.87062 -24.576824
v -9.406546 -0.860349 -24.778309
v 8.587717 -0.079636 -18.252586
v 8.341565 -0.893366 -15.528664
v 8.666966 -0.085387 -17.356432
v 8.779596 -0.077133 -16.429779
v 8.75302 0.003495 -15.487036
v 8.41321 0.213882 -14.719602
v 34.25425 7.591189 16.343225
v 34.47559 7.775806 16.469862
v 34.169319 7.377281 16.080582
v -0.455829 7.452903 15.873676
v -0.529326 7.584864 15.690682
v -1.071992 8.22559 15.486558
v 34.651859 7.314821 15.022406
v -0.646618 7.911178 15.878882
v -1.041325 8.166512 16.329718
v -0.58048 7.705267 16.093094
v -0.821541 7.823379 16.384716
v -0.474628 7.528852 16.328039
v 12.63454 5.033664 -1.68568
v 13.474339 5.155419 -1.703331
v 3.429756 2.755696 -6.678362
v -6.13255 0.291357 -19.36944
v -4.331907 0.599803 -17.772532
v 88.722939 14.678467 17.800829
v 86.392693 14.405418 17.151068
v 87.6791 14.58129 17.242405
v 88.562843 14.742668 17.313568
v 88.768578 14.754436 17.337584
v 88.924667 14.776849 17.411949
v 88.921455 14.785415 17.350552
v 88.956688 14.74643 17.588299
v 87.844795 14.579367 18.033615
v 86.281425 14.381001 18.375507
v 75.859055 13.02568 19.898212
v 79.105385 13.459308 19.445211
v 77.449806 13.236929 19.680157
v 74.133514 12.771521 20.157736
v 73.43972 12.625109 20.283653
v 72.758186 12.537214 20.297741
v -87.290047 14.527968 17.672678
v -87.101936 14.535974 17.422043
v -9.727944 -0.84834 -25.362352
v -9.832008 -0.326711 -24.997726
v 9.644612 -0.302339 -24.685051
v -72.318863 12.473573 20.292223
v 84.615601 14.168548 18.660963
v 5.734288 1.086446 -16.28809
v 88.975899 14.831523 17.390335
v -0.775736 1.81437 -17.601625
v -2.347174 1.209322 -17.356592
v 6.593677 0.256171 -20.119102
v 6.132438 0.291168 -19.369598
v -2.168879 3.407367 5.556479
v -2.575187 4.492151 5.299954
v -2.4731 3.859999 5.482514
v -2.630662 5.277966 5.08733
v 11.884955 5.644137 -1.519639
v 15.386805 5.163234 -2.011019
v 14.405797 5.174015 -1.668294
v 1.155852 1.651973 -17.48387
v 13.845448 5.209051 -1.462254
v 0.038869 6.08906 -11.611982
v -3.262981 4.107043 -9.740189
v 0.502114 1.94261 -17.709129
v 4.447408 5.702073 -0.232585
v -8.919443 -1.286693 -24.926401
v -9.170399 -1.718495 -25.318886
v -0.000005 7.914348 2.26097
v 4.065406 5.373387 4.209544
v 4.503069 5.559831 4.022933
v 3.439674 5.30512 4.373022
v -4.065415 5.373371 4.209544
v -6.666038 5.68582 0.688824
v -4.503069 5.559824 4.022933
v -6.487906 5.604049 4.304474
v -5.658496 5.579475 4.132088
v 2.900341 5.242689 4.637746
v 4.931574 5.611863 4.027271
v 6.485649 5.603986 4.306291
v 5.658496 5.579475 4.132184
v 7.739537 5.553386 4.550032
v 9.676147 3.190689 -7.845597
v 10.288205 3.692541 -6.36231
v 9.221387 2.714205 -9.026313
v 8.746053 2.265786 -10.26244
v 0.775723 1.81433 -17.601704
v 2.960386 0.996904 -17.380289
v 16.688169 5.110241 -2.60393
v 23.598923 5.774158 -6.066933
v -4.941933 0.44792 -18.150686
v -5.57418 0.340987 -18.693823
v -2.960538 0.997255 -17.379971
v 5.574028 0.340701 -18.694061
v 4.941782 0.447548 -18.151005
v 78.35228 13.548652 15.973702
v 76.519295 13.359654 15.618522
v -9.439045 -0.817418 -24.788879
v 82.845703 13.936164 18.926168
v 80.96373 13.704421 19.193453
v -1.028029 6.994014 4.449491
v -0.520197 7.083414 4.304097
v -1.957196 6.454599 4.723955
v -3.439674 5.305112 4.373022
v -2.900341 5.242682 4.637746
v 64.74913 11.862576 12.129567
v 65.715897 12.011309 12.458092
v 70.918152 12.636892 14.145935
v 69.596939 12.45486 13.697898
v 68.167816 12.293161 13.253462
v 72.016922 12.743917 14.485984
v 72.972717 12.834694 14.754711
v 74.968262 13.184188 15.308651
v -86.174164 14.360343 18.118313
v -78.207466 13.334906 19.459383
v -79.809822 13.547677 19.226601
v -81.410408 13.745321 18.986132
v 16.621332 6.028352 8.065068
v 15.232393 5.854943 7.307607
v 13.836888 5.714481 6.586955
v -15.255606 5.858656 7.333817
v 80.092003 13.732926 16.325762
v 73.858223 12.968375 14.991096
v -16.741325 4.781982 3.631298
v 35.522388 7.629236 -3.794157
v 33.697018 7.368829 -4.788645
v 8.682333 2.595812 -8.865653
v 1.071983 8.235755 15.486558
v -86.893806 14.523967 17.39819
v -87.054703 14.459766 17.885368
v -84.617989 14.163021 18.460203
v -83.013 13.958014 18.739817
v -76.980789 13.363892 16.019815
v -78.552391 13.529033 16.393888
v -75.330727 13.195868 15.641263
v -72.087112 12.706607 14.743507
v -73.940582 13.039051 15.311857
v -71.154373 12.619193 14.475102
v -70.178963 12.52994 14.136493
v -69.006241 12.369439 13.690377
v -63.816223 11.694948 11.715157
v -64.749283 11.86441 12.130293
v -25.232414 5.958004 -6.90818
v -23.597324 5.773808 -6.069109
v -12.064027 5.053411 -2.088976
v -8.824985 3.297954 -8.513512
v -9.161832 3.743931 -7.231205
v -8.378628 2.369306 -11.333818
v -8.528801 2.80109 -9.864988
v -16.634699 6.031146 8.090926
v 0.000005 0.021445 3.607025
v 1.375692 2.592574 5.645764
v -3.611764 2.309328 -8.804574
v -3.692487 0.764301 -17.523739
v -4.529123 3.369643 0.607405
v -4.931574 5.611847 4.027271
v -13.859141 5.717314 6.601677
v -2.499236 10.83417 13.101008
v -16.690012 5.109663 -2.612807
v -15.389445 5.16291 -2.017406
v -14.405395 5.173803 -1.670086
v -8.061232 0.684378 -14.498501
v -10.177902 5.461768 5.142254
v -11.337899 5.508299 5.560897
v -9.018064 5.437441 4.807904
v -7.743963 5.553522 4.546879
v 7.391075 -1.331836 -23.163946
v 12.555216 5.602365 6.026487
v 11.325733 5.507308 5.560751
v 10.169738 5.461247 5.144126
v 9.01198 5.437161 4.810857
v 3.692336 0.763914 -17.524059
v 4.331748 0.599416 -17.772852
v -12.573385 5.604205 6.032196
v 40.255322 8.322493 -1.083696
v -86.008453 14.362348 17.327185
v -84.670021 14.181113 17.24457
v -83.09626 14.006846 17.138508
v -81.52327 13.817369 16.923252
v -80.130417 13.702901 16.682545
v 66.757507 12.105844 12.815351
v 63.813606 11.647725 11.69882
v 62.783115 11.471056 11.205156
v 61.551556 11.050317 10.600701
v 58.683212 10.217083 9.3055
v 60.112427 10.494135 9.926044
v 57.156998 9.914258 8.615313
v 55.666386 9.772573 7.940807
v 54.114147 9.58926 7.147676
v 52.502029 9.386497 6.328442
v 49.080627 9.169167 4.259795
v 45.06094 8.915815 1.821503
v 42.781044 8.663821 0.381973
v 37.602154 7.883471 -2.663946
v 20.780138 5.430766 -4.569564
v 84.830925 14.231072 17.036436
v 83.190712 14.033912 16.829193
v 81.609734 13.896626 16.606573
v 31.5348 7.031823 -5.79706
v 22.096796 5.586208 -5.241004
v 19.45372 5.206794 -3.958946
v 18.172207 5.126847 -3.291012
v 11.976292 5.002326 -2.15529
v 11.349263 4.642778 -3.424915
v 10.795 4.19006 -4.796292
v 8.35413 1.994213 -11.522658
v 8.179303 1.5367 -12.810336
v 8.023127 1.088305 -13.735949
v -62.789902 11.572712 11.238062
v -72.949089 12.836928 14.979894
v -67.794769 12.23912 13.248664
v -66.598602 12.082705 12.813355
v -65.639923 12.000175 12.457135
v -61.581005 11.411493 10.708134
v -60.178295 11.147251 10.097356
v -58.770145 10.951211 9.47457
v -57.270096 10.732758 8.774458
v -55.792782 10.583467 8.072502
v -54.256302 10.396232 7.248945
v -52.657719 10.170414 6.394857
v -50.995888 9.965569 5.409895
v -47.239723 9.480474 3.046529
v -45.140663 9.179572 1.794226
v -42.836998 8.831038 0.354854
v -40.278534 8.384686 -1.098147
v -37.613121 7.90989 -2.672016
v -35.522388 7.629126 -3.794166
v -33.697014 7.368728 -4.788654
v -31.534798 7.031722 -5.797061
v -29.453587 6.732459 -6.662725
v -22.092794 5.585443 -5.246503
v -20.77486 5.429769 -4.57692
v -19.449158 5.205692 -3.968543
v -18.167645 5.125634 -3.302146
v -11.047957 4.723128 -3.121919
v -10.318946 4.41542 -4.301223
v -9.722178 4.114196 -5.66839
v -8.192994 1.794401 -12.601485
v -8.068357 1.18521 -13.646132
vt 0.80127 0.816406
vt 0.805176 0.823242
vt 0.799805 0.817871
vt 0.807129 0.824219
vt 0.807129 0.814941
vt 0.846191 0.966309
vt 0.848633 0.951172
vt 0.845703 0.953125
vt 0.852051 0.949219
vt 0.855957 0.947754
vt 0.866211 0.959961
vt 0.868652 0.958984
vt 0.809082 0.823242
vt 0.859375 0.944824
vt 0.861816 0.942383
vt 0.814453 0.817383
vt 0.641113 0.81543
vt 0.643555 0.823242
vt 0.638184 0.817383
vt 0.64502 0.824219
vt 0.646973 0.814941
vt 0.866211 0.925293
vt 0.871094 0.95752
vt 0.865723 0.919434
vt 0.646973 0.823242
vt 0.652344 0.817383
vt 0.77832 0.944824
vt 0.77832 0.953613
vt 0.772949 0.947266
vt 0.780273 0.954102
vt 0.782227 0.953125
vt 0.571289 0.865234
vt 0.575195 0.867676
vt 0.580078 0.865723
vt 0.559082 0.855957
vt 0.787109 0.946777
vt 0.669922 0.836914
vt 0.669922 0.845215
vt 0.664551 0.839355
vt 0.671875 0.845703
vt 0.675781 0.837402
vt 0.673828 0.844727
vt 0.679199 0.838867
vt 0.80127 0.967773
vt 0.805664 0.975098
vt 0.799805 0.969238
vt 0.807129 0.975586
vt 0.807129 0.966309
vt 0.809082 0.975098
vt 0.814453 0.96875
vt 0.692871 0.859863
vt 0.697266 0.866699
vt 0.691406 0.86084
vt 0.701172 0.858398
vt 0.699219 0.867187
vt 0.700684 0.866699
vt 0.706055 0.86084
vt 0.722168 0.880371
vt 0.724121 0.888184
vt 0.71875 0.882812
vt 0.726074 0.88916
vt 0.72998 0.880371
vt 0.728027 0.888184
vt 0.733398 0.882324
vt 0.20752 0.365723
vt 0.194336 0.362793
vt 0.194336 0.37085
vt 0.749023 0.901855
vt 0.751465 0.909668
vt 0.746094 0.904297
vt 0.222778 0.368652
vt 0.753418 0.910645
vt 0.292969 0.385986
vt 0.23999 0.371826
vt 0.257568 0.375244
vt 0.274414 0.378418
vt 0.286133 0.380371
vt 0.293213 0.381104
vt 0.756836 0.901855
vt 0.317139 0.388428
vt 0.30542 0.383057
vt 0.754883 0.909668
vt 0.760254 0.903809
vt 0.776367 0.923828
vt 0.778809 0.931152
vt 0.772949 0.925781
vt 0.780273 0.932129
vt 0.328613 0.391846
vt 0.344971 0.396484
vt 0.379883 0.404785
vt 0.415283 0.412354
vt 0.431885 0.415771
vt 0.782227 0.92334
vt 0.782227 0.931152
vt 0.506836 0.442627
vt 0.457275 0.420898
vt 0.787109 0.925781
vt 0.668457 0.81543
vt 0.67041 0.823242
vt 0.665039 0.817871
vt 0.672363 0.824219
vt 0.540527 0.456055
vt 0.577148 0.479004
vt 0.581543 0.490479
vt 0.673828 0.823242
vt 0.679199 0.817383
vt 0.75 0.92334
vt 0.752441 0.931152
vt 0.74707 0.925293
vt 0.753906 0.931641
vt 0.755371 0.92334
vt 0.755371 0.931152
vt 0.760254 0.925293
vt 0.632813 0.873047
vt 0.637207 0.87793
vt 0.63623 0.877441
vt 0.635254 0.87207
vt 0.638184 0.87207
vt 0.638184 0.877441
vt 0.641113 0.872559
vt 0.65332 0.94873
vt 0.648926 0.943359
vt 0.651855 0.941895
vt 0.654297 0.949707
vt 0.236816 0.241699
vt 0.234497 0.249023
vt 0.236816 0.248901
vt 0.221436 0.270264
vt 0.234253 0.241699
vt 0.223145 0.247925
vt 0.235352 0.254395
vt 0.218262 0.251953
vt 0.234009 0.259766
vt 0.232666 0.265381
vt 0.232666 0.27417
vt 0.213623 0.255615
vt 0.205933 0.259766
vt 0.20105 0.264648
vt 0.196899 0.273193
vt 0.192017 0.305664
vt 0.19397 0.282715
vt 0.657227 0.941895
vt 0.231567 0.280762
vt 0.227905 0.288818
vt 0.655762 0.94873
vt 0.205078 0.317139
vt 0.659668 0.942871
vt 0.672363 0.865723
vt 0.667969 0.859863
vt 0.670898 0.858398
vt 0.673828 0.866699
vt 0.67627 0.858398
vt 0.674805 0.865723
vt 0.679199 0.859863
vt 0.778809 0.967285
vt 0.780762 0.974121
vt 0.776367 0.969238
vt 0.782227 0.975098
vt 0.191772 0.292969
vt 0.190552 0.301025
vt 0.783691 0.974121
vt 0.787109 0.96875
vt 0.643066 0.837402
vt 0.645508 0.844727
vt 0.640625 0.839355
vt 0.177002 0.248291
vt 0.190796 0.289551
vt 0.190308 0.275391
vt 0.190674 0.26416
vt 0.190308 0.25415
vt 0.188599 0.24707
vt 0.611328 0.487549
vt 0.590332 0.485352
vt 0.623535 0.497803
vt 0.65332 0.517578
vt 0.668457 0.527344
vt 0.684082 0.537109
vt 0.699219 0.547852
vt 0.728027 0.569824
vt 0.713379 0.559082
vt 0.754883 0.598633
vt 0.646973 0.845703
vt 0.741699 0.578613
vt 0.747559 0.581055
vt 0.750977 0.581543
vt 0.756348 0.582031
vt 0.647949 0.844727
vt 0.652344 0.838867
vt 0.753906 0.953125
vt 0.747559 0.946777
vt 0.750488 0.944824
vt 0.752441 0.952148
vt 0.758789 0.945801
vt 0.755371 0.952148
vt 0.760254 0.946777
vt 0.187256 0.243042
vt 0.186157 0.237915
vt 0.679688 0.882324
vt 0.674805 0.876465
vt 0.677734 0.874512
vt 0.185059 0.232056
vt 0.181396 0.218872
vt 0.178833 0.213501
vt 0.177002 0.212036
vt 0.172363 0.219604
vt 0.681152 0.883301
vt 0.685547 0.875488
vt 0.170288 0.226074
vt 0.168823 0.232544
vt 0.167969 0.239014
vt 0.165283 0.247925
vt 0.166138 0.304443
vt 0.164063 0.254639
vt 0.164185 0.263916
vt 0.183716 0.303467
vt 0.682617 0.882324
vt 0.6875 0.875977
vt 0.72998 0.932129
vt 0.723633 0.925293
vt 0.729492 0.92334
vt 0.728516 0.930664
vt 0.734375 0.923828
vt 0.979492 0.201416
vt 0.963379 0.210083
vt 0.987793 0.223389
vt 0.731445 0.930664
vt 0.73584 0.924805
vt 0.758301 0.960449
vt 0.764648 0.967285
vt 0.763672 0.966309
vt 0.76123 0.958496
vt 0.769531 0.959473
vt 0.766113 0.966309
vt 0.770996 0.959961
vt 0.649414 0.90918
vt 0.644043 0.90332
vt 0.647461 0.901367
vt 0.978516 0.193481
vt 0.936523 0.167603
vt 0.650879 0.910156
vt 0.943848 0.190186
vt 0.653809 0.901855
vt 0.652344 0.90918
vt 0.657227 0.902832
vt 0.617676 0.822754
vt 0.612793 0.816895
vt 0.618652 0.814941
vt 0.619141 0.82373
vt 0.958008 0.162354
vt 0.946289 0.158447
vt 0.940918 0.162964
vt 0.932617 0.171875
vt 0.939453 0.186035
vt 0.623535 0.815918
vt 0.938965 0.189209
vt 0.620605 0.822754
vt 0.625 0.816895
vt 0.130737 0.231079
vt 0.131348 0.232422
vt 0.129272 0.233887
vt 0.702148 0.909668
vt 0.70166 0.910156
vt 0.70166 0.90918
vt 0.697754 0.90332
vt 0.696777 0.904785
vt 0.703125 0.901855
vt 0.703125 0.911133
vt 0.134033 0.232056
vt 0.138916 0.236572
vt 0.70459 0.910156
vt 0.143921 0.263184
vt 0.143921 0.243164
vt 0.708984 0.904297
vt 0.669434 0.935547
vt 0.668945 0.936035
vt 0.668457 0.935059
vt 0.148193 0.25
vt 0.665039 0.929199
vt 0.132568 0.260986
vt 0.132202 0.265381
vt 0.130859 0.248535
vt 0.083252 0.879395
vt 0.078674 0.872559
vt 0.080505 0.874023
vt 0.664063 0.930664
vt 0.076843 0.874023
vt 0.666016 0.928711
vt 0.669922 0.937012
vt 0.071777 0.889648
vt 0.074463 0.878906
vt 0.07074 0.894043
vt 0.0849 0.884766
vt 0.088196 0.897461
vt 0.090149 0.900391
vt 0.091858 0.936523
vt 0.672852 0.929199
vt 0.671387 0.936035
vt 0.675781 0.930176
vt 0.177002 0.212036
vt 0.172363 0.219604
vt 0.174927 0.213623
vt 0.091675 0.906738
vt 0.065063 0.916016
vt 0.177002 0.227295
vt 0.178833 0.213501
vt 0.181396 0.218872
vt 0.185059 0.232056
vt 0.170288 0.226074
vt 0.186157 0.237915
vt 0.188599 0.24707
vt 0.490234 0.435791
vt 0.506836 0.442627
vt 0.463867 0.424072
vt 0.165283 0.247925
vt 0.260498 0.871582
vt 0.177124 0.891602
vt 0.244507 0.871582
vt 0.208252 0.938477
vt 0.166748 0.244019
vt 0.190674 0.26416
vt 0.190308 0.25415
vt 0.190308 0.275391
vt 0.17688 0.329834
vt 0.164185 0.263916
vt 0.164063 0.254639
vt 0.163086 0.329834
vt 0.164917 0.298096
vt 0.165039 0.287598
vt 0.151733 0.254883
vt 0.160156 0.272705
vt 0.161621 0.281738
vt 0.157837 0.263916
vt 0.154297 0.258301
vt 0.148804 0.315674
vt 0.138672 0.290527
vt 0.13269 0.272217
vt 0.200928 0.329834
vt 0.21106 0.320068
vt 0.207764 0.325928
vt 0.020065 0.912109
vt 0.017822 0.92041
vt 0.012901 0.912598
vt 0.03479 0.921387
vt 0.21521 0.956055
vt 0.319824 0.959473
vt 0.028793 0.91748
vt 0.22644 0.990234
vt 0.023102 0.928223
vt 0.027939 0.939453
vt 0.025116 0.93457
vt 0.047943 0.932129
vt 0.042236 0.925781
vt 0.033539 0.945801
vt 0.89209 0.94873
vt 0.89209 0.943848
vt 0.895508 0.934082
vt 0.04599 0.959473
vt 0.039642 0.95166
vt 0.06842 0.95459
vt 0.058807 0.942871
vt 0.052551 0.96582
vt 0.067139 0.900879
vt 0.065491 0.906738
vt 0.061737 0.944336
vt 0.063354 0.936523
vt 0.885742 0.965332
vt 0.890137 0.958984
vt 0.891602 0.954102
vt 0.091675 0.916016
vt 0.064514 0.992676
vt 0.055664 0.972168
vt 0.095154 0.942383
vt 0.107849 0.967285
vt 0.876953 0.892578
vt 0.057892 0.98584
vt 0.057098 0.979004
vt 0.700684 0.836914
vt 0.700684 0.845215
vt 0.69873 0.845703
vt 0.730469 0.238403
vt 0.745605 0.234741
vt 0.734375 0.248413
vt 0.720703 0.154663
vt 0.713379 0.156616
vt 0.727539 0.154297
vt 0.739746 0.172607
vt 0.73877 0.163818
vt 0.733398 0.154785
vt 0.709473 0.178955
vt 0.693848 0.208984
vt 0.666016 0.217896
vt 0.690918 0.154419
vt 0.697266 0.156128
vt 0.70459 0.159424
vt 0.702637 0.178223
vt 0.672363 0.171387
vt 0.665527 0.202271
vt 0.656738 0.193359
vt 0.650391 0.198853
vt 0.669434 0.170044
vt 0.624512 0.209717
vt 0.641602 0.16272
vt 0.658691 0.143555
vt 0.665527 0.146729
vt 0.671387 0.14978
vt 0.647949 0.14917
vt 0.76123 0.197876
vt 0.789551 0.223999
vt 0.790039 0.22522
vt 0.78418 0.182983
vt 0.750977 0.145386
vt 0.745117 0.1698
vt 0.738281 0.154907
vt 0.737305 0.155518
vt 0.741699 0.162354
vt 0.740723 0.152832
vt 0.745117 0.149048
vt 0.757813 0.141968
vt 0.766602 0.138672
vt 0.626953 0.925781
vt 0.625 0.92041
vt 0.623047 0.921875
vt 0.62793 0.92627
vt 0.630371 0.92041
vt 0.628906 0.925781
vt 0.632813 0.921875
vt 0.805176 0.845215
vt 0.809082 0.836914
vt 0.799805 0.839355
vt 0.807129 0.846191
vt 0.809082 0.845215
vt 0.814453 0.838867
vt 0.77832 0.823242
vt 0.773926 0.816406
vt 0.772461 0.817871
vt 0.780273 0.824219
vt 0.782227 0.81543
vt 0.781738 0.823242
vt 0.787109 0.817383
vt 0.805176 0.866699
vt 0.80127 0.859375
vt 0.799805 0.86084
vt 0.807129 0.867676
vt 0.041809 0.275879
vt 0.036377 0.281982
vt 0.040588 0.280029
vt 0.042603 0.272217
vt 0.809082 0.858398
vt 0.024002 0.277832
vt 0.026382 0.277588
vt 0.021378 0.278564
vt 0.022049 0.278809
vt 0.809082 0.866699
vt 0.814453 0.86084
vt 0.77832 0.845215
vt 0.777832 0.836914
vt 0.772461 0.839355
vt 0.017807 0.276123
vt 0.019684 0.2771
vt 0.017868 0.269287
vt 0.780273 0.845703
vt 0.0168 0.270996
vt 0.01564 0.275635
vt 0.781738 0.845215
vt 0.018921 0.266357
vt 0.787109 0.838867
vt 0.751465 0.823242
vt 0.754883 0.81543
vt 0.745605 0.817871
vt 0.020157 0.262939
vt 0.021744 0.259766
vt 0.024765 0.25415
vt 0.023331 0.25708
vt 0.027695 0.249023
vt 0.026062 0.251709
vt 0.028931 0.278076
vt 0.75293 0.824219
vt 0.031311 0.279053
vt 0.04364 0.268799
vt 0.045654 0.265137
vt 0.046753 0.260742
vt 0.754883 0.823242
vt 0.760254 0.817383
vt 0.805176 0.888672
vt 0.80127 0.881348
vt 0.799805 0.882812
vt 0.807129 0.88916
vt 0.809082 0.879883
vt 0.045929 0.232422
vt 0.041412 0.236206
vt 0.809082 0.888184
vt 0.814453 0.882324
vt 0.77832 0.866699
vt 0.773926 0.859863
vt 0.772461 0.86084
vt 0.780273 0.867676
vt 0.053375 0.239502
vt 0.054749 0.250732
vt 0.059479 0.248047
vt 0.06488 0.245239
vt 0.782227 0.858398
vt 0.781738 0.866699
vt 0.787109 0.86084
vt 0.751465 0.845215
vt 0.749023 0.836914
vt 0.745605 0.839355
vt 0.75293 0.845703
vt 0.756836 0.837402
vt 0.754883 0.845215
vt 0.760254 0.838867
vt 0.724121 0.823242
vt 0.722168 0.81543
vt 0.71875 0.817871
vt 0.726074 0.824219
vt 0.72998 0.81543
vt 0.728027 0.823242
vt 0.733398 0.817383
vt 0.805176 0.910156
vt 0.805176 0.901855
vt 0.799805 0.904297
vt 0.807129 0.911133
vt 0.8125 0.902832
vt 0.809082 0.910156
vt 0.814453 0.903809
vt 0.77832 0.888672
vt 0.775879 0.880371
vt 0.772461 0.882812
vt 0.780273 0.88916
vt 0.785645 0.881348
vt 0.781738 0.888184
vt 0.787109 0.882324
vt 0.751465 0.866699
vt 0.749023 0.858887
vt 0.745605 0.86084
vt 0.75293 0.867676
vt 0.758789 0.859375
vt 0.754883 0.866699
vt 0.314453 0.354248
vt 0.322754 0.351562
vt 0.315918 0.342773
vt 0.38623 0.178711
vt 0.331543 0.348877
vt 0.760254 0.86084
vt 0.724609 0.845215
vt 0.728027 0.836914
vt 0.71875 0.839355
vt 0.726074 0.845703
vt 0.728027 0.845215
vt 0.733398 0.838867
vt 0.697266 0.82373
vt 0.696777 0.814941
vt 0.691406 0.817871
vt 0.69873 0.824219
vt 0.70459 0.816406
vt 0.700684 0.82373
vt 0.706055 0.817383
vt 0.778809 0.909668
vt 0.776367 0.901855
vt 0.773438 0.903809
vt 0.780273 0.910645
vt 0.946289 0.268066
vt 0.946289 0.268311
vt 0.932617 0.248413
vt 0.947266 0.266602
vt 0.944336 0.230469
vt 0.78418 0.901855
vt 0.782227 0.909668
vt 0.787109 0.903809
vt 0.751465 0.888184
vt 0.747559 0.881348
vt 0.745605 0.882324
vt 0.753418 0.88916
vt 0.754883 0.879883
vt 0.945313 0.216553
vt 0.910156 0.19458
vt 0.916504 0.223877
vt 0.754883 0.888184
vt 0.760254 0.882324
vt 0.724121 0.866699
vt 0.728027 0.858398
vt 0.718262 0.86084
vt 0.726074 0.867676
vt 0.728027 0.866699
vt 0.733398 0.86084
vt 0.697266 0.845215
vt 0.700684 0.836914
vt 0.691406 0.839355
vt 0.69873 0.845703
vt 0.880859 0.245605
vt 0.875488 0.25293
vt 0.864746 0.239868
vt 0.700684 0.845215
vt 0.706055 0.838867
vt 0.805176 0.823242
vt 0.80127 0.816406
vt 0.799805 0.817871
vt 0.807129 0.824219
vt 0.809082 0.814941
vt 0.88623 0.170654
vt 0.851563 0.966797
vt 0.847656 0.968262
vt 0.846191 0.966309
vt 0.809082 0.823242
vt 0.848633 0.951172
vt 0.855957 0.947754
vt 0.845703 0.953125
vt 0.852051 0.949219
vt 0.814453 0.817383
vt 0.643555 0.823242
vt 0.643066 0.814941
vt 0.638184 0.817383
vt 0.859375 0.944824
vt 0.861816 0.942383
vt 0.64502 0.824219
vt 0.646973 0.823242
vt 0.652344 0.817383
vt 0.875 0.958984
vt 0.866211 0.930664
vt 0.866211 0.925293
vt 0.77832 0.953613
vt 0.77832 0.944824
vt 0.772949 0.947266
vt 0.865723 0.919434
vt 0.780273 0.954102
vt 0.785645 0.945801
vt 0.782227 0.953125
vt 0.787109 0.946777
vt 0.669922 0.845215
vt 0.666016 0.837891
vt 0.664551 0.839355
vt 0.671875 0.845703
vt 0.673828 0.836914
vt 0.237427 0.243774
vt 0.216064 0.267578
vt 0.228516 0.244263
vt 0.673828 0.844727
vt 0.679199 0.838867
vt 0.805664 0.975098
vt 0.80127 0.967773
vt 0.799805 0.969238
vt 0.807129 0.975586
vt 0.809082 0.966797
vt 0.235352 0.254395
vt 0.232666 0.265381
vt 0.218262 0.251953
vt 0.636719 0.757324
vt 0.749023 0.613281
vt 0.652832 0.75
vt 0.630859 0.763184
vt 0.62793 0.76416
vt 0.625977 0.762207
vt 0.624512 0.756348
vt 0.209839 0.257812
vt 0.809082 0.975098
vt 0.232666 0.27417
vt 0.814453 0.96875
vt 0.697266 0.866699
vt 0.701172 0.858398
vt 0.691406 0.86084
vt 0.231567 0.280762
vt 0.699219 0.867187
vt 0.20105 0.264648
vt 0.196899 0.273193
vt 0.227905 0.288818
vt 0.223145 0.296875
vt 0.21875 0.306396
vt 0.700684 0.866699
vt 0.706055 0.86084
vt 0.724121 0.888184
vt 0.722168 0.880371
vt 0.71875 0.882812
vt 0.726074 0.88916
vt 0.192017 0.305664
vt 0.190552 0.301025
vt 0.191772 0.292969
vt 0.731445 0.881348
vt 0.728027 0.888184
vt 0.733398 0.882324
vt 0.751465 0.909668
vt 0.754883 0.901855
vt 0.746094 0.904297
vt 0.753418 0.910645
vt 0.676758 0.23938
vt 0.662109 0.261475
vt 0.662109 0.26123
vt 0.661621 0.259766
vt 0.819824 0.221069
vt 0.830566 0.186401
vt 0.84668 0.203003
vt 0.819336 0.221558
vt 0.754883 0.909668
vt 0.760254 0.903809
vt 0.778809 0.931152
vt 0.782227 0.92334
vt 0.772949 0.925781
vt 0.780273 0.932129
vt 0.782227 0.931152
vt 0.787109 0.925781
vt 0.67041 0.823242
vt 0.673828 0.814941
vt 0.665039 0.817871
vt 0.672363 0.824219
vt 0.673828 0.823242
vt 0.679199 0.817383
vt 0.752441 0.931152
vt 0.75 0.92334
vt 0.74707 0.925293
vt 0.753906 0.931641
vt 0.757324 0.923828
vt 0.869629 0.161011
vt 0.755371 0.931152
vt 0.760254 0.925293
vt 0.632813 0.873047
vt 0.63623 0.877441
vt 0.637207 0.87793
vt 0.635254 0.87207
vt 0.63916 0.87207
vt 0.638184 0.877441
vt 0.641113 0.872559
vt 0.648926 0.943359
vt 0.65332 0.94873
vt 0.654297 0.949707
vt 0.652832 0.941895
vt 0.658203 0.942383
vt 0.655762 0.94873
vt 0.659668 0.942871
vt 0.673828 0.866699
vt 0.674805 0.858398
vt 0.667969 0.859863
vt 0.672363 0.865723
vt 0.674805 0.865723
vt 0.679199 0.859863
vt 0.776367 0.969238
vt 0.780762 0.974121
vt 0.778809 0.967285
vt 0.782227 0.975098
vt 0.783691 0.974121
vt 0.787109 0.96875
vt 0.640625 0.839355
vt 0.645508 0.844727
vt 0.646484 0.836914
vt 0.646973 0.845703
vt 0.789551 0.223999
vt 0.773926 0.209351
vt 0.790039 0.22522
vt 0.784668 0.187866
vt 0.647949 0.844727
vt 0.652344 0.838867
vt 0.752441 0.952148
vt 0.750488 0.944824
vt 0.747559 0.946777
vt 0.763672 0.183594
vt 0.756836 0.945313
vt 0.750977 0.145386
vt 0.753906 0.953125
vt 0.755371 0.952148
vt 0.760254 0.946777
vt 0.679688 0.882324
vt 0.680664 0.874512
vt 0.674805 0.876465
vt 0.681152 0.883301
vt 0.591797 0.482666
vt 0.728027 0.569824
vt 0.753906 0.59082
vt 0.741699 0.578613
vt 0.699219 0.547852
vt 0.713379 0.559082
vt 0.684082 0.537109
vt 0.65332 0.517578
vt 0.623535 0.497803
vt 0.600586 0.478271
vt 0.61084 0.852051
vt 0.614258 0.848633
vt 0.611816 0.851562
vt 0.609863 0.847656
vt 0.682617 0.882324
vt 0.6875 0.875977
vt 0.723633 0.925293
vt 0.728516 0.930664
vt 0.72998 0.932129
vt 0.729492 0.92334
vt 0.577148 0.479004
vt 0.571289 0.468994
vt 0.57959 0.48584
vt 0.731445 0.930664
vt 0.73584 0.924805
vt 0.763672 0.966309
vt 0.76123 0.958496
vt 0.758301 0.960449
vt 0.764648 0.967285
vt 0.769531 0.959473
vt 0.766113 0.966309
vt 0.607422 0.848633
vt 0.610352 0.851562
vt 0.614258 0.848633
vt 0.61084 0.852051
vt 0.611816 0.851562
vt 0.613281 0.848145
vt 0.61084 0.847656
vt 0.607422 0.848633
vt 0.610352 0.851562
vt 0.770996 0.959961
vt 0.644043 0.90332
vt 0.649414 0.90918
vt 0.650879 0.910156
vt 0.647461 0.901367
vt 0.655273 0.902344
vt 0.652344 0.90918
vt 0.657227 0.902832
vt 0.612793 0.816895
vt 0.617676 0.822754
vt 0.619141 0.82373
vt 0.615723 0.81543
vt 0.623535 0.815918
vt 0.620605 0.822754
vt 0.625 0.816895
vt 0.697754 0.90332
vt 0.70166 0.90918
vt 0.702148 0.909668
vt 0.70166 0.910156
vt 0.696777 0.904785
vt 0.703125 0.901855
vt 0.703125 0.911133
vt 0.70459 0.910156
vt 0.708984 0.904297
vt 0.665039 0.929199
vt 0.668457 0.935059
vt 0.669434 0.935547
vt 0.668945 0.936035
vt 0.664063 0.930664
vt 0.669922 0.928223
vt 0.669922 0.937012
vt 0.671387 0.936035
vt 0.675781 0.930176
vt 0.130737 0.231079
vt 0.129517 0.240723
vt 0.131348 0.232422
vt 0.134033 0.232056
vt 0.13855 0.247681
vt 0.143921 0.243164
vt 0.148193 0.25
vt 0.154297 0.258301
vt 0.132324 0.255371
vt 0.132202 0.265381
vt 0.132568 0.260986
vt 0.160156 0.272705
vt 0.157837 0.263916
vt 0.97168 0.214722
vt 0.984375 0.212036
vt 0.986328 0.218018
vt 0.161621 0.281738
vt 0.135254 0.28125
vt 0.13269 0.272217
vt 0.138672 0.290527
vt 0.207764 0.325928
vt 0.21106 0.320068
vt 0.200928 0.329834
vt 0.206055 0.329834
vt 0.662109 0.261475
vt 0.686035 0.223145
vt 0.662109 0.26123
vt 0.663086 0.244751
vt 0.194336 0.362793
vt 0.321289 0.41333
vt 0.187256 0.36084
vt 0.20752 0.365723
vt 0.222778 0.368652
vt 0.964844 0.172729
vt 0.23999 0.371826
vt 0.257568 0.375244
vt 0.274414 0.378418
vt 0.936523 0.167603
vt 0.960449 0.208252
vt 0.95459 0.203491
vt 0.936035 0.179443
vt 0.938965 0.189209
vt 0.939453 0.186035
vt 0.958008 0.162354
vt 0.946289 0.158447
vt 0.952637 0.154541
vt 0.940918 0.162964
vt 0.666016 0.217896
vt 0.930664 0.172729
vt 0.937988 0.189819
vt 0.918945 0.173584
vt 0.924316 0.172607
vt 0.898926 0.175171
vt 0.904785 0.197144
vt 0.893555 0.172729
vt 0.669922 0.178345
vt 0.696777 0.198242
vt 0.690918 0.154419
vt 0.684082 0.154053
vt 0.431885 0.415771
vt 0.397461 0.408447
vt 0.362305 0.400635
vt 0.344971 0.396484
vt 0.328613 0.391846
vt 0.317139 0.388428
vt 0.871582 0.187622
vt 0.873535 0.18689
vt 0.868164 0.182983
vt 0.30542 0.383057
vt 0.645508 0.200928
vt 0.66748 0.177368
vt 0.669434 0.170044
vt 0.286133 0.380371
vt 0.293213 0.381104
vt 0.665527 0.146729
vt 0.868652 0.185303
vt 0.036377 0.281982
vt 0.041809 0.275879
vt 0.040588 0.280029
vt 0.630371 0.186279
vt 0.647949 0.14917
vt 0.042603 0.272217
vt 0.04364 0.268799
vt 0.873047 0.17627
vt 0.676758 0.15332
vt 0.671387 0.14978
vt 0.658691 0.143555
vt 0.024002 0.277832
vt 0.022049 0.278809
vt 0.022629 0.275879
vt 0.650879 0.139771
vt 0.019684 0.2771
vt 0.021378 0.278564
vt 0.017807 0.276123
vt 0.0168 0.270996
vt 0.017868 0.269287
vt 0.01564 0.275635
vt 0.014587 0.272949
vt 0.874023 0.165039
vt 0.87793 0.168823
vt 0.026382 0.277588
vt 0.018921 0.266357
vt 0.021744 0.259766
vt 0.020157 0.262939
vt 0.032715 0.241821
vt 0.028931 0.278076
vt 0.046753 0.260742
vt 0.045654 0.265137
vt 0.049469 0.254639
vt 0.048096 0.257324
vt 0.099426 0.211914
vt 0.054749 0.250732
vt 0.06488 0.245239
vt 0.059479 0.248047
vt 0.720703 0.154663
vt 0.746582 0.25415
vt 0.744141 0.215332
vt 0.713379 0.156616
vt 0.71582 0.208252
vt 0.710938 0.187988
vt 0.707031 0.168823
vt 0.709473 0.178955
vt 0.727539 0.154297
vt 0.739746 0.172607
vt 0.737305 0.155518
vt 0.733398 0.154785
vt 0.738281 0.154907
vt 0.73877 0.163818
vt 0.741699 0.162354
vt 0.745117 0.1698
vt 0.740723 0.152832
vt 0.745117 0.149048
vt 0.027695 0.249023
vt 0.024765 0.25415
vt 0.026062 0.251709
vt 0.023331 0.25708
vt 0.757813 0.141968
vt 0.020523 0.860352
vt 0.184082 0.866699
vt 0.020523 0.840332
vt 0.020523 0.850098
vt 0.020523 0.819336
vt 0.020523 0.830078
vt 0.186401 0.788574
vt 0.697266 0.845215
vt 0.691406 0.839355
vt 0.728027 0.866699
vt 0.729492 0.858887
vt 0.733398 0.86084
vt 0.726074 0.867676
vt 0.72168 0.858887
vt 0.864258 0.156128
vt 0.724121 0.866699
vt 0.718262 0.86084
vt 0.754883 0.888184
vt 0.749023 0.880371
vt 0.760254 0.882324
vt 0.753418 0.88916
vt 0.85791 0.151367
vt 0.751465 0.888184
vt 0.745605 0.882324
vt 0.782227 0.909668
vt 0.78418 0.901855
vt 0.787109 0.903809
vt 0.780273 0.910645
vt 0.776367 0.901855
vt 0.778809 0.909668
vt 0.773438 0.903809
vt 0.700684 0.82373
vt 0.696777 0.814941
vt 0.706055 0.817383
vt 0.69873 0.824219
vt 0.697266 0.82373
vt 0.691406 0.817871
vt 0.728027 0.845215
vt 0.728027 0.836914
vt 0.733398 0.838867
vt 0.726074 0.845703
vt 0.008148 0.172607
vt 0.017761 0.164673
vt 0.010651 0.173584
vt 0.720215 0.837891
vt 0.724609 0.845215
vt 0.71875 0.839355
vt 0.754883 0.866699
vt 0.756836 0.858887
vt 0.760254 0.86084
vt 0.75293 0.867676
vt 0.749023 0.858887
vt 0.751465 0.866699
vt 0.745605 0.86084
vt 0.781738 0.888184
vt 0.782227 0.879883
vt 0.787109 0.882324
vt 0.780273 0.88916
vt 0.946289 0.268066
vt 0.946289 0.268311
vt 0.945801 0.25293
vt 0.924805 0.23584
vt 0.773926 0.881348
vt 0.77832 0.888672
vt 0.772461 0.882812
vt 0.809082 0.910156
vt 0.8125 0.902832
vt 0.814453 0.903809
vt 0.807129 0.911133
vt 0.944336 0.230469
vt 0.803223 0.901855
vt 0.805176 0.910156
vt 0.799805 0.904297
vt 0.728027 0.823242
vt 0.728027 0.81543
vt 0.733398 0.817383
vt 0.726074 0.824219
vt 0.720215 0.816406
vt 0.724121 0.823242
vt 0.71875 0.817871
vt 0.754883 0.845215
vt 0.754883 0.836914
vt 0.760254 0.838867
vt 0.936523 0.194458
vt 0.75293 0.845703
vt 0.914063 0.213135
vt 0.910156 0.19458
vt 0.751465 0.845215
vt 0.74707 0.837891
vt 0.745605 0.839355
vt 0.781738 0.866699
vt 0.782227 0.858398
vt 0.787109 0.86084
vt 0.780273 0.867676
vt 0.77832 0.866699
vt 0.893555 0.172729
vt 0.88623 0.170654
vt 0.862305 0.224487
vt 0.898926 0.175171
vt 0.773926 0.859863
vt 0.772461 0.86084
vt 0.809082 0.888184
vt 0.809082 0.879883
vt 0.814453 0.882324
vt 0.807129 0.88916
vt 0.80127 0.881348
vt 0.805176 0.888672
vt 0.799805 0.882812
vt 0.754883 0.823242
vt 0.754883 0.81543
vt 0.760254 0.817383
vt 0.75293 0.824219
vt 0.863281 0.256104
vt 0.895996 0.222412
vt 0.751465 0.823242
vt 0.745605 0.817871
vt 0.781738 0.845215
vt 0.782227 0.836914
vt 0.787109 0.838867
vt 0.780273 0.845703
vt 0.819336 0.221558
vt 0.819824 0.221069
vt 0.82959 0.189819
vt 0.834961 0.208374
vt 0.873535 0.18689
vt 0.871582 0.187622
vt 0.77832 0.845215
vt 0.772461 0.839355
vt 0.809082 0.866699
vt 0.809082 0.858398
vt 0.814453 0.86084
vt 0.807129 0.867676
vt 0.874023 0.165039
vt 0.869629 0.161011
vt 0.864258 0.156128
vt 0.85791 0.151367
vt 0.805176 0.866699
vt 0.799805 0.86084
vt 0.781738 0.823242
vt 0.783691 0.81543
vt 0.787109 0.817383
vt 0.780273 0.824219
vt 0.637207 0.210083
vt 0.621582 0.216431
vt 0.775879 0.81543
vt 0.77832 0.823242
vt 0.772461 0.817871
vt 0.809082 0.845215
vt 0.809082 0.836914
vt 0.814453 0.838867
vt 0.807129 0.846191
vt 0.805176 0.845215
vt 0.799805 0.839355
vt 0.628906 0.925781
vt 0.630371 0.92041
vt 0.632813 0.921875
vt 0.62793 0.92627
vt 0.625 0.92041
vt 0.315918 0.342773
vt 0.313477 0.325195
vt 0.338867 0.325195
vt 0.626953 0.925781
vt 0.623047 0.921875
vt 0.314453 0.354248
vt 0.314453 0.351318
vt 0.317383 0.354248
vt 0.322754 0.351562
vt 0.350098 0.354004
vt 0.587891 0.238159
vt 0.625977 0.260986
vt 0.611816 0.25
vt 0.655273 0.282471
vt 0.57959 0.231934
vt 0.71875 0.332031
vt 0.701172 0.312256
vt 0.730469 0.344482
vt 0.755371 0.370361
vt 0.82373 0.440186
vt 0.78125 0.395508
vt 0.793457 0.406982
vt 0.802734 0.414795
vt 0.014847 0.174316
vt 0.008148 0.172607
vt 0.010651 0.173584
vt 0.005726 0.171143
vt 0.826172 0.437012
vt 0.821777 0.431396
vt 0.833984 0.446289
vt 0.843262 0.461914
vt 0.845215 0.458984
vt 0.855469 0.475098
vt 0.857422 0.472168
vt 0.869141 0.485107
vt 0.879883 0.496338
vt 0.889648 0.505371
vt 0.897949 0.518066
vt 0.895508 0.510254
vt 0.72998 0.944824
vt 0.729004 0.95166
vt 0.724121 0.947266
vt 0.72998 0.952148
vt 0.731445 0.951172
vt 0.734375 0.945801
vt 0.73584 0.946777
vt 0.805664 0.92334
vt 0.805664 0.931152
vt 0.800293 0.925781
vt 0.807617 0.932129
vt 0.811035 0.923828
vt 0.809082 0.931152
vt 0.814453 0.925293
vt 0.801758 0.945801
vt 0.805664 0.953125
vt 0.800293 0.947266
vt 0.807617 0.954102
vt 0.855469 0.475098
vt 0.889648 0.505371
vt 0.89502 0.521484
vt 0.879883 0.496338
vt 0.869141 0.485107
vt 0.82373 0.440186
vt 0.843262 0.461914
vt 0.857422 0.472168
vt 0.845215 0.458984
vt 0.833984 0.446289
vt 0.826172 0.437012
vt 0.821777 0.431396
vt 0.809082 0.944824
vt 0.802734 0.414795
vt 0.793457 0.406982
vt 0.78125 0.395508
vt 0.768066 0.383057
vt 0.69873 0.316895
vt 0.742676 0.357666
vt 0.71875 0.332031
vt 0.80957 0.953125
vt 0.814453 0.946777
vt 0.633301 0.833008
vt 0.628418 0.838867
vt 0.626953 0.831543
vt 0.626953 0.839844
vt 0.625488 0.838867
vt 0.620605 0.833008
vt 0.686523 0.902344
vt 0.692871 0.89502
vt 0.687988 0.901367
vt 0.689453 0.893555
vt 0.669922 0.292969
vt 0.655273 0.282471
vt 0.683105 0.893555
vt 0.685059 0.901367
vt 0.589355 0.233398
vt 0.599609 0.240845
vt 0.680176 0.89502
vt 0.648926 0.867187
vt 0.654785 0.859863
vt 0.649902 0.865723
vt 0.651855 0.858398
vt 0.645508 0.858398
vt 0.647461 0.865723
vt 0.642578 0.859863
vt 0.65625 0.87207
vt 0.658691 0.879883
vt 0.65332 0.874023
vt 0.659668 0.880859
vt 0.661133 0.879883
vt 0.665527 0.873535
vt 0.635254 0.899902
vt 0.630859 0.90625
vt 0.632324 0.898437
vt 0.628906 0.196289
vt 0.620117 0.222046
vt 0.629395 0.907227
vt 0.624512 0.899414
vt 0.62793 0.90625
vt 0.623047 0.899902
vt 0.740723 0.967285
vt 0.746582 0.959961
vt 0.742188 0.966309
vt 0.743652 0.958496
vt 0.544434 0.214111
vt 0.574707 0.2229
vt 0.57959 0.231934
vt 0.462646 0.17627
vt 0.512207 0.198975
vt 0.479736 0.183472
vt 0.407715 0.150635
vt 0.445557 0.169556
vt 0.429199 0.162231
vt 0.416016 0.154419
vt 0.388184 0.144409
vt 0.396729 0.144897
vt 0.737305 0.958496
vt 0.739258 0.966309
vt 0.734375 0.959961
vt 0.654297 0.924316
vt 0.649414 0.930664
vt 0.651367 0.922852
vt 0.647949 0.931641
vt 0.64502 0.922852
vt 0.646484 0.930664
vt 0.641602 0.924316
vt 0.600586 0.816895
vt 0.595703 0.822754
vt 0.597656 0.814941
vt 0.594238 0.82373
vt 0.591309 0.81543
vt 0.592773 0.822754
vt 0.587891 0.816895
vt 0.673828 0.889648
vt 0.668945 0.895508
vt 0.670898 0.888184
vt 0.66748 0.896484
vt 0.664551 0.888184
vt 0.666504 0.895508
vt 0.661621 0.889648
vt 0.757813 0.973633
vt 0.75293 0.979492
vt 0.75293 0.972168
vt 0.751465 0.980469
vt 0.75 0.979492
vt 0.745117 0.973633
vt 0.669922 0.958496
vt 0.675781 0.951172
vt 0.671387 0.95752
vt 0.672852 0.950195
vt 0.666992 0.950195
vt 0.668457 0.95752
vt 0.663574 0.951172
vt 0.633301 0.854492
vt 0.628418 0.860352
vt 0.629883 0.853027
vt 0.626953 0.861328
vt 0.624023 0.853027
vt 0.625488 0.860352
vt 0.620605 0.854492
vt 0.695313 0.916504
vt 0.69043 0.922852
vt 0.688965 0.915039
vt 0.689453 0.923828
vt 0.687988 0.922852
vt 0.683105 0.916504
vt 0.608887 0.83252
vt 0.604004 0.838867
vt 0.605957 0.831543
vt 0.602539 0.839844
vt 0.599609 0.831543
vt 0.601074 0.838867
vt 0.596191 0.833008
vt 0.705566 0.932129
vt 0.711426 0.924316
vt 0.707031 0.931152
vt 0.709961 0.92334
vt 0.702637 0.92334
vt 0.704102 0.931152
vt 0.699219 0.924805
vt 0.669922 0.915039
vt 0.675781 0.908203
vt 0.670898 0.914063
vt 0.672852 0.906738
vt 0.666504 0.906738
vt 0.668457 0.914063
vt 0.663574 0.908203
vt 0.700195 0.888672
vt 0.706055 0.881348
vt 0.70166 0.887695
vt 0.703125 0.879883
vt 0.729004 0.102844
vt 0.707031 0.026978
vt 0.703613 0.026138
vt 0.697266 0.879883
vt 0.69873 0.887695
vt 0.693848 0.881348
vt 0.733398 0.902832
vt 0.728516 0.910156
vt 0.72998 0.901855
vt 0.727051 0.911621
vt 0.723633 0.901855
vt 0.725586 0.910156
vt 0.720215 0.902832
vt 0.706055 0.945313
vt 0.708008 0.952637
vt 0.703613 0.946777
vt 0.709473 0.953613
vt 0.711426 0.945313
vt 0.710449 0.952637
vt 0.714355 0.946289
vt 0.707031 0.026978
vt 0.13623 0.904785
vt 0.139526 0.905273
vt 0.138916 0.905762
vt 0.135376 0.919434
vt 0.119751 0.913574
vt 0.130493 0.90625
vt 0.140259 0.908203
vt 0.124756 0.909668
vt 0.115601 0.916016
vt 0.112061 0.916992
vt 0.107422 0.920898
vt 0.102295 0.928223
vt 0.09845 0.935547
vt 0.118408 0.952148
vt 0.13269 0.928223
vt 0.129883 0.9375
vt 0.132324 0.931641
vt 0.22583 0.839355
vt 0.235352 0.841309
vt 0.213867 0.843262
vt 0.078674 0.992676
vt 0.560059 0.921875
vt 0.286133 0.830566
vt 0.273926 0.856445
vt 0.260498 0.867187
vt 0.260498 0.871582
vt 0.831055 0.323486
vt 0.806152 0.335693
vt 0.831543 0.282227
vt 0.840332 0.282227
vt 0.184448 0.92041
vt 0.255859 0.872559
vt 0.177124 0.891602
vt 0.862305 0.977539
vt 0.875 0.981934
vt 0.876465 0.979492
vt 0.780273 0.282227
vt 0.811035 0.282227
vt 0.788574 0.321045
vt 0.854004 0.970703
vt 0.856445 0.97168
vt 0.866211 0.961426
vt 0.851563 0.966797
vt 0.847656 0.968262
vt 0.850586 0.97168
vt 0.850098 0.969727
vt 0.849609 0.970703
vt 0.234497 0.71875
vt 0.233643 0.712402
vt 0.242065 0.601074
vt 0.434326 0.804687
vt 0.880371 0.973633
vt 0.883789 0.967773
vt 0.878418 0.976563
vt 0.882324 0.970703
vt 0.474854 0.043671
vt 0.311523 0.10321
vt 0.700195 0.10321
vt 0.519531 0.02684
vt 0.427246 0.064819
vt 0.507813 0.783691
vt 0.273926 0.856445
vt 0.477295 0.820312
vt 0.466797 0.816406
vt 0.456055 0.8125
vt 0.862305 0.977539
vt 0.868164 0.978027
vt 0.863281 0.979492
vt 0.854004 0.970703
vt 0.852051 0.970703
vt 0.850098 0.969727
vt 0.850586 0.97168
vt 0.866211 0.959961
vt 0.856445 0.97168
vt 0.878418 0.976563
vt 0.875488 0.961426
vt 0.880371 0.973633
vt 0.882324 0.970703
vt 0.883789 0.967773
vt 0.885742 0.965332
vt 0.887695 0.962402
vt 0.890137 0.958984
vt 0.487793 0.824707
vt 0.508301 0.833008
vt 0.519043 0.837891
vt 0.958496 0.933594
vt 0.956055 0.929688
vt 0.960449 0.93457
vt 0.394531 0.150879
vt 0.402832 0.14856
vt 0.388184 0.144409
vt 0.407715 0.150635
vt 0.571289 0.865234
vt 0.410889 0.151733
vt 0.416016 0.154419
vt 0.429199 0.162231
vt 0.445557 0.169556
vt 0.496094 0.191162
vt 0.462646 0.17627
vt 0.479736 0.183472
vt 0.544434 0.214111
vt 0.512207 0.198975
vt 0.560059 0.21936
vt 0.243164 0.775391
vt 0.750977 0.581543
vt 0.762207 0.585937
vt 0.620117 0.10321
vt 0.020523 0.702148
vt 0.020523 0.732422
vt 0.020523 0.755859
vt 0.283447 0.772461
vt 0.221436 0.777344
vt 0.117188 0.655273
vt 0.217896 0.702637
vt 0.023743 0.383301
vt 0.434326 0.804687
vt 0.519043 0.837891
vt 0.477295 0.820312
vt 0.508301 0.833008
vt 0.466797 0.816406
vt 0.445313 0.808594
vt 0.487793 0.824707
vt 0.283447 0.772461
vt 0.279053 0.774414
vt 0.267334 0.768066
vt 0.020523 0.808594
vt 0.186401 0.788574
vt 0.020523 0.819336
vt 0.020523 0.840332
vt 0.020523 0.850098
vt 0.020523 0.797852
vt 0.020523 0.785645
vt 0.020523 0.770508
vt 0.194458 0.76416
vt 0.217896 0.702637
vt 0.194458 0.76416
vt 0.020523 0.755859
vt 0.020523 0.743652
vt 0.020523 0.732422
vt 0.020523 0.712402
vt 0.020523 0.722168
vt 0.729004 0.95166
vt 0.727051 0.945313
vt 0.724121 0.947266
vt 0.72998 0.952148
vt 0.73291 0.945313
vt 0.731445 0.951172
vt 0.73584 0.946777
vt 0.805664 0.931152
vt 0.801758 0.924316
vt 0.800293 0.925781
vt 0.807617 0.932129
vt 0.809082 0.92334
vt 0.809082 0.931152
vt 0.814453 0.925293
vt 0.806152 0.335693
vt 0.788574 0.321045
vt 0.804199 0.337891
vt 0.831055 0.323486
vt 0.807617 0.338379
vt 0.805664 0.953125
vt 0.803711 0.945313
vt 0.800293 0.947266
vt 0.807617 0.954102
vt 0.811035 0.945313
vt 0.093689 0.969238
vt 0.078674 0.964844
vt 0.078674 0.992676
vt 0.070923 0.992676
vt 0.80957 0.953125
vt 0.814453 0.946777
vt 0.628418 0.838867
vt 0.633301 0.833008
vt 0.628418 0.831543
vt 0.626953 0.839844
vt 0.132324 0.931641
vt 0.118408 0.952148
vt 0.124512 0.944824
vt 0.129883 0.9375
vt 0.623535 0.831543
vt 0.08667 0.955078
vt 0.095886 0.961914
vt 0.13269 0.928223
vt 0.13623 0.904785
vt 0.133667 0.923828
vt 0.139526 0.905273
vt 0.138916 0.905762
vt 0.138184 0.913574
vt 0.124756 0.909668
vt 0.119751 0.913574
vt 0.112061 0.916992
vt 0.107422 0.920898
vt 0.102295 0.928223
vt 0.091858 0.936523
vt 0.093933 0.942383
vt 0.09082 0.925781
vt 0.625488 0.838867
vt 0.620605 0.833008
vt 0.687988 0.901367
vt 0.692871 0.89502
vt 0.691406 0.894043
vt 0.078674 0.95459
vt 0.091675 0.906738
vt 0.069153 0.897949
vt 0.090149 0.900391
vt 0.086975 0.894043
vt 0.085938 0.88916
vt 0.076843 0.874023
vt 0.083252 0.879395
vt 0.0849 0.884766
vt 0.078674 0.872559
vt 0.071777 0.889648
vt 0.074463 0.878906
vt 0.07074 0.894043
vt 0.067139 0.900879
vt 0.065491 0.906738
vt 0.065063 0.916016
vt 0.063354 0.936523
vt 0.686523 0.902344
vt 0.058807 0.942871
vt 0.06842 0.95459
vt 0.061737 0.944336
vt 0.064514 0.992676
vt 0.057892 0.98584
vt 0.681641 0.894043
vt 0.055664 0.972168
vt 0.057098 0.979004
vt 0.685059 0.901367
vt 0.680176 0.89502
vt 0.047943 0.932129
vt 0.058441 0.961914
vt 0.053589 0.938477
vt 0.04599 0.959473
vt 0.039642 0.95166
vt 0.033539 0.945801
vt 0.037445 0.922852
vt 0.042236 0.925781
vt 0.025116 0.93457
vt 0.027939 0.939453
vt 0.023102 0.928223
vt 0.017822 0.92041
vt 0.02066 0.924316
vt 0.028793 0.91748
vt 0.032379 0.919922
vt 0.024673 0.914551
vt 0.015137 0.916504
vt 0.012772 0.910645
vt 0.01487 0.910156
vt 0.708984 0.944824
vt 0.710449 0.952637
vt 0.714355 0.946289
vt 0.709473 0.953613
vt 0.70459 0.945801
vt 0.708008 0.952637
vt 0.703613 0.946777
vt 0.725586 0.910156
vt 0.723633 0.901855
vt 0.720215 0.902832
vt 0.727051 0.911621
vt 0.72998 0.901855
vt 0.733398 0.902832
vt 0.728516 0.910156
vt 0.69873 0.887695
vt 0.697266 0.879883
vt 0.693848 0.881348
vt 0.700195 0.888672
vt 0.70459 0.880371
vt 0.70166 0.887695
vt 0.706055 0.881348
vt 0.668457 0.914063
vt 0.666504 0.906738
vt 0.663574 0.908203
vt 0.669922 0.915039
vt 0.672852 0.906738
vt 0.675781 0.908203
vt 0.670898 0.914063
vt 0.704102 0.931152
vt 0.705566 0.92334
vt 0.699219 0.924805
vt 0.705566 0.932129
vt 0.707031 0.931152
vt 0.711426 0.924316
vt 0.601074 0.838867
vt 0.599609 0.831543
vt 0.596191 0.833008
vt 0.602539 0.839844
vt 0.605957 0.831543
vt 0.608887 0.83252
vt 0.604004 0.838867
vt 0.687988 0.922852
vt 0.686035 0.915527
vt 0.683105 0.916504
vt 0.689453 0.923828
vt 0.692383 0.915039
vt 0.695313 0.916504
vt 0.69043 0.922852
vt 0.625488 0.860352
vt 0.624023 0.853027
vt 0.620605 0.854492
vt 0.626953 0.861328
vt 0.629883 0.853027
vt 0.633301 0.854492
vt 0.628418 0.860352
vt 0.668457 0.95752
vt 0.666992 0.950195
vt 0.663574 0.951172
vt 0.669922 0.958496
vt 0.674316 0.950195
vt 0.675781 0.951172
vt 0.671387 0.95752
vt 0.75 0.979492
vt 0.748047 0.972168
vt 0.745117 0.973633
vt 0.751465 0.980469
vt 0.754395 0.972168
vt 0.75293 0.979492
vt 0.757813 0.973633
vt 0.666504 0.895508
vt 0.664551 0.888184
vt 0.661621 0.889648
vt 0.66748 0.896484
vt 0.672363 0.888672
vt 0.668945 0.895508
vt 0.673828 0.889648
vt 0.592773 0.822754
vt 0.591309 0.81543
vt 0.587891 0.816895
vt 0.594238 0.82373
vt 0.599121 0.81543
vt 0.595703 0.822754
vt 0.600586 0.816895
vt 0.646484 0.930664
vt 0.647949 0.922852
vt 0.641602 0.924316
vt 0.647949 0.931641
vt 0.649414 0.930664
vt 0.654297 0.924316
vt 0.739258 0.966309
vt 0.742188 0.958496
vt 0.734375 0.959961
vt 0.740723 0.967285
vt 0.742188 0.966309
vt 0.746582 0.959961
vt 0.62793 0.90625
vt 0.630859 0.898437
vt 0.623047 0.899902
vt 0.629395 0.907227
vt 0.635254 0.899902
vt 0.630859 0.90625
vt 0.664063 0.873047
vt 0.661133 0.879883
vt 0.665527 0.873535
vt 0.659668 0.880859
vt 0.654785 0.873047
vt 0.658691 0.879883
vt 0.65332 0.874023
vt 0.647461 0.865723
vt 0.648438 0.858398
vt 0.642578 0.859863
vt 0.648926 0.867187
vt 0.649902 0.865723
vt 0.654785 0.859863
vt 0.706055 0.838867
vt 0.052551 0.96582
vt 0.839355 0.958496
vt 0.838867 0.955566
vt 0.837402 0.956543
vt 0.84082 0.959961
vt 0.842285 0.955566
vt 0.064209 0.92627
vt 0.091675 0.916016
vt 0.095154 0.942383
vt 0.09845 0.935547
vt 0.112671 0.959961
vt 0.101929 0.965332
vt 0.107849 0.967285
vt 0.099976 0.97168
vt 0.086731 0.992676
vt 0.106323 0.973144
vt 0.094055 0.992676
vt 0.105225 0.981445
vt 0.100586 0.992676
vt 0.105103 0.988281
vt 0.788086 0.282227
vt 0.796875 0.282227
vt 0.811035 0.282227
vt 0.817383 0.282227
vt 0.831543 0.282227
vt 0.82373 0.282227
vt 0.840332 0.282227
vt 0.848633 0.282227
vt 0.864258 0.938965
vt 0.86377 0.939941
vt 0.865234 0.935547
vt 0.866211 0.930664
vt 0.865234 0.913086
vt 0.865234 0.905762
vt 0.865723 0.897461
vt 0.867676 0.888672
vt 0.871582 0.879883
vt 0.824219 0.71582
vt 0.795898 0.732422
vt 0.801758 0.737305
vt 0.810059 0.740234
vt 0.583984 0.466309
vt 0.557129 0.462891
vt 0.580566 0.476074
vt 0.587891 0.477295
vt 0.592773 0.477539
vt 0.59082 0.479492
vt 0.592773 0.47998
vt 0.594238 0.467285
vt 0.591797 0.482666
vt 0.584473 0.488037
vt 0.223145 0.296875
vt 0.21875 0.306396
vt 0.213867 0.314697
vt 0.187866 0.305908
vt 0.18457 0.329834
vt 0.164795 0.274414
vt 0.165039 0.287598
vt 0.164917 0.298096
vt 0.234497 0.71875
vt 0.27832 0.771973
vt 0.952637 0.154541
vt 0.930664 0.172729
vt 0.937988 0.189819
vt 0.163818 0.290771
vt 0.956055 0.929688
vt 0.958496 0.933594
vt 0.957031 0.932129
vt 0.949219 0.925293
vt 0.970703 0.84375
vt 0.943848 0.92334
vt 0.145996 0.30957
vt 0.157227 0.329834
vt 0.152954 0.32373
vt 0.213867 0.314697
vt 0.893555 0.938477
vt 0.064209 0.92627
vt 0.887695 0.962402
vt 0.875488 0.961426
vt 0.873047 0.958008
vt 0.707031 0.168823
vt 0.684082 0.154053
vt 0.674805 0.163086
vt 0.677246 0.153442
vt 0.650879 0.139771
vt 0.219849 0.760742
vt 0.184448 0.92041
vt 0.197266 0.877441
vt 0.038391 0.283203
vt 0.040955 0.283447
vt 0.033966 0.280518
vt 0.014587 0.272949
vt 0.013527 0.275391
vt 0.957031 0.932129
vt 0.048096 0.257324
vt 0.049469 0.254639
vt 0.943848 0.92334
vt 0.9375 0.921875
vt 0.029663 0.245483
vt 0.032715 0.241821
vt 0.037018 0.23877
vt 0.89209 0.943848
vt 0.893555 0.938477
vt 0.051208 0.253174
vt 0.070496 0.24231
vt 0.076294 0.239136
vt 0.871094 0.95752
vt 0.868652 0.958984
vt 0.082336 0.235596
vt 0.867676 0.962891
vt 0.866211 0.961426
vt 0.873047 0.963379
vt 0.858887 0.973633
vt 0.095215 0.225952
vt 0.088867 0.231445
vt 0.89209 0.94873
vt 0.891602 0.954102
vt 0.849121 0.972168
vt 0.848145 0.97168
vt 0.847656 0.970215
vt 0.86084 0.975098
vt 0.866211 0.979492
vt 0.86377 0.980957
vt 0.866211 0.982422
vt 0.868164 0.984375
vt 0.875 0.981934
vt 0.874023 0.983398
vt 0.869629 0.98584
vt 0.873047 0.986328
vt 0.87207 0.988769
vt 0.245117 0.844727
vt 0.310303 0.551758
vt 0.305176 0.55957
vt 0.128418 0.432373
vt 0.316406 0.562012
vt 0.312012 0.572754
vt 0.313232 0.5625
vt 0.310303 0.558105
vt 0.31665 0.543457
vt 0.908691 0.196899
vt 0.928223 0.554687
vt 0.917969 0.540039
vt 0.90918 0.526367
vt 0.904785 0.519043
vt 0.995117 0.656738
vt 0.994629 0.657227
vt 0.995605 0.657227
vt 0.996582 0.656738
vt 0.839355 0.958496
vt 0.838867 0.955566
vt 0.842285 0.955566
vt 0.84082 0.959961
vt 0.846191 0.961914
vt 0.841797 0.962402
vt 0.842773 0.964355
vt 0.841309 0.964844
vt 0.330322 0.59082
vt 0.306152 0.570312
vt 0.844238 0.96582
vt 0.873047 0.963379
vt 0.864258 0.938965
vt 0.86377 0.939941
vt 0.865234 0.935547
vt 0.844238 0.96582
vt 0.841797 0.962402
vt 0.841797 0.96582
vt 0.865234 0.913086
vt 0.876953 0.892578
vt 0.865234 0.905762
vt 0.865723 0.897461
vt 0.867676 0.888672
vt 0.871582 0.879883
vt 0.852051 0.970703
vt 0.817383 0.282227
vt 0.82373 0.282227
vt 0.796875 0.282227
vt 0.858887 0.973633
vt 0.86084 0.975098
vt 0.868164 0.984375
vt 0.869629 0.98584
vt 0.87207 0.988769
vt 0.873047 0.986328
vt 0.18457 0.329834
vt 0.100586 0.992676
vt 0.105103 0.988281
vt 0.105713 0.992676
vt 0.105225 0.981445
vt 0.106323 0.973144
vt 0.094055 0.992676
vt 0.086731 0.992676
vt 0.275635 0.84082
vt 0.271973 0.844238
vt 0.257568 0.852539
vt 0.070923 0.992676
vt 0.232544 0.849609
vt 0.312012 0.572754
vt 0.316406 0.562012
vt 0.313232 0.5625
vt 0.306152 0.570312
vt 0.310303 0.558105
vt 0.305176 0.55957
vt 0.310303 0.551758
vt 0.810059 0.740234
vt 0.801758 0.737305
vt 0.963379 0.67041
vt 0.920898 0.800781
vt 0.871582 0.873535
vt 0.592773 0.47998
vt 0.592773 0.477539
vt 0.594238 0.467285
vt 0.591309 0.476318
vt 0.587891 0.477295
vt 0.59082 0.479492
vt 0.583984 0.471436
vt 0.347412 0.604004
vt 0.338867 0.597656
vt 0.590332 0.485352
vt 0.587402 0.487305
vt 0.584473 0.488037
vt 0.047485 0.222534
vt 0.04715 0.227905
vt 0.043091 0.204224
vt 0.01619 0.346191
vt 0.039764 0.358643
vt 0.026092 0.354736
vt 0.017319 0.352051
vt 0.012993 0.35083
vt 0.011513 0.349609
vt 0.011597 0.350098
vt 0.011536 0.347656
vt 0.026474 0.346191
vt 0.04306 0.347168
vt 0.163818 0.290771
vt 0.142578 0.300537
vt 0.148804 0.315674
vt 0.145996 0.30957
vt 0.163086 0.329834
vt 0.157227 0.329834
vt 0.152954 0.32373
vt 0.17688 0.329834
vt 0.151245 0.356445
vt 0.115295 0.353516
vt 0.133301 0.35498
vt 0.167358 0.357422
vt 0.175537 0.35791
vt 0.181519 0.358887
vt 0.932617 0.171875
vt 0.913574 0.175781
vt 0.908691 0.178101
vt 0.011536 0.347656
vt 0.011513 0.349609
vt 0.012993 0.35083
vt 0.672363 0.171387
vt 0.702637 0.178223
vt 0.697266 0.156128
vt 0.167358 0.357422
vt 0.151245 0.356445
vt 0.175537 0.35791
vt 0.674805 0.163086
vt 0.038391 0.283203
vt 0.040955 0.283447
vt 0.039887 0.285156
vt 0.694824 0.30835
vt 0.031311 0.279053
vt 0.033966 0.280518
vt 0.813477 0.422119
vt 0.904785 0.519043
vt 0.900879 0.51416
vt 0.90918 0.526367
vt 0.917969 0.540039
vt 0.051208 0.253174
vt 0.070496 0.24231
vt 0.076294 0.239136
vt 0.082336 0.235596
vt 0.088867 0.231445
vt 0.095215 0.225952
vt 0.099915 0.218506
vt 0.900879 0.51416
vt 0.706055 0.159424
vt 0.981445 0.62793
vt 0.995605 0.657227
vt 0.970703 0.613281
vt 0.065002 0.202759
vt 0.991211 0.641602
vt 0.996582 0.650391
vt 0.997559 0.655762
vt 0.813477 0.422119
vt 0.995117 0.656738
vt 0.994629 0.657227
vt 0.989258 0.65332
vt 0.993164 0.656738
vt 0.01339 0.174683
vt 0.021912 0.178833
vt 0.017914 0.175781
vt 0.02655 0.182861
vt 0.041412 0.236206
vt 0.037018 0.23877
vt 0.031311 0.1875
vt 0.029663 0.245483
vt 0.766602 0.138672
vt 0.04715 0.227905
vt 0.047485 0.222534
vt 0.020523 0.808594
vt 0.020523 0.785645
vt 0.020523 0.797852
vt 0.020523 0.770508
vt 0.238037 0.173706
vt 0.26709 0.209595
vt 0.259521 0.19812
vt 0.02655 0.182861
vt 0.031311 0.1875
vt 0.021912 0.178833
vt 0.253906 0.192383
vt 0.24585 0.189819
vt 0.070129 0.114197
vt 0.110229 0.136353
vt 0.014847 0.174316
vt 0.01339 0.174683
vt 0.190918 0.085083
vt 0.879883 0.169678
vt 0.868164 0.182983
vt 0.868652 0.185303
vt 0.175537 0.020935
vt 0.232056 0.04834
vt 0.231567 0.053864
vt 0.230469 0.04068
vt 0.924316 0.172607
vt 0.918945 0.173584
vt 0.900391 0.202393
vt 0.232056 0.04834
vt 0.212769 0.098633
vt 0.231567 0.053864
vt 0.908691 0.178101
vt 0.904785 0.197144
vt 0.908691 0.196899
vt 0.204224 0.014709
vt 0.198608 0.010178
vt 0.215942 0.022964
vt 0.209839 0.018936
vt 0.222778 0.026047
vt 0.246338 0.072693
vt 0.238525 0.064331
vt 0.230347 0.033997
vt 0.231201 0.026978
vt 0.913574 0.175781
vt 0.233521 0.058197
vt 0.246338 0.072693
vt 0.238525 0.064331
vt 0.257568 0.082764
vt 0.1698 0.174927
vt 0.186401 0.172852
vt 0.15564 0.178711
vt 0.142212 0.183838
vt 0.238281 0.183838
vt 0.017914 0.175781
vt 0.035645 0.192749
vt 0.27417 0.223877
vt 0.307617 0.30542
vt 0.04538 0.210083
vt 0.046997 0.216309
vt 0.035645 0.192749
vt 0.046997 0.216309
vt 0.04538 0.210083
vt 0.045929 0.232422
vt 0.900391 0.585449
vt 0.885254 0.576172
vt 0.70459 0.159424
vt 0.959961 0.598633
vt 0.949219 0.583984
vt 0.938477 0.569336
vt 0.928223 0.554687
vt 0.204224 0.014709
vt 0.198608 0.010178
vt 0.209839 0.018936
vt 0.215942 0.022964
vt 0.230469 0.04068
vt 0.222778 0.026047
vt 0.230347 0.033997
vt 0.231201 0.026978
vt 0.895508 0.510254
vt 0.773438 0.513184
vt 0.783691 0.518555
vt 0.831543 0.544434
vt 0.819336 0.538086
vt 0.806641 0.530762
vt 0.842285 0.550293
vt 0.040283 0.285156
vt 0.852051 0.556152
vt 0.87207 0.567871
vt 0.677246 0.153442
vt 0.133301 0.35498
vt 0.026474 0.346191
vt 0.115295 0.353516
vt 0.097229 0.351807
vt 0.079224 0.350342
vt 0.010979 0.348633
vt 0.369141 0.140747
vt 0.351074 0.135864
vt 0.331055 0.12793
vt 0.351074 0.135864
vt 0.097229 0.351807
vt 0.079224 0.350342
vt 0.061157 0.348633
vt 0.105408 0.383545
vt 0.137695 0.399658
vt 0.121826 0.391357
vt 0.151733 0.406494
vt 0.16272 0.412109
vt 0.193115 0.428223
vt 0.182495 0.422119
vt 0.205078 0.435303
vt 0.217651 0.442383
vt 0.58252 0.486572
vt 0.322021 0.577637
vt 0.580566 0.476074
vt 0.624512 0.756348
vt 0.764648 0.644531
vt 0.310059 0.558105
vt 0.093933 0.942383
vt 0.313965 0.556152
vt 0.273438 0.853027
vt 0.547852 0.6875
vt 0.608398 0.734375
vt 0.567383 0.703125
vt 0.866211 0.982422
vt 0.863281 0.979492
vt 0.864258 0.981445
vt 0.672852 0.745117
vt 0.775391 0.729492
vt 0.759277 0.730469
vt 0.789063 0.729492
vt 0.795898 0.732422
vt 0.853516 0.796387
vt 0.864258 0.807617
vt 0.859863 0.810059
vt 0.864746 0.82373
vt 0.847656 0.970215
vt 0.848145 0.97168
vt 0.849121 0.972168
vt 0.841309 0.964844
vt 0.867676 0.962891
vt 0.322021 0.577637
vt 0.837402 0.956543
vt 0.989258 0.65332
vt 0.997559 0.655762
vt 0.996582 0.650391
vt 0.981445 0.62793
vt 0.970703 0.613281
vt 0.959961 0.598633
vt 0.949219 0.583984
vt 0.938477 0.569336
vt 0.310059 0.558105
vt 0.900391 0.585449
vt 0.916016 0.595215
vt 0.885254 0.576172
vt 0.852051 0.556152
vt 0.87207 0.567871
vt 0.842285 0.550293
vt 0.831543 0.544434
vt 0.819336 0.538086
vt 0.762207 0.507812
vt 0.773438 0.513184
vt 0.313477 0.325195
vt 0.307617 0.30542
vt 0.238281 0.183838
vt 0.24585 0.189819
vt 0.253906 0.192383
vt 0.231201 0.178589
vt 0.15564 0.178711
vt 0.1698 0.174927
vt 0.128906 0.190186
vt 0.142212 0.183838
vt 0.257568 0.852539
vt 0.273438 0.853027
vt 0.271973 0.844238
vt 0.899414 0.930176
vt 0.895508 0.934082
vt 0.904297 0.92627
vt 0.910645 0.92334
vt 0.369141 0.140747
vt 0.930664 0.921387
vt 0.949219 0.925293
vt 0.953125 0.927734
vt 0.955078 0.929688
vt 0.039887 0.285156
vt 0.040283 0.285156
vt 0.986328 0.707031
vt 0.98291 0.673828
vt 0.990234 0.674805
vt 0.976074 0.672852
vt 0.969727 0.671875
vt 0.952148 0.666016
vt 0.908691 0.668457
vt 0.946777 0.662109
vt 0.936035 0.65918
vt 0.941895 0.655273
vt 0.930664 0.661621
vt 0.915039 0.665039
vt 0.924316 0.664062
vt 0.884766 0.668457
vt 0.898438 0.669922
vt 0.793457 0.619141
vt 0.810059 0.632324
vt 0.779785 0.606445
vt 0.768066 0.591797
vt 0.020523 0.722168
vt 0.020523 0.712402
vt 0.020523 0.743652
vt 0.676758 0.15332
vt 0.918945 0.818359
vt 0.904297 0.92627
vt 0.899414 0.930176
vt 0.206055 0.329834
vt 0.910645 0.92334
vt 0.930664 0.921387
vt 0.923828 0.920898
vt 0.19397 0.83252
vt 0.197876 0.814453
vt 0.9375 0.921875
vt 0.953125 0.927734
vt 0.955078 0.929688
vt 0.190796 0.289551
vt 0.020523 0.830078
vt 0.919922 0.727051
vt 0.98291 0.673828
vt 0.976074 0.672852
vt 0.969727 0.671875
vt 0.963379 0.67041
vt 0.908691 0.668457
vt 0.924316 0.664062
vt 0.95752 0.668457
vt 0.952148 0.666016
vt 0.946777 0.662109
vt 0.936035 0.65918
vt 0.941895 0.655273
vt 0.915039 0.665039
vt 0.793457 0.619141
vt 0.810059 0.632324
vt 0.779785 0.606445
vt 0.768066 0.591797
vt 0.233643 0.712402
vt 0.57959 0.48584
vt 0.58252 0.486572
vt 0.181519 0.358887
vt 0.187256 0.36084
vt 0.121826 0.391357
vt 0.105408 0.383545
vt 0.137695 0.399658
vt 0.151733 0.406494
vt 0.172485 0.416992
vt 0.182495 0.422119
vt 0.193115 0.428223
vt 0.62793 0.76416
vt 0.636719 0.757324
vt 0.652832 0.75
vt 0.759277 0.730469
vt 0.775391 0.729492
vt 0.789063 0.729492
vt 0.864746 0.82373
vt 0.859863 0.810059
vt 0.871582 0.873535
vt 0.057342 0.992676
vt 0.284424 0.102356
vt 0.298828 0.111206
vt 0.270996 0.093018
vt 0.257568 0.082764
vt 0.233521 0.058197
vt 0.039795 0.198486
vt 0.193359 0.005196
vt 0.772949 0.282227
vt 0.788086 0.282227
vt 0.848633 0.282227
vt 0.772949 0.282227
vt 0.825684 0.64209
vt 0.840332 0.650879
vt 0.85498 0.658203
vt 0.869629 0.664062
vt 0.918945 0.663574
vt 0.95752 0.668457
vt 0.923828 0.920898
vt 0.916992 0.921875
vt 0.873047 0.958008
vt 0.876465 0.979492
vt 0.874023 0.983398
vt 0.26709 0.209595
vt 0.259521 0.19812
vt 0.314209 0.119812
vt 0.331055 0.12793
vt 0.270996 0.093018
vt 0.284424 0.102356
vt 0.298828 0.111206
vt 0.314209 0.119812
vt 0.478271 0.400635
vt 0.011597 0.350098
vt 0.017319 0.352051
vt 0.01619 0.346191
vt 0.026092 0.354736
vt 0.039764 0.358643
vt 0.061157 0.348633
vt 0.04306 0.347168
vt 0.056427 0.36377
vt 0.07312 0.369629
vt 0.089111 0.375977
vt 0.861328 0.561523
vt 0.794434 0.524414
vt 0.762207 0.507812
vt 0.75 0.501953
vt 0.736328 0.495605
vt 0.70459 0.480469
vt 0.720703 0.488281
vt 0.6875 0.4729
vt 0.67041 0.465088
vt 0.651855 0.457764
vt 0.632324 0.450195
vt 0.588379 0.435547
vt 0.537109 0.419189
vt 0.508301 0.4104
vt 0.448242 0.390381
vt 0.422363 0.381104
vt 0.39917 0.372559
vt 0.294434 0.270508
vt 0.982422 0.647949
vt 0.97168 0.638184
vt 0.958496 0.626953
vt 0.944824 0.615723
vt 0.931152 0.605469
vt 0.916016 0.595215
vt 0.375244 0.362793
vt 0.301025 0.286865
vt 0.287842 0.255127
vt 0.28125 0.239746
vt 0.231201 0.178589
vt 0.21936 0.174683
vt 0.203369 0.172607
vt 0.128906 0.190186
vt 0.116638 0.197388
vt 0.106262 0.20459
vt 0.039795 0.198486
vt 0.043091 0.204224
vt 0.013527 0.275391
vt 0.056427 0.36377
vt 0.07312 0.369629
vt 0.089111 0.375977
vt 0.172485 0.416992
vt 0.229858 0.449463
vt 0.250488 0.461426
vt 0.240356 0.455566
vt 0.260742 0.467773
vt 0.271973 0.475098
vt 0.299316 0.492432
vt 0.284912 0.483154
vt 0.314453 0.501953
vt 0.330078 0.512207
vt 0.345703 0.522949
vt 0.361816 0.534668
vt 0.378418 0.547363
vt 0.414307 0.57666
vt 0.455078 0.61084
vt 0.271973 0.475098
vt 0.477539 0.630371
vt 0.501953 0.650879
vt 0.526367 0.670898
vt 0.587891 0.718262
vt 0.691895 0.740723
vt 0.708984 0.737793
vt 0.725586 0.735352
vt 0.742188 0.73291
vt 0.817383 0.744629
vt 0.827148 0.75293
vt 0.836914 0.766113
vt 0.846191 0.78125
vt 0.872559 0.86377
vt 0.871094 0.851562
vt 0.868164 0.837891
vt 0.993164 0.656738
vt 0.982422 0.647949
vt 0.97168 0.638184
vt 0.958496 0.626953
vt 0.944824 0.615723
vt 0.991211 0.641602
vt 0.931152 0.605469
vt 0.861328 0.561523
vt 0.806641 0.530762
vt 0.794434 0.524414
vt 0.783691 0.518555
vt 0.75 0.501953
vt 0.736328 0.495605
vt 0.720703 0.488281
vt 0.70459 0.480469
vt 0.6875 0.4729
vt 0.67041 0.465088
vt 0.651855 0.457764
vt 0.632324 0.450195
vt 0.611328 0.442871
vt 0.563477 0.427246
vt 0.537109 0.419189
vt 0.508301 0.4104
vt 0.478271 0.400635
vt 0.448242 0.390381
vt 0.422363 0.381104
vt 0.39917 0.372559
vt 0.375244 0.362793
vt 0.350098 0.354004
vt 0.301025 0.286865
vt 0.294434 0.270508
vt 0.287842 0.255127
vt 0.28125 0.239746
vt 0.27417 0.223877
vt 0.21936 0.174683
vt 0.203369 0.172607
vt 0.186401 0.172852
vt 0.116638 0.197388
vt 0.106262 0.20459
vt 0.099426 0.211914
vt 0.099915 0.218506
vt 0.836914 0.766113
vt 0.916992 0.921875
vt 0.930664 0.661621
vt 0.918945 0.663574
vt 0.898438 0.669922
vt 0.884766 0.668457
vt 0.869629 0.664062
vt 0.85498 0.658203
vt 0.840332 0.650879
vt 0.825684 0.64209
vt 0.608398 0.734375
vt 0.587402 0.487305
vt 0.16272 0.412109
vt 0.205078 0.435303
vt 0.217651 0.442383
vt 0.229858 0.449463
vt 0.240356 0.455566
vt 0.250488 0.461426
vt 0.260742 0.467773
vt 0.284912 0.483154
vt 0.299316 0.492432
vt 0.314453 0.501953
vt 0.330078 0.512207
vt 0.345703 0.522949
vt 0.361816 0.534668
vt 0.378418 0.547363
vt 0.395752 0.561035
vt 0.434326 0.593262
vt 0.455078 0.61084
vt 0.477539 0.630371
vt 0.501953 0.650879
vt 0.526367 0.670898
vt 0.547852 0.6875
vt 0.567383 0.703125
vt 0.587891 0.718262
vt 0.620117 0.749023
vt 0.672852 0.745117
vt 0.691895 0.740723
vt 0.708984 0.737793
vt 0.725586 0.735352
vt 0.742188 0.73291
vt 0.817383 0.744629
vt 0.827148 0.75293
vt 0.846191 0.78125
vt 0.853516 0.796387
vt 0.872559 0.86377
vt 0.868164 0.837891
vt 0.871094 0.851562
vn -0.568512 -0.201967 -0.797498
vn 0.49016 -0.370971 -0.788748
vn 0.894043 -0.245083 -0.374996
vn -0.542177 -0.497534 0.677129
vn -0.583577 -0.472826 0.660207
vn -0.729616 -0.33412 0.596678
vn 0.149021 -0.913893 -0.377613
vn -0.641379 0.120422 0.757715
vn -0.288906 0.953289 -0.088166
vn -0.677983 0.141072 0.721414
vn -0.186538 -0.238132 -0.953151
vn 0.43655 -0.440063 -0.784709
vn 0.901297 -0.187071 0.390727
vn -0.957282 -0.26599 -0.113405
vn -0.710638 -0.049857 0.701789
vn -0.916634 0.056685 0.395687
vn 0.31559 -0.202479 -0.927041
vn 0.536222 -0.305931 -0.786684
vn -0.536222 0.305931 0.786684
vn -0.440976 -0.890744 -0.11007
vn 0.486944 -0.80205 -0.345835
vn -0.31559 0.202479 0.927041
vn 0.313508 -0.208456 -0.926423
vn 0.530672 -0.315446 -0.78669
vn 0.426256 -0.092948 0.899815
vn -0.739163 -0.147118 0.657263
vn -0.999484 -0.024999 0.020149
vn -0.568669 -0.21397 -0.79425
vn 0.486009 -0.375087 -0.78937
vn 0.893715 -0.246303 -0.374978
vn -0.636287 0.12871 0.760639
vn -0.676166 0.149493 0.721424
vn -0.569211 -0.218153 -0.792722
vn 0.985615 -0.166289 -0.03017
vn 0.712804 0.059301 -0.698851
vn -0.712804 -0.059301 0.698851
vn -0.916615 0.057151 0.395664
vn -0.186301 -0.23716 -0.95344
vn 0.433341 -0.445148 -0.783619
vn 0.750391 -0.037835 0.659911
vn -0.740383 -0.151164 0.654968
vn -0.998935 -0.04162 0.019905
vn -0.123604 -0.991362 0.043859
vn -0.186317 -0.235901 -0.953749
vn -0.119589 -0.992132 0.037052
vn 0.430617 -0.448396 -0.783269
vn -0.144897 -0.98085 0.130148
vn -0.125943 -0.935444 0.330278
vn -0.121872 -0.925062 0.359733
vn -0.131552 -0.942683 0.306663
vn -0.131956 -0.943037 0.305398
vn -0.185507 -0.952997 0.239548
vn 0.750092 -0.040424 0.660096
vn -0.052768 -0.997525 0.046461
vn -0.740486 -0.15169 0.654729
vn -0.999081 -0.037934 0.019963
vn -0.188615 -0.24972 -0.949771
vn 0.419324 -0.458945 -0.783286
vn -0.074476 -0.948354 0.308346
vn -0.07417 -0.918117 0.389307
vn -0.055891 -0.770463 0.63503
vn -0.009505 -0.418954 0.907958
vn 0.026239 -0.123132 0.992043
vn 0.898703 -0.199282 0.390665
vn -0.713631 -0.058978 0.698035
vn -0.175192 -0.927944 -0.328981
vn -0.916819 0.054513 0.395564
vn -0.188394 -0.247874 -0.950298
vn 0.424566 -0.454543 -0.783029
vn 0.000011 -0.879253 0.476356
vn -0.257099 -0.926024 -0.276368
vn -0.424566 0.454543 0.783029
vn 0.188394 0.247874 0.950298
vn -0.177843 -0.244043 -0.953318
vn 0.434324 -0.43956 -0.786225
vn 0.905245 -0.186362 0.38184
vn -0.705746 -0.034897 0.707605
vn -0.914634 0.070801 0.398035
vn -0.524252 -0.384305 0.759915
vn -0.958483 -0.059515 0.278868
vn 0.760593 -0.074837 0.644901
vn 0.422626 0.539381 -0.728323
vn 0.089404 0.478346 -0.873609
vn -0.96682 -0.076685 0.243676
vn -0.635237 -0.141372 0.759268
vn 0.013872 0.391274 -0.92017
vn 0.220096 -0.780365 0.58531
vn -0.106285 -0.488514 -0.866059
vn -0.035477 -0.797763 -0.601927
vn -0.260902 0.445687 -0.856325
vn -0.059068 -0.998224 -0.00769
vn -0.390221 0.247154 -0.886929
vn 0.490822 0.743432 0.454315
vn -0.292977 0.418188 -0.859816
vn -0.086018 -0.023704 -0.996012
vn -0.117173 -0.950833 0.286682
vn -0.223822 -0.847908 0.480579
vn -0.245149 -0.832259 0.49724
vn -0.394214 -0.740472 0.544331
vn -0.342318 -0.762631 0.548828
vn 0.619823 0.20333 0.757942
vn 0.897768 -0.066594 0.435405
vn -0.29643 0.134009 -0.945606
vn -0.557099 0.205678 -0.804573
vn 0.329652 0.647421 -0.68715
vn -0.917824 -0.328796 -0.222467
vn -0.359906 0.486342 -0.796203
vn -0.95296 -0.1243 0.276437
vn -0.633753 -0.149974 0.758857
vn 0.885306 -0.005869 0.464972
vn 0.35007 0.623653 -0.698933
vn -0.311252 0.448517 -0.837827
vn -0.306536 0.431684 -0.848342
vn -0.863771 0.298736 -0.405778
vn 0.179077 -0.38962 0.903398
vn 0.863771 -0.298736 0.405778
vn 0.306536 -0.431684 0.848342
vn -0.318386 0.476884 -0.819275
vn -0.869254 -0.47809 0.125809
vn -0.890215 -0.45223 -0.054818
vn -0.887109 -0.449981 -0.102733
vn -0.735631 -0.526803 -0.425823
vn 0.270723 -0.63057 0.727386
vn 0.268924 -0.576847 0.771315
vn 0.280661 -0.513467 0.810914
vn 0.296235 -0.428263 0.853719
vn 0.206741 -0.747149 0.631686
vn 0.167277 -0.826698 0.537204
vn 0.513684 0.281715 0.810411
vn 0.118394 -0.893749 0.43266
vn -0.844557 0.356782 -0.399288
vn -0.102173 -0.98511 0.13827
vn 0.130507 -0.927512 0.35027
vn 0.483234 -0.679657 0.551861
vn 0.090009 -0.917815 0.38667
vn 0.844557 -0.356782 0.399288
vn 0.318386 -0.476884 0.819275
vn -0.950904 -0.022695 0.308654
vn -0.545744 -0.341235 0.765325
vn 0.997777 -0.018472 0.064035
vn 0.381332 0.58707 -0.714097
vn -0.716979 0.396635 -0.573256
vn 0.199888 0.918501 -0.341177
vn -0.95348 -0.078027 0.291182
vn -0.543419 -0.625911 -0.559403
vn -0.586495 -0.587168 -0.557904
vn -0.040761 -0.935991 -0.349655
vn 0.435272 -0.892894 0.115235
vn 0.143876 -0.957608 -0.249574
vn -0.398667 -0.531984 -0.747033
vn -0.650334 -0.104927 0.752367
vn 0.996663 0.017349 0.079764
vn -0.263079 -0.747751 -0.609638
vn 0.280225 -0.933635 0.22316
vn 0.426238 -0.674442 0.602867
vn 0.419808 -0.79544 0.437078
vn 0.175075 -0.59234 0.786436
vn -0.532447 -0.738893 0.412961
vn 0.170953 -0.594746 0.785527
vn -0.59079 -0.654257 0.472139
vn 0.392876 0.577608 -0.715554
vn -0.71382 0.364587 -0.597944
vn -0.500146 -0.366739 0.784447
vn -0.544685 -0.349797 0.762207
vn 0.802098 0.399074 -0.444275
vn 0.790653 0.061088 0.609209
vn 0.394286 0.576903 -0.715347
vn -0.713356 0.368132 -0.596324
vn -0.542217 -0.338931 0.768847
vn -0.952102 -0.04218 0.302856
vn 0.997239 0.004447 0.074125
vn 0.384105 0.573463 -0.723604
vn -0.718879 0.368839 -0.589211
vn -0.952494 -0.052264 0.30004
vn 0.464577 0.884286 -0.046973
vn 0.753113 0.025661 -0.657391
vn -0.659664 -0.065387 0.748711
vn 0.510724 -0.679975 -0.526114
vn 0.889696 -0.024731 0.455883
vn 0.366885 0.597803 -0.71276
vn -0.314522 0.438039 -0.842139
vn -0.494697 -0.366704 0.787911
vn -0.523828 -0.373914 0.765371
vn 0.438162 0.898845 -0.009606
vn 0.085661 0.559661 -0.824283
vn -0.659859 0.157273 -0.734745
vn 0.467803 -0.714962 -0.519606
vn 0.437383 -0.819362 -0.370597
vn 0.799075 0.40205 -0.44703
vn 0.422513 -0.828913 -0.366587
vn 0.385964 0.573918 -0.722253
vn -0.71654 0.354267 -0.600887
vn -0.388857 -0.778887 0.492062
vn -0.018651 0.850106 0.526281
vn 0.529412 0.489166 -0.693138
vn -0.95 0.119069 -0.288656
vn 0.198231 0.550068 -0.811252
vn -0.996124 -0.027028 -0.083708
vn -0.446208 0.886215 -0.124584
vn -0.920095 -0.047496 0.388804
vn 0.633155 -0.694976 -0.340767
vn 0.844476 -0.535594 -0.000044
vn 0.987598 0.001253 0.157002
vn 0.308507 -0.227196 0.923691
vn 0.433011 -0.205765 0.877589
vn 0.886191 -0.009299 0.463226
vn -0.02251 0.846448 0.531995
vn 0.955864 0.113106 0.271168
vn 0.192482 -0.224571 0.955258
vn 0.541435 0.524294 -0.657239
vn 0.144163 -0.356578 0.923076
vn 0.822935 -0.226271 0.521134
vn -0.220216 -0.011845 0.975379
vn -0.857358 0.245315 -0.452502
vn -0.687969 0.571558 -0.447237
vn 0.401174 0.562683 -0.722805
vn -0.829746 0.456702 -0.32085
vn -0.655977 0.40763 -0.635242
vn -0.290208 0.937 -0.194447
vn 0.103056 0.187131 -0.976914
vn -0.987507 0.116543 -0.106054
vn 0.343488 0.128189 -0.930368
vn -0.506066 -0.397679 0.765342
vn -0.638944 -0.052787 -0.76744
vn -0.622956 -0.305756 -0.720028
vn -0.483502 -0.732797 -0.478785
vn -0.678394 -0.331842 0.655487
vn -0.834914 -0.35715 0.418764
vn 0.913865 0.253312 0.317308
vn 0.949696 0.308337 -0.05482
vn 0.687969 -0.571558 0.447237
vn -0.541535 -0.750555 -0.378691
vn -0.257313 -0.426557 -0.867087
vn 0.328461 -0.709391 0.6236
vn 0.81225 -0.583031 0.018022
vn 0.888886 -0.385586 -0.247395
vn 0.878821 0.038691 -0.47558
vn 0.042346 -0.452367 0.890826
vn 0.937782 0.279661 -0.205801
vn 0.867506 0.120891 -0.482513
vn -0.210091 0.85181 0.479877
vn 0.533777 0.447054 0.717792
vn 0.793442 -0.462175 0.396035
vn 0.902412 -0.206799 0.378003
vn 0.030666 -0.143268 0.989209
vn -0.592101 -0.561224 -0.578311
vn 0.336685 0.570383 0.749204
vn 0.5259 0.595584 0.607214
vn 0.390901 0.61942 0.68082
vn 0.305905 0.528864 0.79166
vn -0.671758 -0.433858 0.600423
vn 0.941874 0.329608 -0.06505
vn 0.431 0.615173 0.660153
vn 0.569273 0.657578 0.493477
vn 0.837529 -0.415033 0.355377
vn 0.799455 0.598949 0.046167
vn -0.285957 0.313641 0.90546
vn 0.398532 0.651716 0.64532
vn 0.328894 0.09393 -0.939684
vn -0.981474 0.128997 0.141661
vn -0.907971 -0.284583 -0.307574
vn 0.553326 -0.812842 0.181985
vn -0.224363 -0.440818 0.869103
vn 0.317674 -0.942941 0.099732
vn -0.906521 -0.245116 -0.343712
vn -0.695366 -0.71865 0.003008
vn -0.596698 -0.783609 -0.172941
vn -0.478049 -0.544015 -0.689577
vn -0.677943 -0.733688 -0.045776
vn -0.072759 0.997056 0.024213
vn 0.648696 0.552121 -0.523791
vn -0.482099 -0.872099 0.083809
vn -0.430857 -0.298851 0.851499
vn -0.447268 -0.733619 -0.51162
vn 0.700038 0.033828 -0.713304
vn -0.082082 -0.339324 -0.937081
vn -0.418327 -0.411517 0.809726
vn 0.584916 0.334283 -0.739005
vn 0.537358 -0.842141 -0.045224
vn -0.308206 -0.899833 -0.308722
vn -0.379185 0.059345 0.923416
vn -0.362056 -0.837508 -0.409262
vn -0.35244 -0.879855 -0.318812
vn 0.899942 -0.419331 0.119438
vn -0.019955 -0.334367 -0.942232
vn -0.713359 -0.061233 0.698119
vn 0.650671 -0.531473 -0.542369
vn 0.992847 -0.117574 0.020753
vn 0.823429 -0.549805 0.140283
vn 0.475126 -0.866976 0.150361
vn 0.080013 -0.987426 0.136334
vn -0.274377 -0.948712 0.157042
vn -0.248251 -0.95735 0.147825
vn 0.927847 0.372961 -0.000147
vn 0.843453 -0.518533 0.140394
vn -0.19946 -0.97895 -0.04328
vn 0.18601 -0.979217 0.08083
vn 0.614539 -0.788599 -0.021301
vn 0.86041 0.394809 0.322211
vn 0.80001 -0.523154 0.293758
vn 0.710626 -0.702687 0.035239
vn 0.971925 0.173915 0.158479
vn 0.948062 -0.197781 0.249122
vn 0.725168 -0.68702 0.046209
vn 0.904639 0.354088 0.237169
vn 0.765005 -0.642665 0.041815
vn 0.593557 0.68834 0.416987
vn 0.65185 0.579411 -0.48926
vn -0.729378 -0.682821 0.041985
vn 0.676662 -0.669082 -0.30734
vn 0.824102 -0.539369 0.173021
vn 0.994738 0.064197 0.07985
vn 0.826877 -0.1009 0.553257
vn 0.812567 -0.334161 0.477568
vn 0.949773 0.296386 0.100434
vn 0.639769 0.727056 -0.24917
vn 0.99908 0.04246 -0.006095
vn 0.723907 -0.437995 -0.533028
vn 0.278583 -0.883077 0.377579
vn -0.458936 -0.838414 0.294008
vn 0.189767 -0.156034 -0.969351
vn -0.410309 -0.385888 -0.826279
vn -0.750337 -0.107617 0.652237
vn 0.73566 -0.204562 0.645724
vn 0.999386 -0.030704 0.016902
vn -0.915067 -0.030922 -0.402116
vn -0.706656 0.113616 -0.698376
vn 0.706656 -0.113616 0.698376
vn 0.915067 0.030922 0.402116
vn 0.569369 -0.144739 -0.80924
vn -0.464911 -0.317743 -0.826376
vn -0.990632 -0.129341 -0.0438
vn 0.707586 -0.11625 0.696999
vn 0.914981 0.031761 0.402245
vn 0.569242 -0.140013 -0.81016
vn -0.472653 -0.307793 -0.82575
vn -0.756554 -0.548401 0.356206
vn -0.686227 0.351298 0.636932
vn -0.991218 -0.12494 -0.043331
vn 0.52219 -0.168553 0.836007
vn -0.556965 0.199904 -0.806119
vn 0.706427 -0.112777 0.698743
vn 0.915096 0.030663 0.402069
vn -0.307544 -0.13338 -0.942139
vn 0.523569 0.70854 -0.473125
vn -0.518006 -0.245559 -0.819372
vn 0.635024 -0.164266 -0.754826
vn 0.518006 0.245559 0.819372
vn 0.172514 0.001283 -0.985006
vn 0.307544 0.13338 0.942139
vn -0.915029 -0.031319 -0.40217
vn 0.446013 0.499428 -0.742728
vn 0.46581 0.802463 -0.372925
vn 0.505146 0.626192 -0.593895
vn -0.4692 0.869097 0.156596
vn 0.547519 0.371234 -0.749939
vn 0.743977 -0.237672 -0.624508
vn 0.270654 0.920824 -0.280765
vn -0.708358 0.114206 -0.696552
vn -0.189171 0.813012 0.55066
vn -0.601339 0.554106 0.575638
vn -0.568612 0.587847 0.575427
vn -0.781804 0.264882 0.564465
vn 0.708358 -0.114206 0.696552
vn 0.915029 0.031319 0.40217
vn 0.569332 -0.140982 -0.809929
vn -0.473158 -0.309876 -0.824681
vn -0.991096 -0.125868 -0.043438
vn -0.476093 0.879302 0.012792
vn 0.707859 -0.112891 0.697274
vn 0.915065 0.03089 0.402122
vn 0.56927 -0.141749 -0.809839
vn -0.469862 -0.311436 -0.825977
vn -0.769112 0.639069 -0.007596
vn -0.770929 0.632381 -0.075911
vn -0.991005 -0.126551 -0.043524
vn 0.70688 -0.114038 0.69808
vn 0.915052 0.031066 0.402139
vn 0.187989 -0.145882 -0.971277
vn -0.418217 -0.378125 -0.825903
vn -0.749622 -0.11353 0.652057
vn 0.737861 -0.209047 0.641763
vn 0.999385 -0.030715 0.016914
vn 0.188259 -0.145341 -0.971306
vn -0.415831 -0.379476 -0.826488
vn -0.749328 -0.115973 0.651964
vn 0.737022 -0.212321 0.641653
vn 0.999375 -0.031044 0.016882
vn -0.307524 -0.132405 -0.942283
vn -0.518998 -0.244135 -0.81917
vn -0.061789 -0.015388 0.997971
vn 0.710912 -0.125664 0.691963
vn 0.924924 -0.08618 -0.370255
vn 0.188986 -0.151985 -0.970147
vn -0.418203 -0.37817 -0.825889
vn -0.487405 0.052399 0.871602
vn 0.712223 -0.125157 0.690705
vn 0.925076 -0.085669 -0.369994
vn 0.189533 -0.155401 -0.969499
vn -0.413239 -0.385284 -0.8251
vn -0.487504 0.053606 0.871474
vn 0.712949 -0.128061 0.689423
vn 0.208399 0.906144 -0.368067
vn 0.4266 0.871029 -0.24356
vn 0.924889 -0.087636 -0.369999
vn -0.915 -0.068348 -0.397622
vn -0.706139 0.045717 -0.706596
vn 0.706139 -0.045717 0.706596
vn 0.915 0.068348 0.397622
vn -0.307446 -0.226951 -0.924105
vn -0.521175 -0.325075 -0.789115
vn -0.062332 0.087376 0.994223
vn 0.71124 -0.052688 0.700972
vn 0.924988 -0.122763 -0.35962
vn 0.188414 -0.248977 -0.950006
vn -0.427037 -0.454061 -0.781964
vn -0.603531 -0.747073 -0.278625
vn 0.043111 0.995108 -0.088889
vn -0.16718 0.59761 0.784164
vn -0.883175 -0.365086 0.294471
vn -0.751072 -0.032073 0.659441
vn 0.734057 -0.124216 0.667631
vn 0.999433 -0.027002 0.020094
vn 0.569381 -0.211215 -0.794477
vn -0.482792 -0.381414 -0.788312
vn -0.992701 -0.116862 -0.029799
vn -0.121078 0.970382 -0.209041
vn -0.690777 0.710981 -0.131655
vn -0.774313 -0.509267 -0.375615
vn 0.710189 -0.048612 0.70233
vn 0.915642 0.067098 0.396356
vn -0.916367 -0.060081 -0.395805
vn -0.71228 0.054036 -0.699812
vn 0.71228 -0.054036 0.699812
vn 0.916367 0.060081 0.395805
vn -0.916782 -0.05534 -0.395536
vn -0.71336 0.061233 -0.698118
vn -0.650671 0.531473 0.542369
vn 0.71336 -0.061233 0.698118
vn 0.916782 0.05534 0.395536
vn 0.568987 -0.201773 -0.797209
vn -0.490155 -0.370979 -0.788748
vn -0.992885 -0.115301 -0.029757
vn -0.761428 0.459804 -0.456955
vn 0.439266 -0.867727 0.232584
vn 0.714422 -0.061412 0.697015
vn 0.69827 0.242443 0.673529
vn 0.63131 0.471995 0.615361
vn 0.916485 0.058334 0.395794
vn -0.313206 -0.210394 -0.926087
vn 0.28913 0.953242 -0.087941
vn -0.534714 -0.307153 -0.787234
vn 0.534714 0.307153 0.787234
vn 0.313206 0.210394 0.926087
vn 0.843446 -0.526663 -0.105945
vn -0.31559 -0.20248 -0.927041
vn 0.838332 -0.535604 -0.101626
vn -0.536222 -0.305931 -0.786684
vn -0.060127 0.081897 0.994825
vn 0.713171 -0.056075 0.698744
vn 0.9272 -0.097615 -0.361624
vn 0.568963 -0.204184 -0.796612
vn -0.48474 -0.37945 -0.788064
vn -0.992699 -0.116874 -0.029814
vn 0.964841 0.039652 -0.259826
vn 0.712982 -0.054656 0.699049
vn 0.915784 0.065915 0.396227
vn 0.568669 -0.21396 -0.794252
vn -0.486014 -0.375094 -0.789364
vn -0.992996 -0.114335 -0.029773
vn 0.965157 -0.171812 0.197363
vn 0.744419 0.325783 -0.582843
vn 0.559469 -0.258231 0.787598
vn -0.055659 -0.993294 -0.10134
vn -0.799612 0.319285 -0.508604
vn 0.382731 -0.87944 0.283023
vn 0.076496 -0.903781 0.421103
vn 0.083835 -0.215387 0.972924
vn 0.709699 -0.049918 0.702735
vn 0.779805 0.284975 -0.557399
vn 0.916201 0.061565 0.395961
vn -0.916615 -0.057151 -0.395664
vn 0.677635 0.449647 -0.581917
vn -0.712903 0.059258 -0.698755
vn 0.184287 -0.293276 0.938098
vn -0.000438 0.14917 0.988812
vn 0.568786 0.622633 -0.537411
vn 0.593181 0.256093 -0.763251
vn 0.712903 -0.059258 0.698755
vn 0.916615 0.057151 0.395664
vn 0.186302 -0.237163 -0.953439
vn -0.433444 -0.445162 -0.783554
vn -0.212431 -0.079407 0.973944
vn -0.486531 0.133745 0.863365
vn 0.71989 -0.075785 0.689938
vn 0.924647 -0.128844 -0.358366
vn -0.916738 -0.055367 -0.395634
vn -0.714502 0.059223 -0.697122
vn -0.629931 -0.736645 -0.246053
vn 0.21288 0.910315 -0.354977
vn 0.761267 -0.04506 -0.646871
vn 0.883175 0.365086 -0.294471
vn 0.802178 -0.595688 -0.040819
vn -0.640947 0.673019 0.369098
vn -0.840198 -0.531201 0.109053
vn 0.562432 0.696555 -0.445512
vn 0.714502 -0.059223 0.697122
vn 0.916738 0.055367 0.395634
vn -0.916817 -0.05453 -0.395566
vn -0.713627 0.058967 -0.69804
vn 0.713627 -0.058967 0.69804
vn 0.916817 0.05453 0.395566
vn -0.91664 -0.056164 -0.395747
vn -0.712245 0.054629 -0.699802
vn 0.712245 -0.054629 0.699802
vn 0.91664 0.056164 0.395747
vn 0.177676 -0.244329 -0.953276
vn -0.434086 -0.439866 -0.786185
vn -0.752104 -0.031685 0.658282
vn -0.719283 0.214111 -0.6609
vn 0.733168 -0.123482 0.668742
vn 0.999461 -0.026667 0.019158
vn 0.511622 -0.388518 0.766353
vn 0.958442 -0.059475 0.27902
vn -0.907864 -0.039633 0.417388
vn -0.322528 0.637854 -0.69937
vn 0.3565 0.472331 -0.806109
vn 0.503281 -0.408035 0.761719
vn 0.827903 -0.226608 0.513056
vn -0.978218 0.173769 -0.113553
vn -0.351809 0.613257 -0.70721
vn 0.710797 0.387861 -0.586798
vn 0.082781 -0.475429 0.875851
vn 0.524911 -0.387299 0.757937
vn -0.422555 0.542927 -0.725726
vn -0.087666 0.462552 -0.882247
vn 0.312516 0.430804 -0.846606
vn 0.865711 0.297057 -0.402867
vn -0.865711 -0.297057 0.402867
vn -0.312516 -0.430804 0.846606
vn 0.899607 0.075212 -0.430176
vn 0.911816 0.073287 -0.404007
vn -0.64299 0.569634 -0.511938
vn 0.728923 -0.680005 0.079151
vn -0.366977 -0.883422 -0.291366
vn -0.911816 -0.073287 0.404007
vn -0.899607 -0.075212 0.430176
vn 0.952134 -0.042608 0.302697
vn -0.587064 -0.783287 -0.204493
vn -0.889014 -0.021318 0.457383
vn -0.303164 -0.881371 0.362321
vn 0.34969 -0.625632 0.697353
vn -0.34969 0.625632 -0.697353
vn 0.32616 0.476572 -0.816394
vn 0.495471 -0.368939 0.786379
vn 0.53075 -0.377513 0.758808
vn -0.421084 0.226322 0.878332
vn -0.319087 -0.163324 0.933546
vn -0.513641 0.282944 0.810009
vn -0.226509 -0.752598 0.618296
vn -0.303374 -0.555013 0.774548
vn -0.38407 -0.026971 0.92291
vn -0.37357 -0.261552 0.889964
vn -0.375172 -0.563325 0.736146
vn 0.541438 0.368732 -0.755567
vn 0.838507 0.182301 -0.51349
vn -0.53075 0.377513 -0.758808
vn -0.495471 0.368939 -0.786379
vn 0.541008 -0.350567 0.764469
vn 0.495657 -0.367644 0.786868
vn -0.004655 -0.877718 0.479154
vn 0.138706 -0.984413 0.10813
vn -0.527897 0.373923 -0.762566
vn -0.496049 0.366111 -0.787336
vn 0.952835 -0.059666 0.297566
vn 0.653841 -0.084194 0.751933
vn -0.99724 0.004447 0.074116
vn -0.389666 0.571799 -0.721946
vn -0.838507 -0.182301 0.51349
vn -0.541438 -0.368732 0.755567
vn -0.539365 0.369149 -0.756845
vn 0.73793 0.4194 -0.528737
vn -0.864363 0.338005 -0.372328
vn 0.573164 -0.353785 0.739134
vn 0.539365 -0.369149 0.756845
vn 0.718276 0.368829 -0.589953
vn 0.552919 -0.318196 0.770086
vn 0.951573 -0.034641 0.305465
vn -0.997185 0.005885 0.074753
vn -0.395515 0.558456 -0.729174
vn 0.71707 0.358587 -0.597684
vn 0.535133 -0.352738 0.767599
vn 0.952752 -0.064396 0.296844
vn -0.996421 0.022007 0.08162
vn -0.385737 0.572692 -0.723347
vn 0.71589 0.353855 -0.601903
vn 0.94961 0.119202 -0.289882
vn -0.53282 0.486217 -0.692601
vn 0.007528 0.85276 0.522249
vn -0.197652 0.547957 -0.81282
vn 0.996143 -0.027015 -0.08348
vn 0.439 0.888086 -0.136314
vn 0.919943 -0.047465 0.389169
vn -0.987596 0.00125 0.157012
vn -0.886161 -0.009298 0.463285
vn 0.857665 0.242005 -0.453701
vn -0.542216 0.518386 -0.661269
vn 0.023495 0.845032 0.5342
vn -0.39948 0.556928 -0.728181
vn 0.992222 -0.020843 -0.122722
vn 0.294194 0.934302 -0.20132
vn 0.931552 -0.058577 0.358858
vn -0.935719 -0.028622 0.351584
vn -0.880723 -0.036774 0.472201
vn 0.940797 -0.119677 0.31714
vn 0.037069 -0.113236 -0.992876
vn 0.669477 -0.742827 -0.002928
vn -0.094134 -0.634639 -0.767054
vn -0.178511 -0.585644 -0.790668
vn -0.619073 -0.550076 -0.560504
vn -0.557188 -0.481452 -0.676569
vn 0.671232 -0.572479 0.470866
vn 0.698466 -0.556593 0.449833
vn 0.396991 0.855159 -0.333318
vn -0.630063 -0.724393 0.279777
vn -0.616876 0.157036 0.771235
vn -0.528804 -0.752037 0.393455
vn -0.474632 -0.774128 0.418868
vn -0.441537 -0.749624 0.49306
vn -0.286871 -0.760581 0.582427
vn -0.265414 -0.752205 0.603111
vn -0.225255 -0.727268 0.648337
vn -0.36176 0.047238 -0.931074
vn -0.400019 0.092457 -0.911831
vn 0.641427 -0.718528 -0.268866
vn -0.455901 0.888228 -0.056613
vn -0.171129 -0.778391 -0.604005
vn 0.052094 -0.937921 0.342914
vn 0.123138 -0.992388 -0.001713
vn 0.119495 -0.992711 0.015685
vn -0.9863 -0.08652 -0.140452
vn 0.13144 -0.990726 -0.03444
vn 0.128833 -0.991343 -0.025336
vn 0.132786 -0.990483 -0.036214
vn -0.387551 0.920485 -0.050119
vn -0.146494 -0.837972 -0.525683
vn -0.565259 -0.657341 -0.498383
vn -0.466315 -0.786697 -0.404548
vn -0.416607 -0.828046 -0.375204
vn -0.37271 -0.853959 -0.363101
vn -0.408601 0.901281 -0.144006
vn -0.085619 0.559761 -0.824219
vn 0.355656 0.861747 0.361801
vn 0.659768 0.157484 -0.734782
vn -0.901934 -0.338234 -0.268537
vn 0.413779 0.870847 0.265355
vn -0.585307 -0.276516 -0.762204
vn -0.459145 0.701615 -0.544906
vn 0.410697 0.89638 -0.166828
vn -0.892434 -0.171 -0.417517
vn -0.398495 0.790927 -0.464366
vn -0.829913 -0.429659 0.355862
vn -0.468823 -0.878771 0.089256
vn -0.967386 0.150822 0.203511
vn 0.124416 -0.992032 -0.019824
vn 0.12107 -0.992614 0.007694
vn 0.147786 -0.973244 -0.17594
vn 0.124171 -0.992012 -0.022232
vn 0.125901 -0.991867 -0.018676
vn 0.126663 -0.991785 -0.017883
vn 0.115927 -0.993071 -0.019282
vn -0.515598 -0.855953 0.038782
vn 0.188283 0.900768 -0.391366
vn 0.067063 -0.997749 0.000174
vn -0.02941 -0.938637 -0.343651
vn 0.179768 -0.977547 -0.109934
vn 0.136073 -0.989773 -0.042817
vn -0.728536 -0.682551 0.057954
vn 0.376427 -0.553865 -0.742655
vn 0.740722 -0.584346 0.331467
vn -0.892456 -0.279934 0.353779
vn 0.686484 0.350636 0.63702
vn 0.630324 0.475052 0.614018
vn 0.552852 0.786075 -0.276479
vn -0.720741 0.294726 -0.627431
vn 0.036735 -0.985786 -0.163943
vn -0.900361 0.355327 0.251184
vn -0.449315 -0.696617 -0.559322
vn -0.457043 0.7662 0.451718
vn 0.26098 0.96298 -0.067515
vn -0.565043 -0.339515 -0.751968
vn -0.510267 -0.720863 -0.469025
vn 0.366409 0.795392 -0.482801
vn 0.370031 0.799136 -0.47377
vn -0.190673 0.410589 -0.891662
vn 0.286548 -0.431404 -0.855442
vn -0.197853 0.047185 -0.979095
vn 0.381625 0.914372 0.135229
vn -0.491187 0.610301 -0.621505
vn -0.238381 0.919834 -0.311576
vn 0.754187 -0.060212 0.653894
vn 0.320462 -0.868024 0.379261
vn 0.688579 -0.472424 0.550159
vn 0.865834 -0.173206 0.469394
vn 0.40311 0.653295 0.640865
vn 0.200119 0.974245 0.103919
vn 0.78849 0.613992 -0.036011
vn 0.661434 0.747519 -0.061001
vn -0.775884 0.620138 -0.115901
vn -0.993917 -0.0803 -0.07537
vn -0.231426 -0.962407 0.142179
vn -0.430712 0.902143 -0.024995
vn -0.759392 0.650465 0.014809
vn -0.449319 -0.853693 0.263288
vn 0.298106 0.950955 -0.082567
vn 0.263602 -0.950618 0.163831
vn -0.170262 -0.870485 -0.461808
vn -0.713062 -0.374463 0.592723
vn -0.507201 0.780898 -0.364617
vn -0.637611 0.731382 -0.241935
vn -0.830956 0.555744 -0.0257
vn -0.945595 -0.019931 0.324734
vn -0.743857 -0.235961 -0.625299
vn 0.182975 0.955733 -0.230422
vn -0.705034 -0.585338 -0.400383
vn -0.661015 0.33618 -0.670851
vn -0.739562 -0.362291 -0.567269
vn -0.267053 -0.890481 0.36841
vn -0.400515 -0.849396 0.343678
vn -0.127744 0.035654 0.991166
vn -0.666054 -0.696535 0.266853
vn -0.560425 -0.76551 0.316098
vn 0.713359 0.061233 -0.698119
vn 0.916782 -0.055341 -0.395536
vn -0.999028 -0.039312 0.019934
vn -0.739266 -0.148304 0.65688
vn 0.751416 -0.028518 0.659212
vn -0.915894 -0.150644 -0.372082
vn 0.419466 -0.461305 -0.781822
vn -0.18834 -0.250218 -0.949694
vn 0.186681 0.237591 0.953258
vn -0.426413 0.452675 0.783108
vn -0.618064 -0.759393 0.203272
vn 0.426413 -0.452675 -0.783108
vn -0.186681 -0.237591 -0.953258
vn -0.999434 -0.026985 0.020094
vn -0.733904 -0.124227 0.667797
vn 0.751071 -0.032073 0.659441
vn 0.426927 -0.454046 -0.782033
vn -0.188414 -0.248974 -0.950006
vn -0.307454 0.226954 0.924102
vn -0.521076 0.32503 0.789199
vn 0.521076 -0.32503 -0.789199
vn 0.307454 -0.226954 -0.924102
vn -0.914998 0.068348 0.397627
vn -0.706127 -0.045721 0.706607
vn 0.648117 0.431544 -0.627467
vn 0.991293 -0.127824 -0.031617
vn 0.473439 -0.382758 -0.793317
vn -0.569522 -0.215027 -0.793352
vn -0.999388 -0.030604 0.016928
vn -0.736078 -0.20387 0.645466
vn 0.75036 -0.107289 0.652264
vn 0.413231 -0.385281 -0.825105
vn -0.189532 -0.155401 -0.969499
vn -0.915139 0.030703 0.401967
vn -0.707743 -0.11244 0.697465
vn -0.346442 0.932694 0.1003
vn 0.346442 -0.932694 -0.1003
vn 0.142214 0.782121 0.606681
vn 0.991186 -0.125182 -0.043361
vn 0.474467 -0.308212 -0.824552
vn -0.568769 -0.140313 -0.810441
vn -0.924904 -0.086176 -0.370306
vn -0.710912 -0.125666 0.691962
vn 0.901934 0.338234 0.268537
vn 0.487415 0.05269 0.871579
vn 0.414861 -0.379366 -0.827026
vn -0.189469 -0.152791 -0.969926
vn -0.915485 0.026812 0.401457
vn -0.709854 -0.123382 0.693458
vn 0.990732 -0.128589 -0.043749
vn 0.473143 -0.308108 -0.825351
vn -0.569187 -0.135153 -0.811024
vn -0.915481 0.02735 0.401429
vn 0.829913 0.429659 -0.355862
vn -0.710551 -0.120491 0.693253
vn 0.839787 0.412576 -0.352899
vn 0.767111 0.480699 -0.424817
vn 0.710551 0.120491 -0.693253
vn 0.983976 -0.171543 -0.048628
vn -0.569181 -0.135479 -0.810974
vn -0.915051 0.031064 0.402141
vn -0.70688 -0.114039 0.69808
vn 0.70688 0.114039 -0.69808
vn 0.853645 -0.205746 -0.478497
vn 0.250483 0.672478 -0.696442
vn 0.984209 -0.170239 -0.048501
vn -0.569267 -0.141751 -0.809841
vn -0.915069 0.030887 0.402113
vn -0.707854 -0.112876 0.697282
vn 0.991099 -0.125855 -0.043405
vn 0.473159 -0.309874 -0.824681
vn -0.569335 -0.140983 -0.809927
vn -0.915029 0.031316 0.40217
vn -0.708372 -0.114201 0.69654
vn 0.927462 0.11094 0.357081
vn 0.708372 0.114201 -0.69654
vn 0.915029 -0.031316 -0.40217
vn -0.915045 0.031139 0.402147
vn -0.706899 -0.114303 0.698017
vn 0.822437 -0.55115 0.140822
vn -0.568681 0.694861 -0.440192
vn 0.242766 0.91258 0.329033
vn 0.52143 -0.851249 0.059039
vn 0.706899 0.114303 -0.698017
vn 0.915045 -0.031139 -0.402147
vn -0.915096 0.03066 0.402069
vn -0.706425 -0.11278 0.698745
vn 0.96475 -0.104047 -0.241726
vn 0.302456 0.565964 -0.766945
vn 0.911435 -0.157191 -0.380232
vn 0.607149 -0.773712 0.180942
vn 0.706425 0.11278 -0.698745
vn 0.915096 -0.03066 -0.402069
vn -0.99938 -0.030902 0.016887
vn -0.735687 -0.205779 0.645306
vn 0.998207 0.057067 0.018066
vn 0.616876 -0.157036 -0.771235
vn 0.750262 -0.108315 0.652207
vn 0.407941 -0.387486 -0.826704
vn -0.190129 -0.156846 -0.969149
vn -0.915067 0.030919 0.402115
vn -0.706656 -0.113618 0.698376
vn 0.706656 0.113618 -0.698376
vn 0.915067 -0.030919 -0.402115
vn -0.999386 -0.030707 0.016902
vn -0.735658 -0.204564 0.645725
vn 0.750339 -0.107614 0.652236
vn -0.25314 0.903645 -0.345464
vn 0.410309 -0.385886 -0.82628
vn -0.189767 -0.156035 -0.969351
vn 0.144317 0.9792 -0.142621
vn -0.30456 0.882205 -0.359107
vn -0.206855 0.914954 -0.346511
vn -0.079249 0.946495 -0.312837
vn 0.233952 0.067176 0.969925
vn 0.230628 0.15234 0.961043
vn 0.222146 -0.083829 0.971403
vn 0.165943 0.854629 0.492007
vn 0.128318 0.951782 0.27865
vn 0.132319 0.943908 0.302537
vn 0.180456 0.65576 0.733086
vn -0.009183 -0.505738 0.862638
vn 0.101373 -0.03234 0.994323
vn 0.111293 0.009876 0.993739
vn -0.655677 -0.556988 -0.509756
vn 0 0.971793 -0.235834
vn 0 0.968427 -0.249296
vn -0.276557 0.628757 -0.726761
vn -0.050828 -0.114757 0.992092
vn -0.022275 -0.113622 0.993274
vn -0.021696 -0.115677 0.99305
vn -0.035628 -0.153394 0.987523
vn -0.005926 0.021897 0.999743
vn -0.024069 -0.152295 0.988042
vn -0.025291 -0.141997 0.989544
vn -0.023854 -0.141852 0.9896
vn -0.024212 -0.138397 0.990081
vn -0.024219 -0.090594 0.995593
vn -0.034671 -0.381473 0.923729
vn 0.051783 -0.234211 0.970806
vn 0.6685 -0.105369 -0.73621
vn 0.622623 -0.076017 -0.778821
vn -0.622623 0.076017 0.778821
vn -0.331394 -0.084282 0.93972
vn -0.92414 -0.095718 -0.369868
vn 0.302317 -0.25011 -0.919809
vn 0.510034 -0.341863 -0.7893
vn 0.431891 -0.064562 0.899612
vn -0.730199 -0.114681 0.673542
vn -0.999425 -0.027296 0.020091
vn -0.56919 -0.210989 -0.794674
vn 0.481228 -0.382306 -0.788836
vn 0.014359 0.146525 0.989103
vn 0.024219 -0.090604 0.995592
vn 0.024212 -0.138398 0.990081
vn 0.005867 0.022408 0.999732
vn 0.023854 -0.141848 0.989601
vn 0.025292 -0.141993 0.989545
vn 0.024069 -0.152295 0.988042
vn 0.035628 -0.153394 0.987523
vn 0.021695 -0.115674 0.99305
vn 0.022274 -0.113618 0.993275
vn 0.050828 -0.114753 0.992093
vn 0.992719 -0.116713 -0.029779
vn -0.111306 0.009936 0.993737
vn -0.101264 -0.032797 0.994319
vn -0.003589 -0.457117 0.889399
vn 0.015184 -0.534526 0.845016
vn 0.007831 -0.442752 0.89661
vn 0.005188 -0.368696 0.929535
vn -0.705875 -0.036146 0.707414
vn -0.914867 0.075361 0.39666
vn 0.462275 0.456425 -0.760248
vn 0.468644 0.457892 -0.755452
vn -0.468644 -0.457892 0.755452
vn -0.462275 -0.456425 0.760248
vn 0.48077 0.44071 -0.758047
vn -0.333387 0.527467 -0.781429
vn -0.180727 -0.291114 0.939463
vn 0.894765 -0.054058 0.443252
vn -0.617647 -0.184315 0.764552
vn -0.201771 -0.217726 0.954926
vn -0.245403 0.177283 0.953073
vn -0.951451 -0.125119 0.281224
vn 0.472983 0.444748 -0.760583
vn -0.330573 0.529052 -0.781554
vn 0.894046 -0.051981 0.44495
vn -0.615692 -0.184342 0.766121
vn -0.95108 -0.120579 0.284442
vn -0.327433 0.525184 -0.785474
vn -0.834846 0.35605 -0.419834
vn 0.834846 -0.35605 0.419834
vn 0.327433 -0.525184 0.785474
vn -0.324316 0.516319 -0.792612
vn -0.998361 -0.057043 -0.004689
vn -0.790653 -0.061088 -0.609209
vn 0.274433 0.675604 -0.684285
vn 0.698938 -0.298138 0.650076
vn -0.586137 -0.24591 0.771992
vn -0.999173 0.031347 0.025883
vn 0.470872 0.4479 -0.760043
vn -0.327001 0.530131 -0.782325
vn -0.471712 0.545978 0.692384
vn -0.226226 -0.666934 0.709944
vn -0.083618 0.990581 -0.108429
vn -0.405488 -0.091519 0.909508
vn -0.40382 0.574469 0.711979
vn -0.021274 -0.956495 0.290972
vn -0.113858 -0.866352 0.486282
vn -0.271382 -0.366583 0.889926
vn 0.029329 0.994413 -0.101404
vn 0.894226 -0.055883 0.444114
vn -0.611692 -0.193165 0.767151
vn -0.950014 -0.130938 0.283422
vn -0.322762 0.516575 -0.79308
vn 0.272516 0.675784 -0.684873
vn 0.893951 -0.054869 0.444794
vn -0.612285 -0.187297 0.768132
vn -0.950035 -0.12814 0.284628
vn -0.325722 0.528855 -0.78372
vn 0.258392 0.688137 -0.678012
vn 0.894276 -0.056919 0.443881
vn -0.611195 -0.188281 0.768759
vn -0.950128 -0.126543 0.285033
vn -0.318976 0.504958 -0.802042
vn 0.28805 0.660028 -0.693823
vn 0.893258 -0.050734 0.446673
vn -0.61188 -0.187511 0.768402
vn -0.950048 -0.12709 0.285055
vn 0.077256 0.523816 -0.848321
vn 0.35165 0.593512 -0.723937
vn -0.35165 -0.593512 0.723937
vn -0.077256 -0.523816 0.848321
vn 0.482572 0.432019 -0.761895
vn -0.323224 0.517066 -0.792571
vn 0.893292 -0.050714 0.446607
vn -0.61607 -0.184051 0.765887
vn -0.950321 -0.121456 0.286598
vn -0.319798 0.504928 -0.801734
vn 0.286083 0.663396 -0.69142
vn 0.892827 -0.047821 0.447854
vn -0.61701 -0.176648 0.766873
vn -0.950387 -0.122322 0.286011
vn 0.462035 0.44526 -0.766986
vn 0.470781 0.446922 -0.760674
vn -0.470781 -0.446922 0.760674
vn -0.462035 -0.44526 0.766986
vn -0.326239 0.525807 -0.785554
vn 0.286255 0.668766 -0.686156
vn 0.897005 -0.074498 0.435698
vn -0.616006 -0.178326 0.767292
vn -0.951384 -0.103055 0.290254
vn 0.461867 0.45441 -0.761703
vn -0.706779 0.43465 -0.55816
vn 0.99701 0.011403 0.076422
vn -0.604036 -0.203072 0.770651
vn -0.951022 -0.116711 0.286243
vn 0.456115 0.460066 -0.761773
vn -0.332936 0.544186 -0.770075
vn 0.89577 -0.06324 0.439996
vn -0.60922 -0.190001 0.769903
vn -0.951204 -0.117467 0.285327
vn 0.473894 0.447735 -0.758259
vn -0.333646 0.535238 -0.776016
vn -0.241939 0.070782 -0.967706
vn 0.896479 -0.064334 0.438391
vn -0.61228 -0.19108 0.767204
vn -0.951897 -0.11683 0.28327
vn -0.33752 0.550327 -0.763688
vn 0.27747 0.684234 -0.674414
vn 0.901538 -0.101066 0.420731
vn -0.58982 -0.245332 0.769366
vn -0.951311 -0.129809 0.279566
vn -0.290015 0.529461 -0.797222
vn -0.841589 0.339041 -0.420452
vn -0.46604 -0.473519 0.747387
vn 0.910374 0.189149 0.368025
vn 0.921951 0.367978 -0.120822
vn 0 -0.807826 0.589421
vn 0.241939 -0.070782 0.967706
vn 0.333085 -0.369346 -0.867547
vn 0.00609 0.504082 -0.863634
vn -0.728089 0.225404 -0.647363
vn 0.522832 -0.061607 -0.850207
vn -0.787675 -0.579401 0.209432
vn -0.99811 -0.003789 0.061331
vn 0.499304 -0.059483 -0.864383
vn -0.180796 -0.493802 -0.850572
vn 0.130624 -0.5684 -0.812317
vn -0.094024 -0.527853 -0.844115
vn -0.203711 -0.572372 -0.794287
vn 0.186048 -0.302128 -0.934936
vn 0.760259 0.570134 -0.311373
vn -0.478184 -0.548137 -0.686211
vn -0.681144 -0.203365 0.703339
vn -0.551475 -0.720384 -0.420621
vn -0.135847 0.98821 -0.07062
vn -0.346004 -0.884392 -0.313262
vn 0.579704 0.792222 0.190595
vn 0.614237 0.768336 0.179926
vn -0.840302 -0.538924 -0.058766
vn 0.705283 -0.6938 -0.145663
vn -0.032174 -0.761397 0.647487
vn -0.926574 -0.157689 0.34146
vn -0.876258 -0.274809 0.395793
vn -0.506144 0.268076 0.819728
vn 0.193924 0.937149 0.290079
vn 0.054704 0.253618 -0.965756
vn -0.028936 0.759303 -0.650093
vn -0.975698 0.046588 0.21411
vn -0.224194 -0.810338 0.541377
vn 0.519185 0.351859 -0.778872
vn -0.598566 -0.433968 0.673342
vn -0.395358 -0.84141 0.368404
vn -0.690522 0.721572 -0.050134
vn 0.014811 0.389563 0.920881
vn 0.809317 0.562566 0.168892
vn 0.743353 0.125101 -0.657097
vn 0.383462 -0.91342 -0.136458
vn 0.4692 -0.869097 -0.156596
vn -0.995748 0.085879 0.033317
vn -0.997333 0.070521 0.018823
vn 0.996697 0.079102 0.01839
vn 0.825577 0.542068 0.156797
vn -0.516686 0.82791 0.218175
vn -0.034599 -0.991441 -0.125891
vn 0.989398 0.037898 0.140199
vn 0.79848 0.589467 0.122307
vn 0.810773 0.558433 0.175498
vn -0.338603 0.639554 -0.690158
vn 0.774519 0.626759 0.085401
vn 0.983361 -0.14229 0.112936
vn 0.726612 0.661215 -0.186629
vn 0.794363 0.607192 0.017477
vn 0.55238 -0.641655 0.532124
vn -0.725233 -0.121852 -0.677635
vn -0.833261 0.160762 -0.528991
vn -0.739037 -0.028082 -0.673079
vn -0.793083 0.03081 -0.608334
vn -0.722069 -0.008579 -0.691768
vn -0.691197 -0.012093 -0.722565
vn -0.639609 -0.00111 -0.7687
vn 0.261428 -0.964332 -0.041464
vn 0.986643 -0.14095 0.081663
vn 0.804057 0.555174 0.212779
vn 0.896811 -0.439334 0.052108
vn 0.807637 0.560924 0.181896
vn 0.197609 -0.977842 -0.069113
vn 0.331738 -0.942047 -0.049978
vn 0.774699 0.577475 0.257612
vn 0.18248 -0.974123 -0.133361
vn 0.740843 0.597327 0.307167
vn 0.376993 0.245161 0.893181
vn -0.061158 0.566981 0.821458
vn 0.331021 -0.914338 -0.233262
vn 0.201853 0.016402 0.979278
vn 0.271368 -0.366486 0.88997
vn 0.113796 -0.866434 0.486151
vn 0 -0.852525 -0.522686
vn 0.358882 -0.401156 0.84278
vn 0.078847 0.988764 -0.126999
vn 0.404009 -0.079158 0.911324
vn 0.134806 0.990863 -0.004181
vn 0.387775 -0.155712 0.908507
vn 0.168062 -0.767338 0.618827
vn 0 -0.990032 -0.140839
vn -0.344792 -0.906524 -0.243585
vn 0.419845 0.792007 0.443233
vn 0.166155 -0.98317 -0.07595
vn 0.35055 -0.936118 -0.028248
vn -0.080822 -0.400374 0.91278
vn -0.257479 -0.272425 0.927086
vn 0.883872 0.274709 0.378557
vn 1 0.000001 -0
vn 0.987239 0.15456 0.038351
vn 0.985294 0.163964 0.048084
vn 0.11994 0.274271 0.954143
vn 0.083444 -0.99527 0.049756
vn -0.017903 -0.974255 0.224737
vn -0.741846 -0.419456 -0.523184
vn -0.711871 0.59718 0.369614
vn -0.773 0.604071 0.193827
vn -0.825587 0.542053 0.156793
vn -0.596314 0.705701 0.382617
vn -0.75701 0.58836 0.284198
vn -0.803989 0.556482 0.209592
vn 0.104056 0.988571 0.109086
vn -0.798481 0.589465 0.122307
vn -0.781243 0.617109 0.094
vn -0.799333 0.587613 0.12561
vn -0.530033 -0.847789 -0.017824
vn 0.838189 -0.503864 -0.20871
vn -0.975979 0.142019 0.165214
vn -0.389881 -0.920254 -0.033548
vn -0.473857 -0.880077 -0.03041
vn -0.572603 -0.819828 -0.002804
vn 0.631683 -0.767294 -0.110619
vn 0.125342 -0.982173 -0.140092
vn -0.566004 -0.824088 0.022765
vn 0.092511 0.989592 -0.110229
vn -0.173036 -0.983061 0.060412
vn 0.975054 -0.213503 0.06072
vn 0.700115 0.501397 0.50837
vn 0.748715 -0.629298 0.20835
vn 0.66671 -0.698453 0.260117
vn 0.127743 0.035659 0.991166
vn -0.227178 0.303881 0.925228
vn 0.970723 -0.240192 -0.00222
vn 0.973666 -0.227933 -0.004652
vn 0.836436 0.188695 -0.514557
vn 0.730346 -0.4445 -0.518666
vn 0.701644 0.594644 0.392548
vn -0.96512 0.206506 -0.160931
vn -0.00508 0.396731 0.917921
vn -0.277869 -0.016364 0.96048
vn 0.192802 -0.174515 -0.965594
vn -0.396278 -0.402141 -0.825377
vn -0.751393 -0.098508 0.65246
vn 0.733881 -0.198187 0.649724
vn 0.999377 -0.030993 0.016884
vn 0.569482 -0.241006 -0.785879
vn -0.460338 -0.408703 -0.788068
vn -0.991192 -0.129017 -0.029883
vn 0.701227 -0.023122 0.712563
vn 0.914145 0.08209 0.39699
vn 0.476682 0.874158 0.092861
vn -0.476682 -0.874158 -0.092861
vn 0.187109 -0.240509 -0.952442
vn -0.426598 -0.451292 -0.783805
vn -0.752094 -0.022578 0.658669
vn 0.562901 -0.703298 -0.434183
vn 0.121033 -0.48919 -0.863738
vn 0.733031 -0.1248 0.668649
vn 0.999598 -0.019988 0.020132
vn -0.073639 0.530935 -0.844207
vn -0.355131 0.603757 -0.713694
vn 0.446907 0.749002 -0.489152
vn 0.441537 0.749624 -0.49306
vn -0.685203 -0.119664 0.718455
vn 0.63407 0.651025 -0.417279
vn 0.409504 -0.900609 0.145637
vn 0.887655 0.131421 0.441358
vn 0.900152 0.095179 0.42505
vn 0.397313 0.840445 0.368504
vn -0.743674 0.631836 0.218475
vn -0.251064 0.492143 -0.833524
vn -0.573163 0.38177 -0.725077
vn -0.285405 0.953761 -0.094254
vn 0.601855 0.646421 -0.468946
vn -0.173294 0.497421 -0.850025
vn 0.011111 0.556738 -0.830614
vn -0.78114 0.143024 -0.607753
vn 0.671718 0.092366 0.735026
vn 0.943378 0.219435 0.24877
vn 0.617322 -0.183645 0.764976
vn 0.951426 -0.125901 0.280959
vn 0.708297 0.395892 -0.584452
vn 0.751303 0.524585 -0.400442
vn 0.120966 -0.901425 0.415692
vn 0.590362 0.718869 -0.367016
vn 0.377626 0.908271 -0.180119
vn 0.289681 0.766716 0.572915
vn 0.714039 -0.274273 0.644145
vn 0.504449 0.58216 0.637668
vn -0.21787 0.811464 0.542272
vn -0.43805 0.669705 -0.599673
vn -0.453052 0.478556 -0.752149
vn -0.437925 0.501671 -0.746021
vn 0.192878 0.640397 -0.743431
vn 0.331901 0.763253 -0.554335
vn -0.101521 0.541654 -0.834449
vn -0.087424 0.549 -0.831238
vn -0.310176 0.642648 -0.700567
vn 0.568967 -0.10854 0.815166
vn -0.850329 -0.019009 0.525909
vn -0.604755 -0.340693 0.719861
vn 0.505263 -0.551891 -0.66342
vn 0.240901 -0.569644 -0.785794
vn -0.927874 -0.190232 0.320722
vn 0.063673 -0.638325 -0.767129
vn 0.592173 -0.235197 0.770723
vn 0.999083 0.033334 0.026889
vn 0.904647 0.425953 0.013294
vn 0.506629 -0.123737 0.853239
vn -0.110627 -0.575159 0.810527
vn 0.871323 0.435009 -0.227077
vn 0.874485 0.431463 -0.22162
vn 0.758408 0.63506 0.146682
vn 0.636878 0.746533 -0.192548
vn 0.787407 0.604141 0.12249
vn 0.81752 0.510871 0.26584
vn 0.794029 0.599758 0.099035
vn -0.466946 -0.257095 -0.846087
vn 0.577164 0.772547 0.264676
vn -0.433414 -0.026697 -0.900799
vn 0.131065 -0.831482 0.539869
vn 0.686835 0.652195 0.320781
vn 0.344503 -0.716583 0.606487
vn -0.094424 0.99363 -0.061516
vn -0.025598 0.789618 0.613064
vn 0.311609 0.455628 0.833848
vn 0 0.807826 -0.589421
vn -0.894826 -0.073275 0.440361
vn -0.910835 -0.064995 0.407622
vn 0.996194 -0.029826 -0.081898
vn 0.864574 0.276569 -0.419549
vn -0.190496 0.633268 -0.750122
vn 0.95131 -0.12981 0.27957
vn 0.589591 -0.245366 0.769531
vn -0.901538 -0.10108 0.420728
vn 0.341087 0.565066 -0.751239
vn -0.447057 0.488225 -0.749517
vn 0.951897 -0.11683 0.28327
vn 0.612037 -0.191102 0.767392
vn -0.996669 0.018341 0.079462
vn -0.317355 0.643505 -0.696554
vn 0.712066 0.407305 -0.571896
vn 0.951888 -0.116872 0.283285
vn 0.61301 -0.189302 0.767062
vn -0.896294 -0.062926 0.438974
vn 0.336831 0.546461 -0.766762
vn -0.466366 0.458836 -0.756289
vn 0.463306 -0.454716 0.760645
vn 0.466942 -0.455283 0.758079
vn -0.466942 0.455283 -0.758079
vn -0.463306 0.454716 -0.760645
vn 0.951629 -0.102858 0.289522
vn 0.615369 -0.178277 0.767814
vn -0.897085 -0.074403 0.435549
vn 0.327868 0.542866 -0.773175
vn -0.470275 0.444565 -0.762367
vn 0.95115 -0.11389 0.286955
vn 0.61738 -0.184293 0.764773
vn -0.895396 -0.063367 0.440739
vn 0.32404 0.532941 -0.781647
vn -0.481133 0.439777 -0.758358
vn 0.950802 -0.12184 0.284835
vn 0.619655 -0.176049 0.764875
vn -0.892867 -0.047717 0.447785
vn 0.320547 0.526317 -0.787553
vn -0.481841 0.436731 -0.759667
vn 0.950754 -0.121051 0.285329
vn 0.617648 -0.183653 0.764711
vn -0.996201 0.028167 0.082407
vn 0.702476 0.416326 -0.577235
vn -0.486362 0.431799 -0.759606
vn 0.950247 -0.125853 0.284943
vn 0.612271 -0.184917 0.768719
vn -0.893642 -0.052977 0.445642
vn -0.276457 0.670993 -0.687997
vn 0.320812 0.513593 -0.795803
vn 0.950077 -0.127056 0.284974
vn 0.612186 -0.187476 0.768167
vn -0.996148 0.029362 0.08263
vn -0.313931 0.635367 -0.705519
vn 0.703376 0.395133 -0.590874
vn 0.950091 -0.126639 0.285113
vn 0.611248 -0.188398 0.768688
vn -0.996437 0.024283 0.080765
vn -0.282978 0.665468 -0.690706
vn 0.703253 0.417174 -0.575675
vn 0.457245 -0.456144 0.763452
vn 0.459486 -0.456661 0.761796
vn -0.459486 0.456661 -0.761796
vn -0.457245 0.456144 -0.763452
vn 0.07757 -0.521595 0.84966
vn 0.355813 -0.590035 0.724746
vn -0.355813 0.590035 -0.724746
vn -0.07757 0.521595 -0.84966
vn 0.074254 -0.530316 0.844542
vn 0.348589 -0.599696 0.720312
vn -0.069382 0.542683 -0.837067
vn -0.461081 0.458301 -0.759845
vn -0.772951 0.537082 -0.337772
vn -0.909382 0.196961 0.366375
vn 0.489698 -0.612718 0.620301
vn 0.858281 0.294924 -0.419969
vn -0.145865 0.652214 -0.743869
vn 0.461645 -0.448765 0.765176
vn 0.467374 -0.449967 0.76098
vn -0.467374 0.449967 -0.76098
vn -0.461645 0.448765 -0.765176
vn -0.916782 0.055341 0.395536
vn 0.505185 0.765394 -0.398697
vn -0.432264 -0.865157 0.254266
vn -0.869264 -0.492934 -0.037353
vn -0.59065 0.186816 0.785005
vn -0.532919 0.802953 0.266953
vn -0.945196 0.196407 0.260822
vn -0.928812 -0.285689 -0.235989
vn 0.798549 0.210573 0.563896
vn 0.90705 0.375463 -0.190494
vn 0.310925 0.723713 -0.616089
vn -0.629788 -0.454965 0.629582
vn -0.793807 0.032252 -0.607314
vn -0.922024 -0.039716 -0.385089
vn -0.95148 -0.083831 -0.296072
vn 0.838874 0.544321 -0.002209
vn 0.837513 0.546242 -0.013812
vn 0.805339 0.467187 -0.364918
vn 0.855614 0.130001 0.501023
vn -0.453602 -0.884478 0.109287
vn 0.81891 -0.572337 0.042626
vn 0.898882 -0.241449 -0.365669
vn -0.43598 -0.829838 0.348269
vn 0.791641 -0.558864 -0.246934
vn 0.833845 -0.156535 0.529339
vn 0.898459 -0.438757 0.016217
vn 0.857545 -0.080753 0.508032
vn 0.945784 -0.322003 0.042518
vn 0.768643 -0.081431 0.634473
vn 0.82009 -0.284319 0.496604
vn 0.587822 0.16193 0.792619
vn 0.967495 0.139366 0.211024
vn 0.46173 0.665119 -0.586875
vn -0.502456 0.315953 -0.804805
vn -0.74419 -0.133721 -0.654446
vn -0.596543 -0.802066 -0.02876
vn -0.704211 -0.69494 -0.145412
vn -0.199585 -0.965215 -0.168896
vn 0.034955 -0.760585 0.648297
vn 0.63712 -0.39136 0.664014
vn -0.449752 0.892924 -0.020252
vn -0.589915 -0.577312 0.564545
vn 0.152035 0.670002 -0.726624
vn 0.531004 0.599549 -0.598812
vn -0.450187 0.892708 -0.020124
vn 0.838554 0.499848 -0.216745
vn -0.831271 -0.540079 0.131538
vn -0.913683 -0.406115 -0.015908
vn -0.957577 -0.264626 -0.114102
vn -0.946197 -0.309316 -0.095052
vn -0.899642 -0.433946 -0.04832
vn -0.850547 -0.520014 -0.078449
vn -0.829243 -0.550623 -0.095765
vn -0.906201 -0.418366 0.061395
vn -0.800013 -0.387994 0.457645
vn -0.265832 -0.946947 -0.180622
vn -0.147909 -0.951429 -0.270012
vn -0.147237 -0.958608 0.243706
vn 0.249551 -0.6017 0.758737
vn -0.850064 0.032751 0.52566
vn 0.348011 0.406145 0.844946
vn 0.315026 0.620236 0.718377
vn 0.960833 0.25836 0.100253
vn 0.528098 -0.827832 0.189227
vn 0.500802 -0.860593 -0.09261
vn 0.544491 0.058311 -0.836737
vn -0.577257 0.20212 -0.791152
vn 0.537222 0.4035 -0.740662
vn -0.361845 0.222824 -0.905217
vn 0.239396 0.739004 -0.629732
vn -0.44653 0.708604 0.546343
vn 0.11992 -0.475787 0.871347
vn -0.860009 0.35485 0.366696
vn -0.833049 -0.499508 0.237741
vn 0.77233 0.635187 0.006606
vn 0.586626 -0.272404 0.76267
vn 0.775557 0.279823 0.565871
vn -0.991461 -0.102959 0.080024
vn -0.355635 0.861815 0.361662
vn 0.527368 0.417792 -0.739819
vn 0.571971 0.030789 -0.819696
vn -0.60787 0.225094 -0.761464
vn 0.397636 -0.816116 0.419333
vn 0.323851 0.563494 0.759997
vn 0.400729 0.612027 0.681791
vn 0.645171 0.656798 0.390348
vn -0.355919 -0.045536 0.933407
vn -0.66498 -0.425598 0.613733
vn 0.825524 0.563578 -0.029827
vn 0.793545 0.606099 0.054126
vn 0.745271 0.403281 -0.530976
vn -0.182497 -0.974115 -0.1334
vn -0.702042 -0.431452 -0.566556
vn 0.29743 -0.919884 -0.255636
vn 0.387009 0.648953 0.655045
vn -0.256236 0.346792 0.902263
vn -0.851301 -0.414035 0.322276
vn -0.177379 0.351146 0.919365
vn -0.588885 0.161436 0.79193
vn 0.492087 0.181652 -0.851383
vn 0.411525 -0.908659 -0.070611
vn -0.69832 -0.712773 0.065595
vn 0.035213 0.99938 -0.000023
vn -0.270184 -0.595672 -0.756423
vn 0.656464 0.738178 -0.155397
vn 0.136613 0.744563 -0.653424
vn -0.257906 -0.910757 -0.322498
vn -0.328281 -0.807448 -0.490162
vn -0.012104 -0.314865 -0.949059
vn -0.282739 0.765779 0.577617
vn 0.64379 -0.66639 0.37611
vn 0.963388 0.162554 0.213212
vn 0.514142 0.79894 0.312013
vn 0.62029 -0.692594 0.368177
vn 0.456975 0.766189 0.451805
vn 0.929913 0.225667 0.290408
vn -0.314078 -0.947107 0.065908
vn 0.863035 -0.119637 0.490772
vn -0.995319 -0.0016 0.096635
vn -0.723965 0.562052 -0.399964
vn -0.460612 0.601689 -0.652539
vn 0.90972 -0.213543 0.356102
vn -0.481708 -0.865783 0.135563
vn 0.785586 -0.277073 0.55325
vn 0.813535 -0.330325 0.478588
vn 0.061213 -0.967436 -0.245603
vn 0.499219 -0.003344 0.86647
vn 0.37507 -0.134816 0.917141
vn 0.42061 -0.774307 -0.472797
vn 0.490943 -0.736958 -0.464615
vn 0.702017 -0.431535 -0.566524
vn -0.853495 -0.216783 0.473869
vn -0.853763 -0.214213 0.474554
vn 0.137756 0.978143 -0.155758
vn -0.326424 -0.908692 -0.260242
vn -0.491863 0.87045 0.01966
vn -0.504619 0.862766 0.031545
vn -0.426478 0.904496 0.001931
vn 0.379176 0.919759 -0.101334
vn -0.969095 -0.245439 -0.024793
vn -0.836218 -0.312742 0.45048
vn -0.710913 0.69949 -0.072913
vn -0.765166 0.643632 -0.016125
vn -0.775712 0.625243 -0.085684
vn -0.76178 0.643938 -0.07096
vn 0.43 0.748283 0.505147
vn -0.749047 0.659598 -0.062124
vn -0.452949 -0.891138 -0.026651
vn -0.698357 -0.688356 -0.196123
vn -0.756168 0.651052 -0.06588
vn -0.71538 0.185793 -0.673581
vn -0.454432 0.888528 -0.063325
vn -0.945627 -0.32235 0.04336
vn -0.95233 -0.304601 0.01692
vn -0.917835 -0.186896 -0.350212
vn 0.900674 -0.400442 0.168623
vn -0.353755 -0.935242 -0.013413
vn 0.604326 0.782619 -0.149324
vn -0.220593 -0.969975 0.10241
vn -0.32395 -0.922789 -0.208607
vn 0.116489 -0.531422 0.839059
vn -0.659251 -0.005402 0.751904
vn -0.98097 0.18092 0.070462
vn 0.380675 0.782021 -0.493487
vn -0.70647 -0.700905 -0.098149
vn -0.557843 -0.826464 -0.075945
vn -0.918603 -0.14169 -0.368907
vn -0.952746 0.17163 -0.250636
vn 0.06411 0.754823 -0.652787
vn -0.357317 0.758506 -0.544971
vn -0.119245 0.991407 -0.053793
vn -0.579777 0.78945 0.20156
vn -0.880212 0.474581 -0.000314
vn 0.20755 0.969452 -0.130716
vn 0.653765 -0.747866 -0.115273
vn -0.571128 -0.246322 0.783032
vn 0.944853 -0.326732 -0.022346
vn 0.619905 -0.769901 0.151557
vn -0.50008 -0.837543 -0.220095
vn 0.460279 0.037281 -0.886991
vn -0.153432 -0.18528 0.970634
vn -0.163788 -0.028168 0.986093
vn -0.208088 0.104864 0.972473
vn -0.701494 -0.699948 -0.134085
vn -0.647872 -0.708298 -0.280313
vn 0.520413 0.852241 -0.053431
vn 0.94918 0.075387 0.305571
vn 0.638591 -0.7626 -0.103164
vn -0.042962 -0.970929 -0.23548
vn -0.786373 0.547894 0.28536
vn 0.617362 0.690001 0.377839
vn 0.686581 0.727052 0.001035
vn 0.597078 -0.517192 0.613197
vn 0.293382 -0.952318 0.083766
vn 0.726552 0.140858 -0.672519
vn 0.901626 -0.222939 -0.370633
vn 0.735666 0.302 -0.606293
vn 0.604236 -0.512288 0.610295
vn 0.631511 -0.519845 0.575287
vn 0.449915 0.892848 -0.01997
vn 0.450045 0.892783 -0.019932
vn -0.56879 -0.017118 -0.822305
vn 0.75772 0.604224 0.246523
vn 0.597076 -0.792302 0.125533
vn 0.745671 -0.666143 -0.015094
vn 0.811432 -0.578441 -0.083566
vn 0.825793 -0.556482 -0.091616
vn 0.850437 -0.52018 -0.078545
vn 0.829122 -0.550787 -0.095869
vn 0.90612 -0.41855 0.06134
vn 0.79876 -0.3878 0.459993
vn -0.000217 0.099869 0.995001
vn -0.7167 0.678123 -0.162758
vn 0.569475 0.621163 -0.538382
vn 0.331924 -0.922206 -0.198398
vn 0.211202 -0.963177 -0.166384
vn -0.823021 -0.224859 -0.521607
vn -0.185632 -0.946306 -0.264661
vn 0.540278 0.840285 0.044956
vn 0.606032 0.448904 -0.656666
vn -0.630469 -0.664037 -0.401951
vn -0.965593 -0.063272 0.252244
vn 0.349105 -0.933095 0.086371
vn 0.965365 -0.058183 -0.254331
vn 0.498893 -0.86665 -0.004835
vn -0.020542 -0.219522 -0.975391
vn -0.273504 -0.099627 0.956697
vn 0.237075 0.658489 -0.714274
vn 0.738676 -0.647404 -0.187687
vn 0.140969 0.985941 -0.089707
vn 0.857198 0.374676 -0.353312
vn 0.573225 0.505402 0.644967
vn -0.58807 0.161409 0.792541
vn -0.587852 0.161969 0.792588
vn -0.587478 0.162375 0.792782
vn -0.857845 -0.226065 0.461516
vn -0.82006 -0.568262 0.067677
vn -0.826235 -0.544074 -0.146015
vn 0.718943 0.667793 0.192806
vn -0.635968 -0.754978 -0.159856
vn 0.5978 0.774634 0.206341
vn 0.389851 -0.920306 0.032437
vn 0.592449 0.792294 0.145858
vn -0.485806 -0.660815 -0.572115
vn 0.529091 0.3014 0.793234
vn 0.571836 -0.245853 0.782662
vn 0.373893 -0.62766 0.682823
vn -0.944852 -0.326734 -0.022347
vn -0.837148 -0.544517 -0.051819
vn -0.653764 -0.747867 -0.115273
vn -0.526053 -0.838869 -0.139881
vn 0.141734 -0.987533 -0.068485
vn 0.21636 -0.975226 0.046066
vn 0.297979 -0.86481 0.40412
vn -0.702284 0.646034 -0.299061
vn -0.646938 0.292604 0.704169
vn -0.128393 0.258511 0.957438
vn -0.080708 0.352411 0.932359
vn -0.080861 -0.847664 0.524335
vn 0.019204 0.900955 -0.433487
vn -0.629178 0.699163 -0.339567
vn -0.494404 0.833563 -0.246448
vn 0.366286 -0.912397 -0.182666
vn -0.079843 0.991403 0.103655
vn 0.141328 -0.985617 -0.092663
vn 0.12698 -0.275134 -0.952983
vn 0.208342 -0.967124 -0.145828
vn 0.167544 -0.975372 -0.143449
vn 0.234756 -0.949874 -0.206469
vn 0.152101 -0.97762 -0.145339
vn 0.181677 -0.941263 0.284637
vn -0.54481 0.403645 -0.735019
vn -0.781225 0.047842 -0.622413
vn -0.56942 0.379491 -0.72921
vn -0.181806 -0.688468 0.70211
vn -0.510536 0.521262 0.683841
vn -0.224948 -0.759068 0.610913
vn -0.569311 0.28137 0.772474
vn -0.305325 -0.349553 0.885771
vn 0.157375 0.341925 0.926456
vn 0.396833 0.248418 0.883636
vn -0.471009 0.104398 0.875929
vn -0.779642 0.352477 0.517609
vn -0.386791 -0.892458 0.232189
vn 0.085179 -0.950352 -0.299293
vn 0.132597 -0.98748 -0.085445
vn 0.154663 -0.953946 -0.257034
vn 0.126342 -0.989919 -0.064017
vn 0.61061 0.231312 -0.757397
vn -0.606568 0.24097 -0.757634
vn -0.463589 -0.702461 -0.540031
vn -0.367204 0.562265 -0.740958
vn -0.25708 0.839988 -0.477839
vn 0.172633 0.980616 0.092686
vn -0.520841 -0.168185 -0.836922
vn -0.608576 0.209349 -0.765381
vn -0.541876 -0.777637 -0.318828
vn 0.201077 0.770273 -0.605184
vn -0.234312 -0.950041 -0.206203
vn -0.533452 -0.845129 0.034438
vn -0.963376 0.178685 0.199948
vn -0.929249 -0.360407 0.081258
vn 0.113856 -0.499857 -0.858592
vn -0.267455 -0.960082 0.081915
vn -0.613529 -0.789671 0.001362
vn -0.134228 -0.988322 -0.07213
vn -0.17279 -0.962965 -0.206982
vn -0.536295 0.786267 0.306874
vn 0.135057 -0.989438 -0.052646
vn -0.068504 -0.988265 -0.136527
vn 0.710053 -0.68379 0.168095
vn -0.881992 0.3788 0.280358
vn -0.237604 -0.121102 0.963783
vn -0.499228 -0.003348 0.866464
vn -0.623334 -0.118733 0.772889
vn -0.63243 -0.547407 -0.548067
vn -0.760193 -0.647403 0.054547
vn 0.023304 -0.22775 0.973441
vn -0.751871 -0.659262 -0.007956
vn -0.263574 0.650585 0.712227
vn 0.074252 -0.138684 0.987549
vn -0.412978 0.909395 0.049499
vn -0.559948 0.70971 -0.427515
vn -0.66555 -0.16254 -0.728439
vn -0.02561 0.34874 0.936869
vn 0.080061 0.404225 0.911149
vn 0.078159 0.401253 0.912627
vn 0.449724 0.892945 -0.019934
vn 0.90664 0.421767 -0.010829
vn 0.627503 0.775708 -0.067207
vn 0.65845 0.750229 -0.059998
vn 0.674356 0.736362 -0.054909
vn 0.61303 0.785844 -0.08151
vn 0.66605 0.744554 -0.044902
vn 0.81832 0.532482 0.216366
vn -0.03823 -0.075481 0.996414
vn -0.701744 0.711017 0.044829
vn 0.222998 -0.057661 0.973112
vn -0.106509 0.987798 0.113629
vn 0.224698 0.971685 -0.073063
vn -0.091085 0.983816 0.154305
vn 0.261531 -0.951194 0.163803
vn -0.038179 0.963209 0.266027
vn -0.074255 -0.13869 0.987548
vn -0.742548 -0.298522 0.599589
vn -0.747756 -0.454776 0.483776
vn -0.578883 0.758436 -0.299449
vn -0.535591 0.774718 -0.336086
vn -0.074183 0.980389 0.182576
vn 0.695897 -0.705374 -0.134816
vn -0.695897 0.705374 0.134816
vn 0.125281 -0.21259 -0.969077
vn -0.672979 -0.495156 -0.549472
vn 0.234457 -0.867702 -0.438317
vn 0.268541 -0.890078 -0.368303
vn -0.833897 0.548438 0.061896
vn 0.339746 -0.928096 -0.152349
vn -0.131735 0.98081 0.14373
vn 0.263588 0.650614 0.712195
vn 0.491776 0.870505 0.019418
vn 0.446236 -0.852428 0.272472
vn -0.383136 0.881203 -0.276925
vn -0.659944 -0.680717 0.31796
vn -0.748624 -0.629138 0.20916
vn -0.991725 -0.110009 -0.066174
vn 0.227185 0.303885 0.925225
vn -0.033797 0.235271 0.971342
vn 0.195774 -0.394698 0.897711
vn -0.970838 -0.233557 -0.054087
vn -0.173425 0.921429 -0.347696
vn -0.186766 -0.840778 -0.508145
vn 0.122721 0.177444 -0.976449
vn 0.268559 0.340206 -0.901186
vn 0.201732 0.843298 -0.49815
vn -0.352243 0.808862 -0.470815
vn -0.544519 0.835294 -0.076051
vn 0.672971 -0.495196 -0.549446
vn 0.508238 0.844637 -0.168175
vn -0.201009 0.720286 -0.663916
vn 0.627252 0.291792 -0.722089
vn -0.577516 0.748224 -0.326553
vn -0.458177 0.814397 -0.356133
vn -0.337902 0.931403 0.135316
vn 0.044867 0.652131 0.756777
vn 0.105849 0.706201 0.700055
vn -0.213641 0.976875 0.008517
vn 0.227446 0.635357 -0.737964
vn 0.444787 -0.890437 0.096363
vn 0.872969 0.349897 -0.339849
vn 0.473883 0.836275 -0.275824
vn -0.18155 0.75586 -0.629059
vn -0.458701 0.031693 -0.888026
vn 0.031982 0.761871 -0.646939
vn -0.440396 0.894937 -0.071693
vn 0.495822 -0.83847 -0.226118
vn 0.638436 0.137453 -0.757302
vn 0.059799 0.929886 0.362954
vn 0.567448 0.822595 0.036613
vn 0.629621 0.748729 0.207323
vn 0.033954 0.999204 0.020925
vn 0.582374 -0.81292 0.000502
vn 0.816486 0.345399 0.462655
vn 0.444258 -0.043516 0.894841
vn 0.53708 -0.785576 -0.30727
vn 0.51404 -0.168306 -0.841092
vn 0.298299 0.123061 -0.946506
vn -0.070363 0.507901 0.858537
vn -0.118385 -0.491079 -0.863033
vn -0.369216 -0.562588 -0.739712
vn -0.206354 0.256627 0.944225
vn -0.164813 0.352756 0.921086
vn 0.545498 0.699447 -0.461742
vn 0.934995 -0.01423 -0.354376
vn -0.050168 0.204301 -0.977622
vn 0.51101 0.482041 -0.711692
vn 0.423117 0.827241 -0.369654
vn 0.506681 0.482234 -0.71465
vn 0.436351 0.460696 -0.772889
vn -0.19143 -0.91082 -0.365734
vn -0.066124 -0.081201 -0.994502
vn -0.169905 -0.942221 -0.288708
vn -0.271617 0.904054 -0.330018
vn 0.658737 -0.1437 -0.738523
vn 0.530803 -0.56968 -0.627466
vn 0.326693 -0.921974 -0.207931
vn 0.107459 0.266735 0.95776
vn -0.087662 0.953128 -0.289589
vn -0.246435 0.930232 -0.271916
vn -0.672999 0.677082 -0.297711
vn -0.084955 0.992347 -0.089614
vn -0.587501 -0.809185 -0.007908
vn -0.612136 -0.790585 -0.016286
vn -0.368317 0.783642 -0.500247
vn -0.505842 0.733517 -0.453957
vn -0.770266 -0.389796 0.504728
vn 0.392108 -0.896704 0.205362
vn -0.789075 -0.514833 0.335123
vn -0.119572 0.990368 0.069813
vn -0.649309 -0.66823 0.363135
vn -0.740459 0.67197 0.013328
vn -0.745143 -0.386315 0.54362
vn 0.012651 0.851806 0.523705
vn 0.070865 0.450788 0.889814
vn 0.077121 0.367323 0.926891
vn 0.075912 0.399882 0.913418
vn -0.059782 0.929885 0.362961
vn -0.356564 0.908341 0.218585
vn 0.075566 0.381802 0.92115
vn -0.629626 0.748723 0.20733
vn -0.444258 -0.04352 0.894841
vn -0.816489 0.345392 0.462656
vn -0.215178 0.831438 -0.51226
vn -0.145556 0.365259 0.919456
vn -0.080386 0.299967 0.950556
vn -0.143238 0.989336 -0.026388
vn 0.118922 0.746946 -0.654164
vn -0.06791 -0.968045 -0.241407
vn -0.060421 0.99132 -0.116766
vn 0.473116 -0.851719 0.225246
vn -0.061364 0.991281 -0.116603
vn -0.092904 0.991022 -0.096149
vn -0.117778 0.99285 -0.019435
vn -0.7506 -0.471039 0.463381
vn -0.723709 -0.522096 0.451289
vn -0.753628 -0.4559 0.473497
vn -0.505048 0.803438 0.3153
vn 0.174124 -0.984114 -0.034655
vn -0.129213 -0.991299 -0.025101
vn -0.128341 -0.991724 -0.003582
vn -0.161759 -0.960482 0.226514
vn -0.154157 -0.972999 0.171782
vn -0.095129 -0.980387 -0.172601
vn -0.613484 -0.752646 -0.239084
vn 0.093336 0.929253 -0.357458
vn 0.127482 0.890116 -0.43754
vn -0.115115 -0.401294 0.908687
vn 0.071661 0.943778 -0.322718
vn 0.127213 -0.99118 -0.03715
vn -0.363456 0.093288 -0.926929
vn -0.617417 0.766909 -0.175063
vn 0.161696 0.952908 -0.256556
vn 0.18427 -0.588487 0.787228
vn 0.146616 -0.982146 0.117872
vn 0.140815 -0.986134 0.087807
vn 0.127883 -0.990701 -0.046451
vn 0.037687 -0.949708 0.310862
vn 0.123299 -0.987128 -0.101866
vn 0.126985 -0.989022 -0.07557
vn 0.157133 -0.980604 0.117153
vn 0.118643 -0.990347 -0.071667
vn 0.138992 -0.990265 -0.00754
vn 0.125262 -0.991228 -0.042154
vn 0.55008 0.666214 -0.503558
vn 0.360135 0.909086 -0.209439
vn 0.003698 0.690995 -0.72285
vn -0.144509 0.961356 -0.234333
vn 0.703249 0.093353 0.704788
vn -0.056696 0.995804 0.071836
vn 0.352129 -0.204847 0.91326
vn -0.075065 0.336256 0.938774
vn 0.08623 0.964828 0.248337
vn 0.480808 0.014711 0.876702
vn -0.242654 -0.96368 0.111535
vn 0.526054 -0.838869 -0.139881
vn -0.650316 -0.718544 -0.246544
vn 0.194295 0.696948 0.690299
vn -0.545182 -0.769651 -0.332286
vn -0.743169 -0.539461 -0.39583
vn -0.591205 -0.675346 0.44089
vn -0.887589 -0.459968 0.024796
vn -0.747128 -0.5792 -0.326078
vn -0.320749 -0.673123 -0.666352
vn 0.562467 0.818474 0.117178
vn -0.827298 0.55749 0.069152
vn 0.53976 0.789578 -0.291936
vn -0.526975 -0.845167 0.089391
vn 0.177795 -0.981624 -0.069301
vn 0.981644 -0.032561 -0.187923
vn -0.430242 -0.323331 -0.842822
vn -0.228803 -0.295911 -0.927408
vn 0.307619 -0.949654 -0.059395
vn 0.110986 -0.99382 -0.001817
vn -0.02821 0.988246 -0.150244
vn -0.016899 0.996674 -0.079725
vn -0.012061 0.97984 -0.199418
vn 0.281306 -0.922597 0.263972
vn 0.274345 -0.932988 0.232957
vn 0.246599 -0.956491 0.15593
vn -0.765661 0.641453 0.047962
vn 0.392641 -0.919453 -0.020961
vn 0.375868 -0.92632 0.025591
vn -0.618783 0.76295 -0.18712
vn -0.767275 -0.363096 0.52863
vn -0.47013 -0.529723 -0.705954
vn -0.196303 -0.510183 0.837364
vn 0.336831 -0.931517 -0.13719
vn 0.203795 0.975195 0.086388
vn 0.001043 -0.917526 -0.397674
vn 0.392743 -0.49147 0.77731
vn 0.607224 0.760422 0.230299
vn 0.543014 0.798116 0.261051
vn 0.734933 0.622822 0.268266
vn 0.111085 0.991319 -0.070341
vn -0.28506 0.775048 0.563952
vn 0.163048 0.958715 -0.232985
vn 0.044574 0.896724 0.44034
vn 0.170013 0.93285 -0.317626
vn -0.153658 -0.155 0.975892
vn -0.142963 0.083252 0.98622
vn 0.650317 -0.718543 -0.246544
vn 0.545183 -0.769651 -0.332286
vn 0.10577 0.994376 0.005388
vn 0.095318 0.995102 -0.026204
vn 0.743568 -0.538335 -0.396614
vn 0.155782 0.985422 -0.068373
vn 0.091191 0.995806 -0.007415
vn 0.089096 0.996006 -0.005883
vn 0.126043 0.991698 -0.025453
vn 0.17811 0.98401 -0.001361
vn 0.747667 -0.578809 -0.325538
vn -0.370974 -0.629547 0.682678
vn 0.056023 0.996656 -0.059475
vn 0.162988 0.981322 -0.10219
vn 0.149297 0.988789 0.002607
vn -0.234201 -0.8613 -0.450902
vn -0.167431 -0.943993 0.284332
vn -0.523386 -0.830499 0.190626
vn 0.544363 0.812489 -0.208638
vn -0.452381 0.890333 0.051562
vn 0.826759 0.557505 0.07522
vn -0.515133 0.827945 0.221685
vn -0.575733 0.814253 -0.074314
vn 0.405286 0.774165 -0.486222
vn -0.922186 -0.197272 -0.33265
vn -0.717542 -0.099149 -0.689422
vn -0.358951 -0.928131 0.098624
vn -0.448025 -0.893758 -0.021676
vn 0.445644 0.722424 0.528682
vn -0.863522 -0.488252 0.126252
vn -0.28339 -0.950148 -0.13003
vn -0.259973 -0.954683 -0.144897
vn -0.274129 -0.95263 -0.13172
vn -0.266174 -0.954058 -0.137565
vn 0.488264 0.288277 0.823708
vn -0.249724 -0.939721 -0.233588
vn -0.324527 -0.909507 -0.259767
vn 0.500867 0.345624 0.793521
vn -0.297563 -0.919843 -0.255627
vn 0.318399 0.058798 -0.946132
vn -0.210165 -0.945734 -0.247827
vn 0.273048 -0.204763 -0.939956
vn -0.519652 0.167717 -0.837755
vn 0.412449 -0.554707 0.722625
vn -0.566401 0.583889 0.581605
vn 0.060299 -0.989335 -0.132587
vn -0.734371 -0.533254 0.419928
vn 0.292338 -0.746107 0.598217
vn 0.472668 -0.708811 0.523614
vn 0.652397 -0.653461 0.383884
vn 0.643426 -0.656481 0.393746
vn 0.274463 0.225622 0.934754
vn 0.85766 0.077021 0.508417
vn 0.060743 0.64546 0.761374
vn -0.124878 0.991961 -0.02048
vn -0.063429 0.741181 0.668302
vn -0.194689 -0.219913 0.955894
vn -0.391659 -0.388378 0.834125
vn -0.387689 -0.437885 0.811144
vn -0.391347 -0.497007 0.774488
vn -0.4776 -0.610861 0.631465
vn -0.172601 0.984988 0.002788
vn 0.005128 0.396682 0.917942
vn 0.973571 0.199116 0.111856
vn -0.042946 -0.98441 -0.170563
vn -0.291458 -0.767763 0.570607
vn 0.582631 -0.756023 0.29828
vn 0.468253 -0.848953 0.244984
vn 0.541648 0.783577 0.304342
vn 0.721685 -0.462648 0.514905
vn 0.75953 0.650472 -0.000943
vn 0.94583 0.231469 0.227656
vn 0.996069 -0.065843 0.059257
vn 0.918737 -0.392969 0.038686
vn 0.523664 -0.851389 -0.030198
vn 0.588543 0.278052 -0.759147
vn 0.269287 -0.953412 -0.135975
vn -0.125172 0.991663 0.030602
vn 0.399868 0.09246 -0.911897
vn 0.274086 -0.952674 -0.131491
vn 0.313029 -0.947995 -0.057607
vn 0.249584 -0.939755 -0.233597
vn 0.249271 -0.777366 -0.577552
vn 0.496146 -0.816849 -0.294273
vn 0.324376 -0.909559 -0.259775
vn 0.326271 -0.908745 -0.260249
vn -0.318595 0.058911 -0.946058
vn -0.273242 -0.204885 -0.939873
vn 0.281096 0.787904 0.547898
vn 0.442043 -0.067524 -0.894449
vn 0.558303 -0.769069 0.311177
vn 0.666067 -0.696571 0.266728
vn -0.107466 0.266736 0.957759
vn 0.956248 0.239925 -0.167412
vn -0.607078 -0.794065 0.030286
vn -0.472664 -0.708813 0.523616
vn -0.652392 -0.653465 0.383887
vn -0.643433 -0.65648 0.393736
vn -0.393297 -0.474786 0.787335
vn -0.05954 -0.709564 -0.702121
vn -0.778166 -0.451711 0.436365
vn -0.520391 0.158294 0.839128
vn -0.219267 0.590373 0.776777
vn -0.857661 0.07702 0.508416
vn -0.068963 -0.163185 0.984182
vn 0.063378 0.74108 0.668418
vn -0.931522 -0.346443 -0.110652
vn -0.618399 0.327772 0.714247
vn 0.102477 -0.921972 0.373452
vn 0.10612 -0.91007 0.400638
vn 0.109178 -0.915886 0.386307
vn 0.105412 -0.915342 0.388634
vn -0.664289 0.006011 -0.747451
vn -0.182741 -0.651645 -0.736182
vn 0.131253 -0.967055 -0.21812
vn -0.996069 -0.065843 0.059257
vn -0.477539 0.861376 -0.173169
vn -0.347453 0.200265 -0.916063
vn 0.187726 0.216536 0.958056
vn -0.467454 -0.097427 0.878632
vn 0.023904 -0.854632 0.518683
vn -0.121119 -0.988234 -0.093396
vn 0.071816 -0.980534 0.182747
vn -0.060613 -0.996411 0.059079
vn -0.120734 -0.990207 -0.070099
vn -0.117993 -0.990192 -0.074811
vn -0.126986 -0.989792 -0.064702
vn -0.105137 -0.99358 -0.041777
vn -0.105415 -0.993551 -0.041773
vn 0.726457 0.353863 -0.589101
vn 0.136992 -0.966245 -0.218183
vn 0.361856 -0.567393 -0.739679
vn 0.219534 -0.770983 -0.59782
vn 0.288859 -0.69887 -0.654325
vn -0.16047 -0.937287 0.309422
vn -0.570168 -0.510087 0.643987
vn -0.783357 0.353497 0.511265
vn 0.996069 0.065843 -0.059257
vn -0.25359 -0.212123 0.943767
vn 0.288561 0.403108 -0.868468
vn -0.631727 0.251187 -0.733366
vn -0.305069 -0.126749 0.943858
vn -0.286781 -0.765341 0.576203
vn 0.213378 -0.151623 -0.965132
vn -0.522424 0.850905 -0.055075
vn 0.299455 -0.556743 -0.774832
vn 0.821029 0.569382 -0.041426
vn -0.141974 0.970815 -0.193292
vn 0.004251 0.973222 -0.229829
vn 0.154179 0.933604 0.323438
vn 0.045696 0.995238 0.086105
vn -0.088831 0.996003 0.009335
vn -0.035492 0.999073 0.024343
vn -0.038395 0.998377 0.04207
vn 0.120022 0.99195 -0.040377
vn 0.105838 0.994332 0.010064
vn -0.28775 0.949418 -0.125723
vn -0.612298 0.727358 -0.309907
vn -0.203448 0.916003 -0.345756
vn 0.087945 0.711916 -0.696736
vn -0.125076 0.775166 -0.619253
vn -0.354988 0.909629 0.215774
vn -0.146691 0.928774 0.340382
vn -0.453121 0.808894 0.374663
vn -0.583314 0.578101 0.570564
vn -0.203706 -0.77675 -0.595956
vn -0.941796 -0.027435 0.335064
vn -0.667956 -0.614376 -0.419973
vn -0.637115 -0.391365 0.664017
vn -0.226588 0.149452 0.962456
vn 0.978511 0.174179 0.110353
vn -0.944782 0.189574 0.267299
vn 0.08662 0.375967 0.922576
vn -0.105682 -0.987026 0.120875
vn -0.046263 -0.953878 0.296608
vn -0.044084 -0.949648 0.310201
vn -0.047866 -0.96959 0.240006
vn -0.047825 -0.970507 0.23628
vn -0.032789 -0.998341 -0.04733
vn -0.195964 0.052081 0.979227
vn -0.104793 0.815579 0.569077
vn -0.132216 0.986753 -0.094013
vn 0.45962 -0.166359 0.872395
vn 0.550022 -0.404557 0.730623
vn 0.000009 -0.970378 -0.241592
vn 0.000009 -0.997843 0.065642
vn -0.313104 -0.947958 -0.057804
vn -0.289298 -0.950282 -0.115201
vn -0.297894 -0.949423 -0.09927
vn 0.055413 0.609858 0.790571
vn -0.64363 -0.063336 -0.762712
vn -0.216339 0.004155 -0.976309
vn 0.529906 0.785905 -0.318674
vn 0.678935 -0.68394 -0.266972
vn 0.446467 0.290353 -0.846382
vn 0.034091 0.984584 -0.17156
vn -0.223803 0.834587 -0.503366
vn -0.536957 0.776987 -0.328585
vn 0.104354 0.992583 -0.062368
vn 0.309039 0.344661 -0.8864
vn 0.019461 0.990401 -0.136844
vn -0.000694 0.9988 -0.048968
vn 0.089367 0.992143 -0.087557
vn -0.065719 0.997837 -0.001623
vn 0.134412 0.979022 0.15313
vn 0.12932 0.98695 0.09595
vn 0.128417 0.990262 0.053765
vn 0.340763 0.917292 -0.206047
vn 0.098378 0.994468 -0.036802
vn -0.048299 0.994215 0.095936
vn -0.089568 0.986163 0.139497
vn -0.157568 0.962817 0.219446
vn -0.215762 0.930698 0.295379
vn -0.204355 0.938099 0.279659
vn -0.091525 0.99482 -0.044238
vn -0.086566 0.995069 -0.048421
vn -0.208093 -0.96721 -0.145607
vn -0.066748 -0.994406 -0.081857
vn -0.038237 -0.963073 -0.266512
vn -0.193711 -0.944347 -0.265866
vn -0.135909 -0.990284 -0.029432
vn -0.130158 -0.991285 0.020317
vn -0.136213 -0.990183 -0.031375
vn -0.10896 -0.993912 0.016307
vn -0.149318 -0.980923 0.124479
vn -0.123668 -0.99185 -0.030641
vn -0.125341 -0.99141 -0.037352
vn -0.103033 -0.98653 -0.127054
vn -0.162025 0.983496 -0.080521
vn -0.155411 0.980177 -0.122885
vn -0.117794 0.986186 -0.116452
vn -0.12414 0.991962 -0.024503
vn -0.088742 0.996043 -0.004835
vn -0.250123 0.076266 0.965206
vn -0.205045 0.977834 -0.042399
vn -0.152353 0.98769 -0.035441
vn -0.307062 0.950996 -0.036323
vn 0.365815 0.164593 -0.916018
vn 0.413132 -0.006641 -0.910647
vn -0.230176 0.972027 -0.046719
vn -0.028526 0.989061 -0.144721
vn -0.048752 0.989866 -0.133371
vn -0.060694 0.990217 -0.125647
vn 0.070007 0.973423 -0.218054
vn 0.071846 0.972955 -0.219538
vn -0.117006 0.992412 -0.037799
vn -0.069677 0.993708 -0.087687
vn -0.349933 0.843994 0.406473
vn -0.031905 0.975548 -0.217457
vn -0.057834 0.991493 -0.116606
vn -0.048081 0.984356 -0.169503
vn -0.259548 0.962409 -0.080023
vn 0.005653 0.998559 -0.053373
vn -0.195689 0.890739 0.410232
vn -0.108757 0.94907 -0.295699
vn -0.016005 0.645455 -0.763631
vn 0.155263 -0.923813 -0.349947
vn -0.077155 0.99486 -0.065585
vn -0.109191 0.978774 -0.173432
vn -0.089024 0.991321 -0.096735
vn -0.086512 0.992018 -0.091737
vn -0.042156 0.971273 -0.234203
vn -0.039206 0.4034 0.914183
vn -0.042171 0.97123 -0.234379
vn -0.280662 0.910654 -0.303213
vn -0.27814 0.899408 -0.3372
vn -0.435263 0.446766 -0.781631
vn -0.246153 -0.701475 -0.668836
vn -0.198244 -0.871138 -0.449243
vn 0.409302 0.670788 -0.618478
vn 0.656351 0.575997 -0.487269
vn -0.107999 0.44908 0.886941
vn 0.610365 0.791966 -0.015644
vn 0.358071 0.908841 0.213995
vn 0.146677 0.928776 0.340383
vn 0.387832 0.913994 -0.119169
vn -0.052425 0.937088 -0.345134
vn 0.751542 0.472963 -0.459881
vn 0.955352 -0.068374 -0.287449
vn -0.046261 0.93876 -0.341452
vn 0.163729 0.952653 -0.256213
vn -0.052628 0.943217 -0.32798
vn -0.289656 0.879647 -0.377255
vn 0.124607 0.774301 -0.620428
vn 0.276157 0.805088 -0.524948
vn -0.087455 0.712703 -0.695993
vn 0.483596 0.763105 -0.428725
vn 0.027099 0.941976 -0.334584
vn -0.563521 0.724571 -0.396789
vn -0.429408 -0.766743 -0.477194
vn -0.928345 0.022158 -0.371058
vn 0.12949 -0.991328 0.022372
vn 0.122169 -0.992284 -0.021151
vn 0.114196 -0.992369 -0.046514
vn 0.122598 -0.992104 -0.026458
vn 0.095865 -0.993041 -0.068411
vn 0.116283 -0.991945 -0.050229
vn 0.141289 -0.989504 0.030315
vn 0.116453 -0.989987 -0.079773
vn 0.137285 -0.990359 -0.018495
vn 0.130096 -0.991064 -0.029437
vn 0.327917 -0.047407 -0.943516
vn 0.20409 -0.977939 0.044525
vn 0.163056 -0.986535 0.012686
vn 0.303111 -0.948545 0.091578
vn 0.508864 -0.379297 -0.772781
vn 0.157712 -0.984531 0.076324
vn 0.160832 -0.984043 0.076107
vn 0.048512 -0.99365 0.101516
vn 0.069158 -0.993149 0.094192
vn 0.079501 -0.992828 0.089284
vn -0.028484 -0.988135 0.150924
vn -0.029902 -0.987936 0.151947
vn 0.12617 -0.982437 0.137472
vn -0.285244 0.231417 0.930098
vn -0.702946 -0.61151 0.363213
vn -0.404314 -0.873495 0.271178
vn 0.11537 0.992999 0.02536
vn -0.139693 -0.989339 -0.041164
vn 0.811366 -0.572425 0.118384
vn 0.628257 -0.778002 0.002675
vn 0.540438 -0.378669 0.751357
vn -0.039299 -0.999028 0.019962
vn 0.086369 -0.956878 0.277352
vn 0.178508 -0.982518 0.052844
vn 0.143423 -0.98771 -0.062117
vn 0.113701 -0.993337 0.018784
vn 0.313759 -0.94822 -0.049337
vn 0.145003 -0.989418 -0.005163
vn 0.067491 -0.995443 0.067365
vn 0.128196 -0.991698 0.010034
vn 0.153587 -0.988009 -0.015797
vn 0.027143 -0.973977 0.225017
vn -0.147998 0.988724 -0.022828
vn 0.286744 -0.901221 -0.324929
vn 0.043047 -0.971662 0.232423
vn 0.36356 -0.911837 0.190731
vn 0.127751 -0.991784 0.006648
vn 0.118781 -0.992916 0.003059
vn 0.175233 -0.984332 0.019601
vn 0.062787 -0.998026 0.001008
vn -0.006398 -0.999979 -0.000934
vn 0.052201 0.989242 0.136658
vn 0.273911 0.854701 -0.440975
vn 0.892039 0.035386 -0.450571
vn 0.470133 -0.87697 0.099493
vn 0.348482 -0.919968 0.179496
vn 0.395474 -0.90716 0.143739
vn 0.372777 -0.819045 0.436122
vn 0.267706 -0.884064 0.383099
vn 0.059215 -0.975151 0.213479
vn 0.16104 -0.936687 0.310941
vn -0.056645 -0.972217 0.227126
vn 0.570946 -0.629708 0.526771
vn 0.990438 -0.091107 0.103597
vn 0.786002 -0.374538 0.491856
vn 0.961039 0.165025 0.221743
vn -0.123256 -0.209503 -0.970009
vn 0.148066 0.988799 0.018767
vn 0.030394 0.934845 0.353751
vn 0.17607 0.983435 -0.043066
vn 0.134722 0.990843 0.00898
vn 0.110724 0.9938 0.010051
vn 0.122817 0.992135 0.024172
vn 0.182969 0.939126 -0.290799
vn 0.066017 0.993701 -0.09055
vn 0.095636 0.995062 -0.026549
vn 0.115882 0.992624 0.03561
vn 0.104527 0.994004 -0.032085
vn 0.138101 0.989497 -0.042701
vn -0.065702 0.753009 -0.654722
vn 0.100613 0.994771 -0.01754
vn 0.122452 0.992272 -0.020064
vn 0.077437 0.996743 -0.022524
vn 0.147026 0.98908 -0.010204
vn 0.104742 0.994066 -0.029368
vn 0.123304 0.992156 -0.020554
vn 0.19367 0.980854 0.020432
vn 0.126627 0.991614 -0.02583
vn 0.135391 0.99061 -0.019009
vn 0.061394 0.994711 -0.082346
vn 0.092328 0.994274 -0.053794
vn 0.13263 0.99107 -0.013794
vn 0.084611 0.994354 -0.064042
vn 0.095524 0.994057 -0.052217
vn 0.145191 0.989388 0.005635
vn 0.175081 0.983657 0.042025
vn 0.236182 0.964315 0.119642
vn 0.109574 0.992996 -0.044176
vn 0.125208 0.988385 -0.086126
vn 0.10652 0.993053 -0.05
vn 0.110783 0.992239 -0.056468
vn 0.121728 0.990101 -0.06988
vn 0.115801 0.991192 -0.064252
vn 0.143646 0.986009 -0.084568
vn 0.181172 0.977557 -0.107513
vn 0.169251 0.979931 -0.105307
vn 0.213984 0.970766 -0.108738
vn 0.120209 0.986334 -0.112674
vn 0.0444 0.991192 -0.124772
vn 0.416587 -0.150968 -0.896473
vn 0.030212 0.960298 -0.277336
vn 0.004545 0.968277 -0.249837
vn -0.028541 0.973489 -0.226944
vn -0.011926 0.972026 -0.23457
vn -0.168536 0.888176 -0.42748
vn -0.104302 0.853669 -0.510265
vn -0.110958 0.856453 -0.504159
vn -0.08737 0.848376 -0.522135
vn -0.82574 0.518769 0.22143
vn 0.529205 -0.354248 -0.771007
vn 0.516038 0.37929 -0.768013
vn -0.719264 -0.678505 0.149301
vn -0.389102 -0.90809 -0.154831
vn -0.410637 -0.897124 -0.162928
vn 0.618865 0.424919 -0.660643
vn 0.297817 -0.949467 -0.099082
vn 0.289229 -0.950327 -0.115001
vn 0.209952 -0.945782 -0.247825
vn -0.137701 -0.985652 0.097618
vn -0.142779 0.984769 -0.09922
vn -0.542187 -0.840253 0.002889
vn -0.292338 -0.746107 0.598216
vn -0.767439 -0.606393 0.208146
vn -0.755329 -0.643438 0.124362
vn 0.100935 0.994473 0.028888
vn 0.104775 0.815546 0.569128
vn 0.193413 -0.204038 0.959666
vn 0.087183 -0.99604 -0.017399
vn 0.059102 -0.96984 0.236469
vn 0.061339 -0.97791 0.199823
vn 0.046886 -0.971271 0.233312
vn 0.046217 -0.970666 0.235947
vn 0.03064 -0.96072 0.275822
vn 0.034664 -0.962401 0.269413
vn 0.066983 -0.968468 0.239964
vn -0.305151 -0.819827 -0.484526
vn -0.108886 -0.993446 0.034776
vn -0.120114 -0.992625 0.016384
vn -0.10644 -0.990305 0.089258
vn -0.103973 -0.989846 0.09693
vn -0.496957 -0.834829 0.236844
vn 0.382312 0.043889 0.92299
vn -0.121561 -0.990246 -0.068089
vn -0.203136 -0.979094 -0.010575
vn -0.157539 -0.987048 -0.030295
vn -0.154084 -0.98679 -0.050027
vn -0.120486 -0.991996 -0.037784
vn -0.14833 -0.98753 -0.05275
vn -0.090623 -0.995798 -0.013183
vn -0.180266 -0.980013 -0.084141
vn -0.233531 -0.9634 -0.131616
vn -0.134664 -0.990238 -0.035979
vn -0.149405 -0.987956 -0.040267
vn -0.202928 -0.978257 -0.042817
vn -0.152087 -0.987818 -0.03293
vn -0.160255 -0.986435 -0.035566
vn -0.106014 -0.994296 -0.011647
vn -0.135498 -0.990392 -0.027628
vn -0.163428 -0.985514 -0.04532
vn -0.138191 -0.99003 -0.027258
vn -0.151087 -0.987814 -0.037371
vn -0.177272 -0.982262 -0.061119
vn -0.199224 -0.976483 -0.082402
vn -0.23709 -0.963876 -0.121375
vn -0.251883 -0.957927 -0.137592
vn -0.157315 -0.98708 -0.030421
vn -0.305388 -0.951591 -0.034833
vn -0.235028 -0.951212 -0.199897
vn -0.177809 -0.981619 -0.069339
vn -0.043001 -0.971641 0.232517
vn -0.109468 0.827764 -0.550294
vn -0.093957 -0.994949 -0.035323
vn -0.112197 -0.993436 -0.022276
vn -0.103387 -0.994256 -0.027661
vn -0.169009 -0.9856 0.005268
vn -0.041025 -0.998315 -0.041041
vn -0.104916 -0.994096 -0.027689
vn 0.309713 -0.665306 -0.679298
vn -0.289585 0.834346 -0.46905
vn 0.156921 0.974989 -0.157394
vn -0.172214 -0.965552 0.19507
vn -0.446579 0.812821 -0.374018
vn -0.695896 0.601677 -0.392063
vn -0.171033 -0.913356 0.369497
vn -0.987754 -0.144651 -0.058466
vn -0.952586 0.199323 -0.22989
vn -0.313676 -0.819811 0.479079
vn -0.944695 -0.203567 0.257121
vn -0.938834 0.147271 0.31129
f 1/1/1 2/2/1 3/3/1
f 2/2/2 1/1/2 4/4/2
f 4/4/3 1/1/3 5/5/3
f 6/6/4 7/7/4 8/8/4
f 7/7/5 6/6/5 9/9/5
f 10/10/6 9/9/6 6/6/6
f 11/11/7 12/12/7 6/6/7
f 5/5/8 2/13/8 4/4/8
f 13/14/9 10/10/9 14/15/9
f 2/13/10 5/5/10 3/16/10
f 15/17/11 16/18/11 17/19/11
f 15/17/12 18/20/12 16/18/12
f 18/20/13 15/17/13 19/21/13
f 20/22/14 21/23/14 22/24/14
f 19/21/15 16/25/15 18/20/15
f 16/25/16 19/21/16 17/26/16
f 23/27/17 24/28/17 25/29/17
f 24/28/18 23/27/18 26/30/18
f 23/27/19 24/31/19 26/30/19
f 27/32/20 28/33/20 29/34/20
f 29/34/21 30/35/21 27/32/21
f 24/31/22 23/27/22 25/36/22
f 31/37/23 32/38/23 33/39/23
f 32/38/24 31/37/24 34/40/24
f 34/40/25 31/37/25 35/41/25
f 35/41/26 32/42/26 34/40/26
f 32/42/27 35/41/27 33/43/27
f 36/44/28 37/45/28 38/46/28
f 37/45/29 36/44/29 39/47/29
f 39/47/30 36/44/30 40/48/30
f 40/48/31 37/49/31 39/47/31
f 37/49/32 40/48/32 38/50/32
f 41/51/33 42/52/33 43/53/33
f 42/52/34 41/51/34 44/54/34
f 44/54/35 45/55/35 42/52/35
f 44/54/36 42/56/36 45/55/36
f 42/56/37 44/54/37 43/57/37
f 46/58/38 47/59/38 48/60/38
f 47/59/39 46/58/39 49/61/39
f 49/61/40 46/58/40 50/62/40
f 50/62/41 47/63/41 49/61/41
f 47/63/42 50/62/42 48/64/42
f 51/65/43 52/66/43 53/67/43
f 54/68/44 55/69/44 56/70/44
f 57/71/45 51/65/45 53/67/45
f 55/69/46 54/68/46 58/72/46
f 57/71/47 53/67/47 59/73/47
f 60/74/48 57/71/48 59/73/48
f 59/73/49 61/75/49 60/74/49
f 59/73/50 62/76/50 61/75/50
f 63/77/51 62/76/51 59/73/51
f 59/73/52 64/78/52 63/77/52
f 58/72/53 54/68/53 65/79/53
f 66/80/54 67/81/54 59/73/54
f 65/79/55 55/82/55 58/72/55
f 55/82/56 65/79/56 56/83/56
f 68/84/57 69/85/57 70/86/57
f 69/85/58 68/84/58 71/87/58
f 59/73/59 72/88/59 66/80/59
f 59/73/60 73/89/60 72/88/60
f 59/73/61 74/90/61 73/89/61
f 75/91/62 74/90/62 59/73/62
f 75/91/63 59/73/63 76/92/63
f 71/87/64 68/84/64 77/93/64
f 77/93/65 69/94/65 71/87/65
f 78/95/66 79/96/66 76/92/66
f 69/94/67 77/93/67 70/97/67
f 80/98/68 81/99/68 82/100/68
f 81/99/69 80/98/69 83/101/69
f 84/102/70 78/95/70 85/103/70
f 78/95/71 86/104/71 85/103/71
f 83/101/72 80/98/72 81/105/72
f 81/105/73 80/98/73 82/106/73
f 87/107/74 88/108/74 89/109/74
f 87/107/75 90/110/75 88/108/75
f 90/110/76 87/107/76 91/111/76
f 90/110/77 91/111/77 88/112/77
f 88/112/78 91/111/78 89/113/78
f 92/114/79 93/115/79 94/116/79
f 93/115/80 92/114/80 95/117/80
f 96/118/81 93/115/81 95/117/81
f 94/119/82 93/115/82 96/118/82
f 92/120/83 94/119/83 96/118/83
f 97/121/84 98/122/84 99/123/84
f 97/121/85 99/123/85 100/124/85
f 101/125/86 102/126/86 103/127/86
f 102/126/87 101/125/87 104/128/87
f 104/128/88 101/125/88 105/129/88
f 105/129/89 106/130/89 104/128/89
f 102/126/90 107/131/90 103/127/90
f 108/132/91 104/128/91 106/130/91
f 102/126/92 109/133/92 107/131/92
f 102/126/93 110/134/93 109/133/93
f 102/126/94 104/128/94 110/134/94
f 110/134/95 104/128/95 111/135/95
f 112/136/96 104/128/96 108/132/96
f 113/137/97 104/128/97 112/136/97
f 104/128/98 113/137/98 114/138/98
f 115/139/99 104/128/99 114/138/99
f 104/128/100 115/139/100 116/140/100
f 115/139/101 117/141/101 116/140/101
f 118/142/102 100/124/102 99/123/102
f 104/128/103 119/143/103 111/135/103
f 119/143/104 104/128/104 120/144/104
f 100/124/105 118/142/105 97/145/105
f 104/128/106 116/140/106 121/146/106
f 98/147/107 97/145/107 118/142/107
f 122/148/108 123/149/108 124/150/108
f 124/150/109 125/151/109 122/148/109
f 126/152/110 125/151/110 124/150/110
f 126/152/111 122/153/111 125/151/111
f 123/154/112 122/153/112 126/152/112
f 127/155/113 128/156/113 129/157/113
f 128/156/114 127/155/114 130/158/114
f 116/140/115 131/159/115 132/160/115
f 130/158/116 127/155/116 128/161/116
f 129/162/117 128/161/117 127/155/117
f 133/163/118 134/164/118 135/165/118
f 136/166/119 132/160/119 137/167/119
f 136/166/120 138/168/120 139/169/120
f 139/169/121 140/170/121 136/166/121
f 140/170/122 141/171/122 136/166/122
f 142/172/123 143/173/123 144/174/123
f 144/174/124 143/173/124 145/175/124
f 146/176/125 145/175/125 143/173/125
f 146/176/126 143/173/126 147/177/126
f 148/178/127 147/177/127 143/173/127
f 143/173/128 149/179/128 148/178/128
f 150/180/129 148/178/129 149/179/129
f 149/179/130 143/173/130 151/181/130
f 133/163/131 152/182/131 134/164/131
f 153/183/132 149/179/132 151/181/132
f 153/183/133 151/181/133 154/184/133
f 155/185/134 154/184/134 151/181/134
f 156/186/135 155/185/135 151/181/135
f 133/163/136 134/187/136 152/182/136
f 135/188/137 134/187/137 133/163/137
f 157/189/138 158/190/138 159/191/138
f 158/190/139 157/189/139 160/192/139
f 161/193/140 157/189/140 159/191/140
f 161/193/141 160/194/141 157/189/141
f 158/195/142 160/194/142 161/193/142
f 141/171/143 162/196/143 163/197/143
f 164/198/144 165/199/144 166/200/144
f 136/166/145 141/171/145 163/197/145
f 136/166/146 163/197/146 167/201/146
f 136/166/147 167/201/147 168/202/147
f 136/166/148 168/202/148 169/203/148
f 170/204/149 136/166/149 169/203/149
f 136/166/150 170/204/150 171/205/150
f 164/198/151 166/200/151 172/206/151
f 173/207/152 172/206/152 166/200/152
f 136/166/153 171/205/153 174/208/153
f 174/208/154 175/209/154 136/166/154
f 175/209/155 176/210/155 136/166/155
f 176/210/156 177/211/156 136/166/156
f 136/166/157 177/211/157 178/212/157
f 179/213/158 180/214/158 177/211/158
f 180/214/159 178/212/159 177/211/159
f 178/212/160 181/215/160 136/166/160
f 173/207/161 164/216/161 172/206/161
f 165/217/162 164/216/162 173/207/162
f 182/218/163 183/219/163 184/220/163
f 183/219/164 182/218/164 185/221/164
f 186/222/165 182/218/165 184/220/165
f 187/223/166 188/224/166 189/225/166
f 186/222/167 185/226/167 182/218/167
f 183/227/168 185/226/168 186/222/168
f 190/228/169 191/229/169 192/230/169
f 191/229/170 190/228/170 193/231/170
f 194/232/171 191/229/171 193/231/171
f 194/232/172 192/233/172 191/229/172
f 190/234/173 192/233/173 194/232/173
f 195/235/174 196/236/174 197/237/174
f 198/238/175 199/239/175 187/223/175
f 199/239/176 188/224/176 187/223/176
f 195/235/177 197/237/177 200/240/177
f 188/224/178 199/239/178 201/241/178
f 202/242/179 200/240/179 197/237/179
f 200/240/180 202/242/180 195/243/180
f 196/244/181 195/243/181 202/242/181
f 203/245/182 204/246/182 205/247/182
f 205/247/183 206/248/183 203/245/183
f 199/239/184 198/238/184 207/249/184
f 207/249/185 208/250/185 199/239/185
f 199/239/186 208/250/186 209/251/186
f 199/239/187 210/252/187 211/253/187
f 201/241/188 199/239/188 211/253/188
f 212/254/189 206/248/189 205/247/189
f 201/241/190 211/253/190 213/255/190
f 212/254/191 203/256/191 206/248/191
f 204/257/192 203/256/192 212/254/192
f 214/258/193 215/259/193 216/260/193
f 217/261/194 218/262/194 219/263/194
f 218/262/195 220/264/195 219/263/195
f 220/264/196 217/261/196 219/263/196
f 220/264/197 218/262/197 221/265/197
f 222/266/198 217/261/198 220/264/198
f 218/262/199 217/261/199 223/267/199
f 222/266/200 223/267/200 217/261/200
f 224/268/201 215/259/201 214/258/201
f 225/269/202 215/259/202 224/268/202
f 223/267/203 222/266/203 218/270/203
f 215/259/204 225/269/204 226/271/204
f 227/272/205 226/271/205 225/269/205
f 221/273/206 218/270/206 222/266/206
f 228/274/207 229/275/207 230/276/207
f 227/272/208 231/277/208 226/271/208
f 226/271/209 216/260/209 215/259/209
f 232/278/210 230/276/210 229/275/210
f 233/279/211 226/271/211 234/280/211
f 235/281/212 216/260/212 226/271/212
f 226/271/213 233/279/213 235/281/213
f 232/278/214 228/274/214 230/276/214
f 236/282/215 237/283/215 238/284/215
f 232/278/216 229/275/216 239/285/216
f 237/283/217 236/282/217 240/286/217
f 241/287/218 228/274/218 232/278/218
f 229/275/219 228/274/219 242/288/219
f 240/286/220 243/289/220 244/290/220
f 240/286/221 236/282/221 245/291/221
f 243/289/222 240/286/222 245/291/222
f 246/292/223 247/293/223 236/282/223
f 247/293/224 245/291/224 236/282/224
f 248/294/225 245/291/225 247/293/225
f 249/295/226 245/291/226 248/294/226
f 228/274/227 241/287/227 250/296/227
f 228/274/228 250/296/228 242/288/228
f 242/288/229 250/296/229 229/297/229
f 239/298/230 229/297/230 250/296/230
f 237/299/231 236/300/231 238/301/231
f 251/302/232 249/295/232 248/294/232
f 249/295/233 252/303/233 245/291/233
f 237/299/234 253/304/234 236/300/234
f 240/305/235 253/304/235 237/299/235
f 253/304/236 240/305/236 244/306/236
f 243/307/237 253/304/237 244/306/237
f 253/304/238 246/308/238 236/300/238
f 245/309/239 253/304/239 243/307/239
f 253/304/240 245/309/240 254/310/240
f 255/311/241 256/312/241 257/313/241
f 253/304/242 254/310/242 248/314/242
f 258/315/243 259/316/243 260/317/243
f 259/316/244 258/315/244 261/318/244
f 246/308/245 253/304/245 247/319/245
f 248/314/246 247/319/246 253/304/246
f 252/320/247 254/310/247 262/321/247
f 263/322/248 264/323/248 248/314/248
f 248/314/249 265/324/249 251/325/249
f 248/314/250 264/323/250 266/326/250
f 266/326/251 267/327/251 249/328/251
f 231/277/252 268/329/252 226/271/252
f 269/330/253 270/331/253 271/332/253
f 270/331/254 272/333/254 271/332/254
f 272/333/255 226/271/255 268/329/255
f 272/333/256 270/331/256 226/271/256
f 234/280/257 226/271/257 273/334/257
f 234/280/258 274/335/258 275/336/258
f 276/337/259 277/338/259 278/339/259
f 279/340/260 280/341/260 281/342/260
f 280/341/261 279/340/261 282/343/261
f 283/344/262 261/318/262 284/345/262
f 279/340/263 285/346/263 282/343/263
f 284/345/264 286/347/264 283/344/264
f 282/343/265 287/348/265 280/341/265
f 288/349/266 289/350/266 287/348/266
f 287/348/267 282/343/267 290/351/267
f 282/343/268 291/352/268 290/351/268
f 288/349/269 287/348/269 292/353/269
f 293/354/270 294/355/270 295/356/270
f 287/348/271 296/357/271 297/358/271
f 298/359/272 287/348/272 290/351/272
f 290/351/273 299/360/273 298/359/273
f 298/359/274 300/361/274 287/348/274
f 254/362/275 245/291/275 262/363/275
f 245/291/276 252/303/276 262/363/276
f 299/360/277 301/364/277 298/359/277
f 302/365/278 252/303/278 298/359/278
f 303/366/279 304/367/279 305/368/279
f 298/359/280 252/303/280 249/295/280
f 249/295/281 251/302/281 265/369/281
f 306/370/282 277/371/282 300/361/282
f 298/359/283 307/372/283 308/373/283
f 309/374/284 21/23/284 293/354/284
f 306/370/285 310/375/285 278/376/285
f 311/377/286 312/378/286 313/379/286
f 314/380/287 315/381/287 316/382/287
f 317/383/288 315/381/288 318/384/288
f 318/384/289 315/381/289 314/380/289
f 319/385/290 315/381/290 317/383/290
f 320/386/291 315/381/291 319/385/291
f 320/386/292 319/385/292 321/387/292
f 319/385/293 322/388/293 321/387/293
f 314/380/294 323/389/294 318/384/294
f 324/390/295 325/391/295 326/392/295
f 327/393/296 328/394/296 329/395/296
f 326/392/297 329/395/297 324/390/297
f 327/393/298 329/395/298 326/392/298
f 326/392/299 325/391/299 330/396/299
f 331/397/300 330/396/300 325/391/300
f 332/398/301 333/399/301 334/400/301
f 333/399/302 335/401/302 336/402/302
f 336/402/303 337/403/303 333/399/303
f 334/400/304 333/399/304 338/404/304
f 338/404/305 333/399/305 337/403/305
f 338/404/306 339/405/306 334/400/306
f 337/403/307 336/402/307 340/406/307
f 341/407/308 342/408/308 343/409/308
f 342/408/309 344/410/309 343/409/309
f 344/410/310 342/408/310 341/407/310
f 341/407/311 345/411/311 344/410/311
f 346/412/312 345/411/312 341/407/312
f 347/413/313 321/387/313 348/414/313
f 349/415/314 320/386/314 321/387/314
f 346/412/315 349/415/315 345/411/315
f 349/415/316 347/413/316 350/416/316
f 349/415/317 350/416/317 345/411/317
f 350/416/318 351/417/318 345/411/318
f 344/410/319 345/411/319 352/418/319
f 353/419/320 344/410/320 352/418/320
f 354/420/321 355/421/321 356/422/321
f 355/421/322 354/420/322 357/423/322
f 357/423/323 358/424/323 355/421/323
f 358/424/324 357/423/324 354/425/324
f 358/424/325 354/425/325 356/426/325
f 359/427/326 360/428/326 361/429/326
f 360/428/327 359/427/327 362/430/327
f 359/431/328 360/428/328 362/430/328
f 360/428/329 359/431/329 361/432/329
f 363/433/330 364/434/330 365/435/330
f 364/434/331 363/433/331 366/436/331
f 364/434/332 366/436/332 367/437/332
f 363/438/333 367/437/333 366/436/333
f 367/437/334 363/438/334 365/439/334
f 368/440/335 369/441/335 370/442/335
f 369/441/336 368/440/336 371/443/336
f 8/444/337 372/445/337 373/446/337
f 372/445/338 8/444/338 7/447/338
f 369/441/339 371/443/339 374/448/339
f 199/449/340 209/450/340 375/451/340
f 199/449/341 375/451/341 210/452/341
f 368/453/342 374/448/342 371/443/342
f 374/448/343 368/453/343 370/454/343
f 376/455/344 377/456/344 378/457/344
f 379/458/345 380/459/345 381/460/345
f 377/456/346 376/455/346 382/461/346
f 379/458/347 383/462/347 384/463/347
f 376/464/348 377/456/348 382/461/348
f 385/465/349 381/460/349 209/450/349
f 377/456/350 376/464/350 378/466/350
f 386/467/351 387/468/351 388/469/351
f 385/465/352 209/450/352 389/470/352
f 390/471/353 389/470/353 209/450/353
f 391/472/354 390/471/354 209/450/354
f 390/471/355 391/472/355 392/473/355
f 209/450/356 393/474/356 391/472/356
f 393/474/357 303/475/357 391/472/357
f 208/476/358 393/474/358 209/450/358
f 387/468/359 386/467/359 394/477/359
f 208/476/360 395/478/360 393/474/360
f 9/479/361 395/478/361 7/447/361
f 395/478/362 9/479/362 10/480/362
f 13/481/363 395/478/363 10/480/363
f 387/468/364 394/477/364 386/482/364
f 387/468/365 386/482/365 388/483/365
f 396/484/366 397/485/366 398/486/366
f 397/485/367 396/484/367 399/487/367
f 397/485/368 399/487/368 400/488/368
f 401/489/369 294/490/369 393/474/369
f 396/491/370 400/488/370 399/487/370
f 400/488/371 396/491/371 398/492/371
f 402/493/372 403/494/372 404/495/372
f 403/494/373 402/493/373 405/496/373
f 406/497/374 407/498/374 408/499/374
f 20/500/375 406/497/375 408/499/375
f 403/494/376 405/496/376 409/501/376
f 409/501/377 405/496/377 402/502/377
f 409/501/378 402/502/378 404/503/378
f 410/504/379 411/505/379 412/506/379
f 413/507/380 411/505/380 410/504/380
f 413/507/381 414/508/381 411/505/381
f 410/509/382 414/508/382 413/507/382
f 414/508/383 410/509/383 412/510/383
f 415/511/384 416/512/384 417/513/384
f 416/512/385 415/511/385 418/514/385
f 416/512/386 418/514/386 419/515/386
f 415/516/387 419/515/387 418/514/387
f 419/515/388 415/516/388 417/517/388
f 420/518/389 421/519/389 422/520/389
f 421/519/390 420/518/390 423/521/390
f 421/519/391 423/521/391 424/522/391
f 420/523/392 424/522/392 423/521/392
f 424/522/393 420/523/393 422/524/393
f 425/525/394 426/526/394 427/527/394
f 428/528/395 426/526/395 425/525/395
f 428/528/396 429/529/396 426/526/396
f 429/529/397 428/528/397 425/530/397
f 429/529/398 425/530/398 427/531/398
f 430/532/399 431/533/399 432/534/399
f 433/535/400 431/533/400 430/532/400
f 433/535/401 434/536/401 431/533/401
f 430/537/402 434/536/402 433/535/402
f 435/538/403 436/539/403 437/540/403
f 438/541/404 436/539/404 439/542/404
f 434/536/405 430/537/405 432/543/405
f 440/544/406 441/545/406 442/546/406
f 441/545/407 440/544/407 443/547/407
f 440/548/408 441/545/408 443/547/408
f 441/545/409 440/548/409 442/549/409
f 444/550/410 445/551/410 446/552/410
f 445/551/411 444/550/411 447/553/411
f 445/551/412 447/553/412 448/554/412
f 444/555/413 448/554/413 447/553/413
f 448/554/414 444/555/414 446/556/414
f 449/557/415 450/558/415 451/559/415
f 450/558/416 449/557/416 452/560/416
f 453/561/417 454/562/417 455/563/417
f 454/562/418 453/561/418 456/564/418
f 453/561/419 455/563/419 456/564/419
f 325/565/420 456/564/420 455/563/420
f 452/560/421 457/566/421 450/558/421
f 457/566/422 452/560/422 449/567/422
f 457/566/423 449/567/423 451/568/423
f 458/569/424 459/570/424 460/571/424
f 459/570/425 458/569/425 461/572/425
f 459/570/426 461/572/426 462/573/426
f 455/563/427 331/574/427 325/565/427
f 331/574/428 455/563/428 463/575/428
f 463/575/429 455/563/429 324/576/429
f 458/577/430 462/573/430 461/572/430
f 462/573/431 458/577/431 460/578/431
f 464/579/432 465/580/432 466/581/432
f 465/580/433 464/579/433 467/582/433
f 464/583/434 465/580/434 467/582/434
f 465/580/435 464/583/435 466/584/435
f 468/585/436 469/586/436 470/587/436
f 469/586/437 468/585/437 471/588/437
f 314/589/438 316/590/438 315/591/438
f 468/592/439 469/586/439 471/588/439
f 469/586/440 468/592/440 470/593/440
f 472/594/441 473/595/441 474/596/441
f 473/595/442 472/594/442 475/597/442
f 473/595/443 475/597/443 476/598/443
f 477/599/444 314/589/444 315/591/444
f 478/600/445 319/601/445 317/602/445
f 476/598/446 475/597/446 472/603/446
f 479/604/447 480/605/447 481/606/447
f 480/605/448 479/604/448 482/607/448
f 476/598/449 472/603/449 474/608/449
f 483/609/450 484/610/450 485/611/450
f 486/612/451 487/613/451 480/605/451
f 484/610/452 483/609/452 488/614/452
f 483/615/453 484/610/453 488/614/453
f 484/610/454 483/615/454 485/616/454
f 489/617/455 490/618/455 491/619/455
f 492/620/456 493/621/456 494/622/456
f 489/617/457 491/619/457 495/623/457
f 493/621/458 492/620/458 496/624/458
f 493/621/459 496/624/459 497/625/459
f 492/626/460 497/625/460 496/624/460
f 497/625/461 492/626/461 494/627/461
f 498/628/462 499/629/462 500/630/462
f 499/629/463 498/628/463 501/631/463
f 499/629/464 501/631/464 502/632/464
f 281/633/465 503/634/465 279/635/465
f 498/636/466 502/632/466 501/631/466
f 502/632/467 498/636/467 500/637/467
f 504/638/468 505/639/468 506/640/468
f 505/639/469 504/638/469 507/641/469
f 505/639/470 507/641/470 508/642/470
f 281/633/471 280/643/471 503/634/471
f 287/644/472 503/634/472 280/643/472
f 503/634/473 285/645/473 279/635/473
f 509/646/474 510/647/474 511/648/474
f 512/649/475 510/647/475 509/646/475
f 513/650/476 514/651/476 515/652/476
f 515/652/477 512/649/477 513/650/477
f 285/645/478 503/634/478 282/653/478
f 504/654/479 508/642/479 507/641/479
f 503/634/480 287/644/480 289/655/480
f 508/642/481 504/654/481 506/656/481
f 516/657/482 517/658/482 518/659/482
f 503/634/483 289/655/483 288/660/483
f 517/658/484 516/657/484 519/661/484
f 282/653/485 503/634/485 291/662/485
f 503/634/486 290/663/486 291/662/486
f 503/634/487 288/660/487 292/664/487
f 503/634/488 297/665/488 296/666/488
f 516/667/489 517/658/489 519/661/489
f 517/658/490 516/667/490 518/668/490
f 520/669/491 521/670/491 522/671/491
f 523/672/492 521/670/492 520/669/492
f 524/673/493 301/674/493 299/675/493
f 523/672/494 525/676/494 521/670/494
f 520/677/495 525/676/495 523/672/495
f 525/676/496 520/677/496 522/678/496
f 526/679/497 527/680/497 528/681/497
f 527/680/498 526/679/498 529/682/498
f 455/683/499 454/684/499 530/685/499
f 456/686/500 530/685/500 454/684/500
f 455/683/501 530/685/501 456/686/501
f 455/683/502 456/686/502 325/391/502
f 325/391/503 324/390/503 455/683/503
f 531/687/504 344/688/504 341/689/504
f 343/690/505 344/688/505 531/687/505
f 343/690/506 531/687/506 341/689/506
f 526/691/507 527/680/507 529/682/507
f 527/680/508 526/691/508 528/692/508
f 532/693/509 533/694/509 534/695/509
f 533/694/510 532/693/510 535/696/510
f 532/697/511 533/694/511 535/696/511
f 533/694/512 532/697/512 534/698/512
f 536/699/513 537/700/513 538/701/513
f 537/700/514 536/699/514 539/702/514
f 536/703/515 537/700/515 539/702/515
f 537/700/516 536/703/516 538/704/516
f 540/705/517 541/706/517 542/707/517
f 541/706/518 540/705/518 543/708/518
f 543/708/519 544/709/519 541/706/519
f 344/688/520 545/710/520 341/689/520
f 540/711/521 544/709/521 543/708/521
f 544/709/522 540/711/522 542/712/522
f 546/713/523 547/714/523 548/715/523
f 548/715/524 549/716/524 546/713/524
f 548/715/525 550/717/525 549/716/525
f 550/717/526 548/715/526 547/718/526
f 547/718/527 546/719/527 550/717/527
f 551/720/528 552/721/528 553/722/528
f 553/722/529 554/723/529 551/720/529
f 553/722/530 555/724/530 554/723/530
f 552/725/531 555/724/531 553/722/531
f 552/725/532 551/726/532 555/724/532
f 556/727/533 557/728/533 558/729/533
f 558/729/534 559/730/534 556/727/534
f 559/731/535 557/728/535 556/727/535
f 559/731/536 558/732/536 557/728/536
f 560/733/537 561/734/537 562/735/537
f 563/736/538 562/735/538 561/734/538
f 562/735/539 563/736/539 561/737/539
f 562/735/540 561/737/540 560/738/540
f 564/739/541 565/740/541 566/741/541
f 566/741/542 565/740/542 567/742/542
f 568/743/543 569/744/543 570/745/543
f 570/745/544 571/746/544 568/743/544
f 568/743/545 571/746/545 569/744/545
f 566/741/546 567/742/546 565/747/546
f 566/741/547 565/747/547 564/748/547
f 572/749/548 573/750/548 574/751/548
f 571/746/549 575/752/549 569/744/549
f 572/749/550 576/753/550 573/750/550
f 577/754/551 575/752/551 571/746/551
f 576/753/552 572/749/552 578/755/552
f 576/753/553 578/755/553 572/756/553
f 572/756/554 574/757/554 576/753/554
f 579/758/555 580/759/555 581/760/555
f 582/761/556 580/759/556 579/758/556
f 583/762/557 584/763/557 585/764/557
f 584/763/558 586/765/558 585/764/558
f 584/763/559 587/766/559 588/767/559
f 587/766/560 584/763/560 583/762/560
f 583/762/561 589/768/561 587/766/561
f 583/762/562 590/769/562 589/768/562
f 583/762/563 591/770/563 590/769/563
f 592/771/564 591/770/564 583/762/564
f 593/772/565 594/773/565 595/774/565
f 594/773/566 593/772/566 596/775/566
f 579/776/567 580/759/567 582/761/567
f 579/776/568 581/777/568 580/759/568
f 597/778/569 598/779/569 599/780/569
f 599/780/570 600/781/570 597/778/570
f 601/782/571 256/312/571 602/783/571
f 601/782/572 276/784/572 256/312/572
f 600/781/573 599/780/573 598/785/573
f 598/785/574 597/786/574 600/781/574
f 603/787/575 604/788/575 605/789/575
f 604/788/576 603/787/576 606/790/576
f 606/790/577 607/791/577 604/788/577
f 603/792/578 607/791/578 606/790/578
f 593/772/579 594/793/579 596/775/579
f 594/793/580 593/772/580 595/794/580
f 608/795/581 609/796/581 610/797/581
f 609/796/582 608/795/582 611/798/582
f 612/799/583 609/796/583 611/798/583
f 609/796/584 612/799/584 608/800/584
f 608/800/585 610/801/585 609/796/585
f 603/792/586 605/802/586 607/791/586
f 613/803/587 614/804/587 615/805/587
f 615/805/588 616/806/588 613/803/588
f 615/805/589 617/807/589 616/806/589
f 615/805/590 614/808/590 617/807/590
f 614/808/591 613/809/591 617/807/591
f 618/810/592 619/811/592 620/812/592
f 620/812/593 621/813/593 618/810/593
f 620/812/594 622/814/594 621/813/594
f 619/815/595 622/814/595 620/812/595
f 619/815/596 618/816/596 622/814/596
f 623/817/597 624/818/597 625/819/597
f 624/818/598 623/817/598 626/820/598
f 626/820/599 625/819/599 624/818/599
f 627/821/600 626/820/600 623/817/600
f 625/819/601 628/822/601 623/817/601
f 625/819/602 626/820/602 629/823/602
f 628/822/603 625/819/603 629/823/603
f 626/824/604 628/822/604 629/823/604
f 628/822/605 626/824/605 627/825/605
f 630/826/606 631/827/606 632/828/606
f 631/827/607 630/826/607 633/829/607
f 633/829/608 632/828/608 631/827/608
f 634/830/609 633/829/609 630/826/609
f 632/828/610 635/831/610 630/826/610
f 632/828/611 633/829/611 636/832/611
f 635/831/612 632/828/612 636/832/612
f 635/831/613 636/832/613 633/833/613
f 635/831/614 633/833/614 634/834/614
f 637/835/615 638/836/615 639/837/615
f 639/837/616 640/838/616 637/835/616
f 641/839/617 639/837/617 638/836/617
f 639/837/618 641/839/618 640/838/618
f 641/839/619 642/840/619 640/838/619
f 641/839/620 643/841/620 642/840/620
f 641/839/621 644/842/621 643/841/621
f 641/839/622 638/836/622 645/843/622
f 641/839/623 645/843/623 646/844/623
f 647/845/624 646/844/624 645/843/624
f 644/842/625 648/846/625 649/847/625
f 650/848/626 335/849/626 651/850/626
f 644/842/627 652/851/627 648/846/627
f 641/839/628 178/212/628 644/842/628
f 653/852/629 646/844/629 654/853/629
f 646/844/630 178/212/630 641/839/630
f 646/844/631 653/852/631 178/212/631
f 653/852/632 655/854/632 178/212/632
f 656/855/633 657/856/633 121/146/633
f 656/855/634 658/857/634 659/858/634
f 660/859/635 661/860/635 662/861/635
f 662/861/636 663/862/636 660/859/636
f 662/861/637 661/860/637 663/862/637
f 664/863/638 665/864/638 666/865/638
f 667/866/639 665/864/639 664/863/639
f 667/866/640 668/867/640 665/864/640
f 650/848/641 336/868/641 335/849/641
f 668/867/642 669/869/642 665/864/642
f 670/870/643 665/864/643 669/869/643
f 671/871/644 665/864/644 670/870/644
f 650/848/645 672/872/645 336/868/645
f 333/873/646 332/874/646 650/848/646
f 332/874/647 672/872/647 650/848/647
f 672/872/648 332/874/648 673/875/648
f 332/874/649 334/876/649 674/877/649
f 673/875/650 332/874/650 674/877/650
f 672/872/651 340/878/651 336/868/651
f 672/872/652 675/879/652 340/878/652
f 675/879/653 676/880/653 340/878/653
f 672/872/654 677/881/654 675/879/654
f 661/860/655 678/882/655 663/862/655
f 331/574/656 679/883/656 330/884/656
f 463/575/657 680/885/657 331/574/657
f 680/885/658 681/886/658 331/574/658
f 314/589/659 682/887/659 323/888/659
f 314/589/660 477/599/660 683/889/660
f 683/889/661 682/887/661 314/589/661
f 684/890/662 678/882/662 661/860/662
f 661/860/663 685/891/663 686/892/663
f 687/893/664 684/890/664 661/860/664
f 688/894/665 256/312/665 689/895/665
f 690/896/666 689/895/666 256/312/666
f 688/894/667 257/313/667 256/312/667
f 665/864/668 690/896/668 256/312/668
f 690/896/669 665/864/669 691/897/669
f 691/897/670 665/864/670 692/898/670
f 692/898/671 665/864/671 693/899/671
f 315/591/672 320/900/672 694/901/672
f 545/710/673 695/902/673 341/689/673
f 693/899/674 665/864/674 696/903/674
f 188/904/675 201/905/675 213/906/675
f 697/907/676 698/908/676 665/864/676
f 671/871/677 697/907/677 665/864/677
f 188/904/678 213/906/678 372/909/678
f 695/902/679 694/901/679 346/910/679
f 338/911/680 481/912/680 699/913/680
f 198/914/681 188/904/681 207/915/681
f 338/911/682 479/916/682 481/912/682
f 338/911/683 482/917/683 479/916/683
f 346/910/684 341/689/684 695/902/684
f 700/918/685 694/901/685 695/902/685
f 213/906/686 701/919/686 702/920/686
f 703/921/687 207/915/687 372/909/687
f 672/922/688 704/923/688 705/924/688
f 207/915/689 703/921/689 395/925/689
f 681/926/690 705/924/690 679/927/690
f 680/928/691 706/929/691 707/930/691
f 708/931/692 709/932/692 706/929/692
f 700/918/693 695/902/693 710/933/693
f 710/933/694 711/934/694 700/918/694
f 710/933/695 695/902/695 545/710/695
f 677/935/696 705/924/696 707/930/696
f 712/936/697 677/935/697 707/930/697
f 713/937/698 712/936/698 714/938/698
f 677/935/699 712/936/699 715/939/699
f 677/935/700 715/939/700 675/940/700
f 482/917/701 486/941/701 480/942/701
f 486/941/702 482/917/702 716/943/702
f 338/911/703 716/943/703 482/917/703
f 716/943/704 487/944/704 486/941/704
f 675/940/705 715/939/705 338/911/705
f 715/939/706 716/943/706 338/911/706
f 717/945/707 718/946/707 716/943/707
f 717/945/708 491/947/708 490/948/708
f 6/949/709 719/950/709 720/951/709
f 719/950/710 6/949/710 721/952/710
f 722/953/711 719/950/711 721/952/711
f 723/954/712 722/953/712 721/952/712
f 721/952/713 724/955/713 725/956/713
f 726/957/714 6/949/714 720/951/714
f 716/943/715 715/939/715 717/945/715
f 720/951/716 727/958/716 726/957/716
f 726/957/717 728/959/717 729/960/717
f 730/961/718 731/962/718 732/963/718
f 732/963/719 733/964/719 575/752/719
f 575/752/720 734/965/720 730/961/720
f 734/965/721 575/752/721 735/966/721
f 575/752/722 577/754/722 735/966/722
f 736/967/723 737/968/723 738/969/723
f 739/970/724 736/967/724 715/939/724
f 739/970/725 737/968/725 736/967/725
f 715/939/726 712/936/726 739/970/726
f 713/937/727 739/970/727 712/936/727
f 577/754/728 571/746/728 740/971/728
f 741/972/729 286/973/729 742/974/729
f 742/974/730 743/975/730 741/972/730
f 742/974/731 744/976/731 745/977/731
f 744/976/732 286/973/732 746/978/732
f 312/979/733 311/377/733 313/379/733
f 311/377/734 312/979/734 747/980/734
f 748/981/735 749/982/735 750/983/735
f 751/984/736 749/982/736 748/981/736
f 751/984/737 752/985/737 749/982/737
f 545/710/738 344/688/738 753/986/738
f 748/987/739 752/985/739 751/984/739
f 752/985/740 748/987/740 750/988/740
f 754/989/741 755/990/741 756/991/741
f 755/990/742 754/989/742 757/992/742
f 753/986/743 344/688/743 353/993/743
f 754/994/744 755/990/744 757/992/744
f 755/990/745 754/994/745 756/995/745
f 758/996/746 759/997/746 760/998/746
f 759/997/747 758/996/747 761/999/747
f 761/999/748 762/1000/748 759/997/748
f 758/1001/749 762/1000/749 761/999/749
f 762/1000/750 758/1001/750 760/1002/750
f 763/1003/751 764/1004/751 765/1005/751
f 766/1006/752 764/1004/752 763/1003/752
f 763/1007/753 764/1004/753 766/1006/753
f 764/1004/754 763/1007/754 765/1008/754
f 767/1009/755 768/1010/755 769/1011/755
f 768/1010/756 767/1009/756 770/1012/756
f 771/1013/757 772/1014/757 773/1015/757
f 770/1012/758 774/1016/758 768/1010/758
f 767/1017/759 774/1016/759 770/1012/759
f 774/1016/760 767/1017/760 769/1018/760
f 775/1019/761 776/1020/761 777/1021/761
f 776/1020/762 775/1019/762 778/1022/762
f 778/1022/763 779/1023/763 776/1020/763
f 775/1024/764 779/1023/764 778/1022/764
f 779/1023/765 775/1024/765 777/1025/765
f 780/1026/766 781/1027/766 782/1028/766
f 781/1027/767 780/1026/767 783/1029/767
f 784/1030/768 660/1031/768 663/1032/768
f 663/1032/769 660/1031/769 784/1030/769
f 661/1033/770 660/1031/770 663/1032/770
f 781/1027/771 783/1029/771 785/1034/771
f 780/1035/772 785/1034/772 783/1029/772
f 785/1034/773 780/1035/773 782/1036/773
f 786/1037/774 787/1038/774 788/1039/774
f 789/1040/775 787/1038/775 786/1037/775
f 678/1041/776 661/1033/776 663/1032/776
f 789/1040/777 790/1042/777 787/1038/777
f 786/1043/778 790/1042/778 789/1040/778
f 790/1042/779 786/1043/779 788/1044/779
f 791/1045/780 792/1046/780 793/1047/780
f 794/1048/781 792/1046/781 791/1045/781
f 792/1046/782 794/1048/782 795/1049/782
f 791/1050/783 795/1049/783 794/1048/783
f 795/1049/784 791/1050/784 793/1051/784
f 796/1052/785 797/1053/785 798/1054/785
f 684/1055/786 661/1033/786 678/1041/786
f 799/1056/787 797/1053/787 796/1052/787
f 684/1055/788 685/1057/788 661/1033/788
f 800/1058/789 685/1057/789 684/1055/789
f 797/1053/790 799/1056/790 796/1059/790
f 797/1053/791 796/1059/791 801/1060/791
f 801/1060/792 796/1059/792 798/1061/792
f 802/1062/793 803/1063/793 804/1064/793
f 805/1065/794 803/1063/794 802/1062/794
f 803/1063/795 805/1065/795 802/1066/795
f 806/1067/796 807/1068/796 720/1069/796
f 720/1069/797 808/1070/797 806/1067/797
f 803/1063/798 802/1066/798 809/1071/798
f 809/1071/799 802/1066/799 804/1072/799
f 810/1073/800 811/1074/800 812/1075/800
f 811/1074/801 810/1073/801 813/1076/801
f 811/1074/802 813/1076/802 814/1077/802
f 810/1078/803 814/1077/803 813/1076/803
f 814/1077/804 810/1078/804 812/1079/804
f 815/1080/805 816/1081/805 817/1082/805
f 816/1081/806 815/1080/806 818/1083/806
f 720/1069/807 719/1084/807 722/1085/807
f 815/1086/808 816/1081/808 818/1083/808
f 816/1081/809 815/1086/809 817/1087/809
f 819/1088/810 820/1089/810 821/1090/810
f 820/1089/811 819/1088/811 822/1091/811
f 570/1092/812 823/1093/812 571/1094/812
f 823/1093/813 570/1092/813 569/1095/813
f 569/1095/814 571/1094/814 823/1093/814
f 720/1069/815 824/1096/815 727/1097/815
f 819/1098/816 820/1089/816 822/1091/816
f 820/1089/817 819/1098/817 821/1099/817
f 825/1100/818 826/1101/818 827/1102/818
f 828/1103/819 826/1101/819 825/1100/819
f 829/1104/820 571/1094/820 569/1095/820
f 830/1105/821 571/1094/821 829/1104/821
f 830/1105/822 831/1106/822 571/1094/822
f 571/1094/823 831/1106/823 832/1107/823
f 825/1108/824 826/1101/824 828/1103/824
f 826/1101/825 825/1108/825 827/1109/825
f 833/1110/826 834/1111/826 835/1112/826
f 834/1111/827 833/1110/827 836/1113/827
f 335/401/828 333/399/828 650/1114/828
f 650/1114/829 651/1115/829 335/401/829
f 836/1113/830 837/1116/830 834/1111/830
f 833/1117/831 837/1116/831 836/1113/831
f 837/1116/832 833/1117/832 835/1118/832
f 838/1119/833 839/1120/833 840/1121/833
f 839/1120/834 838/1119/834 841/1122/834
f 838/1123/835 839/1120/835 841/1122/835
f 839/1120/836 838/1123/836 840/1124/836
f 842/1125/837 843/1126/837 844/1127/837
f 843/1126/838 842/1125/838 845/1128/838
f 845/1128/839 846/1129/839 843/1126/839
f 509/1130/840 511/1131/840 847/1132/840
f 842/1133/841 846/1129/841 845/1128/841
f 846/1129/842 842/1133/842 844/1134/842
f 509/1130/843 513/1135/843 512/1136/843
f 513/1135/844 847/1132/844 514/1137/844
f 514/1137/845 847/1132/845 515/1138/845
f 847/1132/846 848/1139/846 515/1138/846
f 849/1140/847 84/1141/847 850/1142/847
f 849/1140/848 78/1143/848 84/1141/848
f 78/1143/849 849/1140/849 851/1144/849
f 851/1144/850 76/1145/850 79/1146/850
f 851/1144/851 75/1147/851 76/1145/851
f 851/1144/852 74/1148/852 75/1147/852
f 851/1144/853 852/1149/853 74/1148/853
f 852/1149/854 73/1150/854 74/1148/854
f 852/1149/855 72/1151/855 73/1150/855
f 852/1149/856 66/1152/856 72/1151/856
f 853/1153/857 854/1154/857 855/1155/857
f 854/1154/858 853/1153/858 771/1013/858
f 854/1154/859 771/1013/859 856/1156/859
f 771/1013/860 853/1153/860 772/1014/860
f 852/1149/861 63/1157/861 64/1158/861
f 852/1149/862 62/1159/862 63/1157/862
f 852/1149/863 857/1160/863 62/1159/863
f 857/1160/864 61/1161/864 62/1159/864
f 857/1160/865 852/1149/865 858/1162/865
f 857/1160/866 60/1163/866 61/1161/866
f 857/1160/867 858/1162/867 60/1163/867
f 858/1162/868 57/1164/868 60/1163/868
f 858/1162/869 51/1165/869 57/1164/869
f 858/1162/870 52/1166/870 51/1165/870
f 858/1162/871 859/1167/871 52/1166/871
f 859/1167/872 860/1168/872 52/1166/872
f 861/1169/873 862/1170/873 863/1171/873
f 862/1170/874 861/1169/874 864/1172/874
f 861/1169/875 862/1173/875 864/1172/875
f 865/1174/876 862/1173/876 861/1169/876
f 862/1173/877 865/1174/877 863/1175/877
f 866/1176/878 867/1177/878 868/1178/878
f 867/1177/879 866/1176/879 869/1179/879
f 869/1179/880 866/1176/880 870/1180/880
f 870/1180/881 867/1181/881 869/1179/881
f 867/1181/882 870/1180/882 868/1182/882
f 871/1183/883 872/1184/883 873/1185/883
f 872/1184/884 871/1183/884 874/1186/884
f 875/1187/885 664/1188/885 876/1189/885
f 664/1188/886 875/1187/886 667/1190/886
f 667/1190/887 875/1187/887 668/1191/887
f 875/1187/888 877/1192/888 878/1193/888
f 669/1194/889 668/1191/889 875/1187/889
f 875/1187/890 878/1193/890 669/1194/890
f 670/1195/891 669/1194/891 878/1193/891
f 671/1196/892 670/1195/892 878/1193/892
f 878/1193/893 877/1192/893 671/1196/893
f 697/1197/894 671/1196/894 877/1192/894
f 697/1197/895 877/1192/895 698/1198/895
f 874/1186/896 871/1183/896 879/1199/896
f 693/1200/897 877/1192/897 692/1201/897
f 692/1201/898 877/1192/898 691/1202/898
f 691/1202/899 877/1192/899 690/1203/899
f 880/1204/900 690/1203/900 877/1192/900
f 690/1203/901 880/1204/901 689/1205/901
f 689/1205/902 880/1204/902 688/1206/902
f 879/1199/903 872/1207/903 874/1186/903
f 872/1207/904 879/1199/904 873/1208/904
f 881/1209/905 882/1210/905 883/1211/905
f 884/1212/906 883/1211/906 882/1210/906
f 882/1213/907 883/1211/907 884/1212/907
f 883/1211/908 882/1213/908 881/1214/908
f 885/1215/909 886/1216/909 887/1217/909
f 886/1216/910 885/1215/910 888/1218/910
f 255/1219/911 880/1204/911 256/1220/911
f 888/1218/912 885/1215/912 889/1221/912
f 887/1222/913 889/1221/913 885/1215/913
f 880/1204/914 890/1223/914 256/1220/914
f 602/1224/915 256/1220/915 890/1223/915
f 889/1221/916 887/1222/916 886/1225/916
f 891/1226/917 892/1227/917 893/1228/917
f 892/1227/918 891/1226/918 894/1229/918
f 894/1229/919 891/1226/919 895/1230/919
f 893/1231/920 895/1230/920 891/1226/920
f 895/1230/921 893/1231/921 892/1232/921
f 896/1233/922 897/1234/922 898/1235/922
f 897/1234/923 896/1233/923 899/1236/923
f 899/1236/924 896/1233/924 897/1237/924
f 898/1238/925 897/1237/925 896/1233/925
f 900/1239/926 901/1240/926 902/1241/926
f 198/914/927 187/1242/927 188/904/927
f 188/904/928 187/1242/928 189/1243/928
f 903/1244/929 902/1241/929 901/1240/929
f 902/1241/930 903/1244/930 904/1245/930
f 901/1246/931 904/1245/931 903/1244/931
f 904/1245/932 901/1246/932 900/1247/932
f 905/1248/933 906/1249/933 907/1250/933
f 906/1249/934 905/1248/934 908/1251/934
f 591/1252/935 592/1253/935 909/1254/935
f 591/1252/936 587/1255/936 590/1256/936
f 589/1257/937 590/1256/937 587/1255/937
f 910/1258/938 591/1252/938 909/1254/938
f 591/1252/939 910/1258/939 587/1255/939
f 588/1259/940 587/1255/940 910/1258/940
f 910/1258/941 584/1260/941 588/1259/941
f 584/1260/942 910/1258/942 586/1261/942
f 910/1258/943 911/1262/943 912/1263/943
f 908/1251/944 905/1248/944 913/1264/944
f 907/1265/945 913/1264/945 905/1248/945
f 913/1264/946 907/1265/946 906/1266/946
f 914/1267/947 915/1268/947 916/1269/947
f 916/1269/948 915/1268/948 917/1270/948
f 916/1269/949 917/1270/949 918/1271/949
f 915/1272/950 918/1271/950 917/1270/950
f 918/1271/951 915/1272/951 914/1273/951
f 919/1274/952 920/1275/952 921/1276/952
f 922/1277/953 921/1276/953 920/1275/953
f 921/1276/954 922/1277/954 923/1278/954
f 920/1279/955 923/1278/955 922/1277/955
f 923/1278/956 920/1279/956 919/1280/956
f 924/1281/957 925/1282/957 926/1283/957
f 927/1284/958 926/1283/958 925/1282/958
f 926/1283/959 927/1284/959 928/1285/959
f 925/1286/960 928/1285/960 927/1284/960
f 928/1285/961 925/1286/961 924/1287/961
f 929/1288/962 930/1289/962 931/1290/962
f 931/1290/963 930/1289/963 932/1291/963
f 930/1292/964 931/1290/964 932/1291/964
f 931/1290/965 930/1292/965 929/1293/965
f 933/1294/966 934/1295/966 935/1296/966
f 934/1295/967 933/1294/967 936/1297/967
f 936/1297/968 933/1294/968 937/1298/968
f 935/1299/969 937/1298/969 933/1294/969
f 937/1298/970 935/1299/970 934/1300/970
f 938/1301/971 939/1302/971 940/1303/971
f 941/1304/972 940/1303/972 939/1302/972
f 940/1303/973 941/1304/973 942/1305/973
f 939/1306/974 942/1305/974 941/1304/974
f 942/1305/975 939/1306/975 938/1307/975
f 943/1308/976 944/1309/976 945/1310/976
f 945/1310/977 944/1309/977 946/1311/977
f 944/1312/978 945/1310/978 946/1311/978
f 945/1310/979 944/1312/979 943/1313/979
f 947/1314/980 948/1315/980 949/1316/980
f 950/1317/981 949/1316/981 948/1315/981
f 949/1316/982 950/1317/982 951/1318/982
f 948/1319/983 951/1318/983 950/1317/983
f 951/1318/984 948/1319/984 947/1320/984
f 952/1321/985 953/1322/985 954/1323/985
f 953/1322/986 952/1321/986 955/1324/986
f 955/1324/987 952/1321/987 956/1325/987
f 954/1326/988 956/1325/988 952/1321/988
f 956/1325/989 954/1326/989 953/1327/989
f 957/1328/990 958/1329/990 959/1330/990
f 958/1329/991 957/1328/991 960/1331/991
f 960/1331/992 957/1328/992 961/1332/992
f 959/1333/993 961/1332/993 957/1328/993
f 961/1332/994 959/1333/994 958/1334/994
f 962/1335/995 963/1336/995 964/1337/995
f 963/1336/996 962/1335/996 965/1338/996
f 966/1339/997 967/1340/997 968/1341/997
f 965/1338/998 962/1335/998 969/1342/998
f 964/1343/999 969/1342/999 962/1335/999
f 969/1342/1000 964/1343/1000 963/1344/1000
f 970/1345/1001 971/1346/1001 972/1347/1001
f 973/1348/1002 972/1347/1002 971/1346/1002
f 972/1347/1003 973/1348/1003 974/1349/1003
f 971/1350/1004 974/1349/1004 973/1348/1004
f 974/1349/1005 971/1350/1005 970/1351/1005
f 975/1352/1006 976/1353/1006 977/1354/1006
f 976/1353/1007 975/1352/1007 978/1355/1007
f 979/1356/1008 978/1355/1008 975/1352/1008
f 979/1356/1009 976/1357/1009 978/1355/1009
f 977/1358/1010 976/1357/1010 979/1356/1010
f 968/1341/1011 980/1359/1011 967/1340/1011
f 967/1340/1012 966/1339/1012 968/1341/1012
f 224/1360/1013 214/1361/1013 981/1362/1013
f 981/1362/1014 235/1363/1014 224/1360/1014
f 235/1363/1015 231/1364/1015 224/1360/1015
f 224/1360/1016 231/1364/1016 225/1365/1016
f 214/1361/1017 216/1366/1017 981/1362/1017
f 235/1363/1018 981/1362/1018 216/1366/1018
f 231/1364/1019 227/1367/1019 225/1365/1019
f 235/1363/1020 268/1368/1020 231/1364/1020
f 272/1369/1021 268/1368/1021 271/1370/1021
f 307/372/1022 268/1368/1022 235/1363/1022
f 307/372/1023 271/1370/1023 268/1368/1023
f 271/1370/1024 307/372/1024 269/1371/1024
f 307/372/1025 270/1372/1025 269/1371/1025
f 307/372/1026 235/1363/1026 274/1373/1026
f 235/1363/1027 233/1374/1027 274/1373/1027
f 275/1375/1028 233/1374/1028 234/1376/1028
f 982/1377/1029 983/1378/1029 984/1379/1029
f 298/359/1030 308/373/1030 985/1380/1030
f 986/1381/1031 987/1382/1031 988/1383/1031
f 986/1381/1032 988/1383/1032 989/1384/1032
f 990/1385/1033 284/345/1033 986/1381/1033
f 991/1386/1034 992/1387/1034 993/1388/1034
f 994/1389/1035 991/1386/1035 993/1388/1035
f 746/1390/1036 995/1391/1036 996/1392/1036
f 995/1391/1037 746/1390/1037 284/345/1037
f 995/1391/1038 284/345/1038 990/1385/1038
f 989/1384/1039 990/1385/1039 986/1381/1039
f 830/1393/1040 381/1394/1040 385/1395/1040
f 992/1387/1041 489/1396/1041 997/1397/1041
f 992/1387/1042 991/1398/1042 489/1396/1042
f 577/1399/1043 740/1400/1043 998/1401/1043
f 6/6/1044 999/1402/1044 577/1399/1044
f 11/11/1045 6/6/1045 577/1399/1045
f 999/1402/1046 6/6/1046 726/1403/1046
f 734/1404/1047 1000/1405/1047 1001/1406/1047
f 1002/1407/1048 1003/1408/1048 1004/1409/1048
f 1005/1410/1049 1002/1407/1049 1004/1409/1049
f 390/1411/1050 391/1412/1050 830/1393/1050
f 389/1413/1051 390/1411/1051 385/1395/1051
f 390/1411/1052 392/1414/1052 391/1412/1052
f 1006/1415/1053 1007/1416/1053 1008/1417/1053
f 1009/1418/1054 1006/1415/1054 1008/1417/1054
f 1006/1415/1055 1010/1419/1055 1007/1416/1055
f 1005/1410/1056 1004/1409/1056 1011/1420/1056
f 986/1381/1057 258/315/1057 1012/1421/1057
f 284/345/1058 261/318/1058 986/1381/1058
f 258/315/1059 986/1381/1059 261/318/1059
f 1013/1422/1060 1014/1423/1060 1011/1420/1060
f 1015/1424/1061 1011/1420/1061 1014/1423/1061
f 545/1425/1062 1016/1426/1062 710/1427/1062
f 1005/1410/1063 1011/1420/1063 1015/1424/1063
f 478/600/1064 345/1428/1064 351/1429/1064
f 351/1429/1065 1017/1430/1065 478/600/1065
f 350/1431/1066 1017/1430/1066 351/1429/1066
f 1018/1432/1067 352/1433/1067 478/600/1067
f 714/1434/1068 1016/1426/1068 1019/1435/1068
f 1019/1435/1069 713/1436/1069 714/1434/1069
f 1019/1435/1070 739/1437/1070 713/1436/1070
f 739/1437/1071 1019/1435/1071 737/1438/1071
f 1019/1435/1072 738/1439/1072 737/1438/1072
f 736/1440/1073 738/1439/1073 1019/1435/1073
f 1019/1435/1074 1020/1441/1074 736/1440/1074
f 1005/1410/1075 1015/1424/1075 1014/1423/1075
f 1013/1422/1076 1005/1410/1076 1014/1423/1076
f 1021/1442/1077 1013/1422/1077 1011/1420/1077
f 1005/1410/1078 1013/1422/1078 1021/1442/1078
f 1021/1442/1079 1011/1420/1079 1022/1443/1079
f 1005/1410/1080 1021/1442/1080 1022/1443/1080
f 1023/1444/1081 1005/1410/1081 1022/1443/1081
f 1022/1443/1082 1011/1420/1082 1023/1444/1082
f 771/1445/1083 1024/1446/1083 856/1447/1083
f 1023/1444/1084 1011/1420/1084 29/34/1084
f 1025/1448/1085 156/1449/1085 1026/1450/1085
f 1025/1448/1086 155/1451/1086 156/1449/1086
f 28/33/1087 1027/1452/1087 29/34/1087
f 154/1453/1088 155/1451/1088 153/1454/1088
f 155/1451/1089 149/1455/1089 153/1454/1089
f 149/1455/1090 155/1451/1090 150/1456/1090
f 27/32/1091 1027/1452/1091 28/33/1091
f 146/1457/1092 150/1456/1092 1025/1448/1092
f 150/1456/1093 146/1457/1093 148/1458/1093
f 146/1457/1094 1025/1448/1094 851/1144/1094
f 146/1457/1095 147/1459/1095 148/1458/1095
f 851/1144/1096 144/1460/1096 146/1457/1096
f 145/1461/1097 146/1457/1097 144/1460/1097
f 27/32/1098 1023/1444/1098 1027/1452/1098
f 1023/1444/1099 29/34/1099 1027/1452/1099
f 142/1462/1100 144/1460/1100 851/1144/1100
f 1005/1410/1101 1023/1444/1101 27/32/1101
f 27/32/1102 1028/1463/1102 1005/1410/1102
f 910/1464/1103 912/1465/1103 585/764/1103
f 910/1464/1104 585/764/1104 586/765/1104
f 1008/1417/1105 1029/1466/1105 1009/1418/1105
f 1010/1419/1106 1006/1415/1106 1009/1418/1106
f 1009/1418/1107 1029/1466/1107 1010/1419/1107
f 1007/1416/1108 1010/1419/1108 1029/1466/1108
f 1030/1467/1109 1031/1468/1109 1032/1469/1109
f 1005/1410/1110 1028/1463/1110 258/1470/1110
f 258/1470/1111 1028/1463/1111 984/1471/1111
f 1033/1472/1112 1034/1473/1112 1035/1474/1112
f 1034/1473/1113 1004/1409/1113 1035/1474/1113
f 1036/1475/1114 1004/1409/1114 1034/1473/1114
f 1011/1420/1115 1004/1409/1115 1036/1475/1115
f 30/35/1116 29/34/1116 1011/1420/1116
f 1011/1420/1117 1037/1476/1117 30/35/1117
f 1037/1476/1118 1011/1420/1118 1038/1477/1118
f 1038/1477/1119 1039/1478/1119 1037/1476/1119
f 1040/1479/1120 1038/1477/1120 1011/1420/1120
f 1011/1420/1121 1036/1475/1121 1041/1480/1121
f 1041/1480/1122 1040/1479/1122 1011/1420/1122
f 1037/1476/1123 1038/1477/1123 1040/1479/1123
f 1042/1481/1124 1038/1477/1124 1037/1476/1124
f 1039/1478/1125 1038/1477/1125 1042/1481/1125
f 1039/1478/1126 1042/1481/1126 1037/1476/1126
f 1040/1479/1127 30/35/1127 1037/1476/1127
f 30/35/1128 1040/1479/1128 1036/1475/1128
f 1041/1480/1129 1036/1475/1129 1040/1479/1129
f 30/35/1130 1036/1475/1130 27/32/1130
f 1036/1475/1131 1028/1463/1131 27/32/1131
f 1028/1463/1132 990/1482/1132 989/1483/1132
f 1028/1463/1133 1036/1475/1133 990/1482/1133
f 1002/1407/1134 1005/1410/1134 258/1470/1134
f 260/1484/1135 1002/1407/1135 258/1470/1135
f 1043/1485/1136 1044/1486/1136 1045/1487/1136
f 1045/1487/1137 1044/1486/1137 1046/1488/1137
f 1046/1488/1138 741/972/1138 1047/1489/1138
f 1043/1485/1139 1048/1490/1139 1049/1491/1139
f 1050/1492/1140 1044/1486/1140 1043/1485/1140
f 1050/1492/1141 259/1493/1141 1044/1486/1141
f 1051/1494/1142 259/1493/1142 1033/1472/1142
f 1051/1494/1143 1033/1472/1143 1035/1474/1143
f 1051/1494/1144 1035/1474/1144 1004/1409/1144
f 996/1495/1145 1034/1473/1145 1032/1469/1145
f 1052/1496/1146 1053/1497/1146 1054/1498/1146
f 1055/1499/1147 1054/1498/1147 1056/1500/1147
f 1057/1501/1148 1058/1502/1148 1059/1503/1148
f 1058/1502/1149 1057/1501/1149 1060/1504/1149
f 1060/1504/1150 1061/1505/1150 1058/1502/1150
f 1057/1506/1151 1061/1505/1151 1060/1504/1151
f 1061/1505/1152 1057/1506/1152 1059/1507/1152
f 1062/1508/1153 1063/1509/1153 1064/1510/1153
f 1063/1509/1154 1062/1508/1154 1065/1511/1154
f 1063/1509/1155 1065/1511/1155 1066/1512/1155
f 1062/1513/1156 1066/1512/1156 1065/1511/1156
f 1066/1512/1157 1062/1513/1157 1064/1514/1157
f 1067/1515/1158 1068/1516/1158 1069/1517/1158
f 1068/1518/1159 1067/1515/1159 1069/1519/1159
f 1070/1520/1160 1071/1521/1160 1072/1522/1160
f 1071/1521/1161 1070/1520/1161 1073/1523/1161
f 1071/1521/1162 1073/1523/1162 1074/1524/1162
f 1075/1525/1163 1076/1526/1163 143/1527/1163
f 1076/1526/1164 1077/1528/1164 143/1527/1164
f 1070/1529/1165 1074/1524/1165 1073/1523/1165
f 1074/1524/1166 1070/1529/1166 1072/1530/1166
f 1078/1531/1167 1079/1532/1167 1080/1533/1167
f 1078/1531/1168 1080/1533/1168 1081/1534/1168
f 646/1535/1169 655/1536/1169 653/1537/1169
f 654/1538/1170 646/1535/1170 653/1537/1170
f 1081/1534/1171 1080/1533/1171 1082/1539/1171
f 1083/1540/1172 1084/1541/1172 646/1535/1172
f 647/1542/1173 640/1543/1173 646/1535/1173
f 640/1543/1174 647/1542/1174 645/1544/1174
f 637/1545/1175 1085/1546/1175 638/1547/1175
f 640/1543/1176 645/1544/1176 638/1547/1176
f 1085/1546/1177 640/1543/1177 638/1547/1177
f 1085/1546/1178 637/1545/1178 640/1543/1178
f 642/1548/1179 643/1549/1179 640/1543/1179
f 640/1543/1180 643/1549/1180 646/1535/1180
f 646/1535/1181 643/1549/1181 1083/1540/1181
f 644/1550/1182 1083/1540/1182 643/1549/1182
f 1083/1540/1183 644/1550/1183 649/1551/1183
f 1083/1540/1184 649/1551/1184 648/1552/1184
f 1086/1553/1185 1083/1540/1185 1087/1554/1185
f 1086/1553/1186 1088/1555/1186 1083/1540/1186
f 1082/1539/1187 1078/1556/1187 1081/1534/1187
f 1078/1556/1188 1082/1539/1188 1079/1557/1188
f 1089/1558/1189 1090/1559/1189 1091/1560/1189
f 1092/1561/1190 179/1562/1190 162/1563/1190
f 177/1564/1191 176/1565/1191 175/1566/1191
f 162/1563/1192 179/1562/1192 177/1564/1192
f 162/1563/1193 177/1564/1193 175/1566/1193
f 175/1566/1194 169/1567/1194 162/1563/1194
f 171/1568/1195 175/1566/1195 174/1569/1195
f 171/1568/1196 169/1567/1196 175/1566/1196
f 169/1567/1197 171/1568/1197 170/1570/1197
f 167/1571/1198 169/1567/1198 168/1572/1198
f 169/1567/1199 167/1571/1199 162/1563/1199
f 167/1571/1200 163/1573/1200 162/1563/1200
f 141/1574/1201 140/1575/1201 162/1563/1201
f 139/1576/1202 162/1563/1202 140/1575/1202
f 137/1577/1203 1092/1561/1203 162/1563/1203
f 162/1563/1204 139/1576/1204 137/1577/1204
f 1089/1558/1205 1091/1560/1205 1093/1578/1205
f 131/1579/1206 1094/1580/1206 132/1581/1206
f 1076/1526/1207 1083/1540/1207 1092/1561/1207
f 1076/1526/1208 1075/1525/1208 1083/1540/1208
f 1076/1526/1209 1095/1582/1209 1077/1528/1209
f 1076/1526/1210 659/1583/1210 1095/1582/1210
f 1096/1584/1211 1093/1578/1211 1091/1560/1211
f 1076/1526/1212 657/1585/1212 656/1586/1212
f 1096/1584/1213 1089/1587/1213 1093/1578/1213
f 1089/1587/1214 1096/1584/1214 1090/1588/1214
f 1094/1580/1215 115/1589/1215 1097/1590/1215
f 115/1589/1216 1094/1580/1216 131/1579/1216
f 131/1579/1217 117/1591/1217 115/1589/1217
f 1098/1592/1218 1097/1590/1218 1099/1593/1218
f 115/1589/1219 1099/1593/1219 1097/1590/1219
f 115/1589/1220 120/1594/1220 1099/1593/1220
f 113/1595/1221 115/1589/1221 114/1596/1221
f 113/1595/1222 120/1594/1222 115/1589/1222
f 120/1594/1223 111/1597/1223 119/1598/1223
f 120/1594/1224 113/1595/1224 111/1597/1224
f 110/1599/1225 111/1597/1225 107/1600/1225
f 107/1600/1226 111/1597/1226 113/1595/1226
f 109/1601/1227 110/1599/1227 107/1600/1227
f 108/1602/1228 113/1595/1228 112/1603/1228
f 106/1604/1229 107/1600/1229 113/1595/1229
f 113/1595/1230 108/1602/1230 106/1604/1230
f 103/1605/1231 107/1600/1231 101/1606/1231
f 107/1600/1232 106/1604/1232 101/1606/1232
f 106/1604/1233 105/1607/1233 101/1606/1233
f 980/1359/1234 968/1341/1234 967/1340/1234
f 1100/1608/1235 1101/1609/1235 1102/1610/1235
f 1101/1609/1236 1100/1608/1236 1103/1611/1236
f 1103/1611/1237 1100/1608/1237 1104/1612/1237
f 1104/1612/1238 1101/1613/1238 1103/1611/1238
f 1102/1614/1239 1101/1613/1239 1104/1612/1239
f 1105/1615/1240 1106/1616/1240 1107/1617/1240
f 1106/1616/1241 1105/1615/1241 1108/1618/1241
f 1108/1618/1242 1109/1619/1242 1106/1616/1242
f 1108/1618/1243 1107/1620/1243 1109/1619/1243
f 1107/1620/1244 1108/1618/1244 1105/1621/1244
f 1110/1622/1245 1111/1623/1245 1112/1624/1245
f 1111/1623/1246 1110/1622/1246 1113/1625/1246
f 1113/1625/1247 1114/1626/1247 1111/1623/1247
f 1110/1627/1248 1114/1626/1248 1113/1625/1248
f 1110/1627/1249 1112/1628/1249 1114/1626/1249
f 1115/1629/1250 1116/1630/1250 1117/1631/1250
f 1116/1630/1251 1115/1629/1251 1118/1632/1251
f 1118/1632/1252 1119/1633/1252 1116/1630/1252
f 1118/1632/1253 1117/1634/1253 1119/1633/1253
f 1117/1634/1254 1118/1632/1254 1115/1635/1254
f 1120/1636/1255 1121/1637/1255 1122/1638/1255
f 1123/1639/1256 1121/1637/1256 1120/1636/1256
f 1120/1640/1257 1121/1637/1257 1123/1639/1257
f 1120/1640/1258 1122/1641/1258 1121/1637/1258
f 1124/1642/1259 1125/1643/1259 1126/1644/1259
f 1127/1645/1260 1125/1643/1260 1124/1642/1260
f 1127/1645/1261 1128/1646/1261 1125/1643/1261
f 1127/1645/1262 1126/1647/1262 1128/1646/1262
f 1126/1647/1263 1127/1645/1263 1124/1648/1263
f 1129/1649/1264 1130/1650/1264 1131/1651/1264
f 1130/1650/1265 1129/1649/1265 1132/1652/1265
f 1132/1652/1266 1133/1653/1266 1130/1650/1266
f 1132/1652/1267 1131/1654/1267 1133/1653/1267
f 1131/1654/1268 1132/1652/1268 1129/1655/1268
f 1134/1656/1269 1135/1657/1269 1136/1658/1269
f 1135/1657/1270 1134/1656/1270 1137/1659/1270
f 1137/1659/1271 1138/1660/1271 1135/1657/1271
f 1137/1659/1272 1136/1661/1272 1138/1660/1272
f 1136/1661/1273 1137/1659/1273 1134/1662/1273
f 1139/1663/1274 1140/1664/1274 1141/1665/1274
f 1140/1664/1275 1139/1663/1275 1142/1666/1275
f 1142/1666/1276 1143/1667/1276 1140/1664/1276
f 1142/1666/1277 1141/1668/1277 1143/1667/1277
f 1141/1668/1278 1142/1666/1278 1139/1669/1278
f 1144/1670/1279 1145/1671/1279 1146/1672/1279
f 1145/1671/1280 1144/1670/1280 1147/1673/1280
f 1147/1673/1281 1148/1674/1281 1145/1671/1281
f 1144/1675/1282 1148/1674/1282 1147/1673/1282
f 1144/1675/1283 1146/1676/1283 1148/1674/1283
f 1149/1677/1284 1150/1678/1284 1151/1679/1284
f 1150/1678/1285 1149/1677/1285 1152/1680/1285
f 1152/1680/1286 1153/1681/1286 1150/1678/1286
f 1149/1682/1287 1153/1681/1287 1152/1680/1287
f 1149/1682/1288 1151/1683/1288 1153/1681/1288
f 1154/1684/1289 1155/1685/1289 1156/1686/1289
f 1155/1685/1290 1154/1684/1290 1157/1687/1290
f 1157/1687/1291 1158/1688/1291 1155/1685/1291
f 1154/1689/1292 1158/1688/1292 1157/1687/1292
f 1154/1689/1293 1156/1690/1293 1158/1688/1293
f 1159/1691/1294 1160/1692/1294 1161/1693/1294
f 1160/1692/1295 1159/1691/1295 1162/1694/1295
f 1159/1695/1296 1160/1692/1296 1162/1694/1296
f 1159/1695/1297 1161/1696/1297 1160/1692/1297
f 1163/1697/1298 1164/1698/1298 1165/1699/1298
f 1164/1698/1299 1163/1697/1299 1166/1700/1299
f 1163/1701/1300 1164/1698/1300 1166/1700/1300
f 1163/1701/1301 1165/1702/1301 1164/1698/1301
f 1167/1703/1302 1168/1704/1302 1169/1705/1302
f 1168/1704/1303 1167/1703/1303 1170/1706/1303
f 1170/1706/1304 1169/1707/1304 1168/1704/1304
f 1169/1707/1305 1170/1706/1305 1167/1708/1305
f 1171/1709/1306 1172/1710/1306 1173/1711/1306
f 1171/1709/1307 1174/1712/1307 1172/1710/1307
f 1174/1712/1308 1171/1709/1308 1175/1713/1308
f 1175/1713/1309 1172/1714/1309 1174/1712/1309
f 1173/1715/1310 1172/1714/1310 1175/1713/1310
f 1176/1716/1311 1177/1717/1311 1178/1718/1311
f 1177/1717/1312 1176/1716/1312 1179/1719/1312
f 1176/1720/1313 1177/1717/1313 1179/1719/1313
f 1176/1720/1314 1178/1721/1314 1177/1717/1314
f 312/378/1315 311/377/1315 747/1722/1315
f 1180/1723/1316 1097/1590/1316 1098/1592/1316
f 657/1585/1317 1097/1590/1317 1180/1723/1317
f 1097/1590/1318 1076/1526/1318 1094/1580/1318
f 1097/1590/1319 657/1585/1319 1076/1526/1319
f 687/1724/1320 1181/1725/1320 1182/1726/1320
f 686/1727/1321 373/1728/1321 687/1724/1321
f 138/1729/1322 137/1577/1322 139/1576/1322
f 1088/1555/1323 179/1562/1323 1092/1561/1323
f 1092/1561/1324 1083/1540/1324 1088/1555/1324
f 1088/1555/1325 180/1730/1325 179/1562/1325
f 10/10/1326 6/6/1326 12/12/1326
f 1087/1554/1327 1083/1540/1327 1183/1731/1327
f 1183/1731/1328 1083/1540/1328 652/1732/1328
f 652/1732/1329 1083/1540/1329 648/1552/1329
f 655/1536/1330 646/1535/1330 1084/1541/1330
f 655/1536/1331 1084/1541/1331 1184/1733/1331
f 1084/1541/1332 1185/1734/1332 1184/1733/1332
f 1186/1735/1333 1184/1733/1333 1185/1734/1333
f 1075/1525/1334 1084/1541/1334 1083/1540/1334
f 1187/1736/1335 1186/1735/1335 1185/1734/1335
f 1084/1541/1336 1187/1736/1336 1185/1734/1336
f 1187/1736/1337 1084/1541/1337 1075/1525/1337
f 1188/1737/1338 1075/1525/1338 143/1527/1338
f 1187/1736/1339 1189/1738/1339 1186/1735/1339
f 1190/1739/1340 1075/1525/1340 1188/1737/1340
f 1189/1738/1341 1187/1736/1341 1191/1740/1341
f 1187/1736/1342 1075/1525/1342 1192/1741/1342
f 1192/1741/1343 1191/1740/1343 1187/1736/1343
f 1190/1739/1344 1192/1741/1344 1075/1525/1344
f 1191/1740/1345 1192/1741/1345 1193/1742/1345
f 1067/1515/1346 1194/1743/1346 1068/1516/1346
f 1067/1515/1347 1195/1744/1347 1194/1743/1347
f 1195/1744/1348 1067/1515/1348 1196/1745/1348
f 1067/1515/1349 998/1746/1349 1196/1745/1349
f 998/1746/1350 1067/1515/1350 12/1747/1350
f 1068/1518/1351 12/1747/1351 1067/1515/1351
f 998/1746/1352 12/1747/1352 11/1748/1352
f 12/1747/1353 1068/1518/1353 21/1749/1353
f 1068/1518/1354 1197/1750/1354 21/1749/1354
f 14/15/1355 1198/1751/1355 1199/1752/1355
f 14/15/1356 10/10/1356 21/23/1356
f 1030/1467/1357 1033/1472/1357 1055/1499/1357
f 1033/1472/1358 1052/1496/1358 1055/1499/1358
f 14/15/1359 407/1753/1359 1198/1751/1359
f 1052/1496/1360 1033/1472/1360 259/1493/1360
f 21/23/1361 407/1753/1361 14/15/1361
f 408/1754/1362 407/1753/1362 21/23/1362
f 408/1754/1363 21/23/1363 20/22/1363
f 22/24/1364 21/23/1364 1200/1755/1364
f 309/374/1365 1200/1755/1365 21/23/1365
f 1200/1755/1366 309/374/1366 1201/1756/1366
f 1202/1757/1367 1201/1756/1367 309/374/1367
f 1202/1757/1368 309/374/1368 1203/1758/1368
f 1203/1758/1369 309/374/1369 1204/1759/1369
f 1205/1760/1370 1206/1761/1370 1207/1762/1370
f 1205/1760/1371 1207/1762/1371 1208/1763/1371
f 64/78/1372 59/73/1372 67/81/1372
f 85/103/1373 849/1764/1373 850/1765/1373
f 85/103/1374 1209/1766/1374 849/1764/1374
f 1210/1767/1375 1192/1768/1375 849/1764/1375
f 1192/1768/1376 1210/1767/1376 1193/1769/1376
f 1192/1768/1377 1190/1770/1377 851/1771/1377
f 142/172/1378 1190/1770/1378 1188/1772/1378
f 143/173/1379 142/172/1379 1188/1772/1379
f 143/173/1380 1095/1773/1380 86/104/1380
f 1099/1774/1381 120/144/1381 104/128/1381
f 1099/1774/1382 104/128/1382 1098/1775/1382
f 121/146/1383 1098/1775/1383 104/128/1383
f 1180/1776/1384 1098/1775/1384 121/146/1384
f 1211/1777/1385 121/146/1385 116/140/1385
f 117/141/1386 131/159/1386 116/140/1386
f 85/1778/1387 121/146/1387 1211/1777/1387
f 136/166/1388 137/167/1388 138/168/1388
f 1088/1779/1389 178/212/1389 180/214/1389
f 1088/1779/1390 1086/1780/1390 178/212/1390
f 1087/1781/1391 178/212/1391 1086/1780/1391
f 1036/1475/1392 1212/1782/1392 995/1783/1392
f 395/1784/1393 208/250/1393 207/249/1393
f 210/252/1394 375/1785/1394 211/253/1394
f 375/1785/1395 1213/1786/1395 211/253/1395
f 211/253/1396 1213/1786/1396 213/255/1396
f 1044/1486/1397 741/972/1397 1046/1488/1397
f 263/322/1398 254/310/1398 252/320/1398
f 263/322/1399 248/314/1399 254/310/1399
f 264/323/1400 263/322/1400 524/673/1400
f 265/324/1401 248/314/1401 266/326/1401
f 266/326/1402 249/328/1402 265/324/1402
f 267/327/1403 266/326/1403 307/1787/1403
f 226/271/1404 270/331/1404 266/326/1404
f 270/331/1405 307/1787/1405 266/326/1405
f 856/1447/1406 1214/1788/1406 854/1789/1406
f 1214/1788/1407 855/1790/1407 854/1789/1407
f 1215/1791/1408 1216/1792/1408 1217/1793/1408
f 274/335/1409 234/280/1409 273/334/1409
f 266/326/1410 273/334/1410 226/271/1410
f 273/334/1411 308/1794/1411 274/335/1411
f 273/334/1412 266/326/1412 1218/1795/1412
f 1219/1796/1413 273/334/1413 1218/1795/1413
f 277/338/1414 276/337/1414 300/1797/1414
f 295/356/1415 309/374/1415 293/354/1415
f 297/358/1416 292/353/1416 287/348/1416
f 295/356/1417 294/355/1417 401/1798/1417
f 300/361/1418 296/357/1418 287/348/1418
f 252/303/1419 302/365/1419 263/1799/1419
f 304/367/1420 303/366/1420 393/1800/1420
f 249/295/1421 307/372/1421 298/359/1421
f 298/359/1422 306/370/1422 300/361/1422
f 277/371/1423 306/370/1423 278/376/1423
f 1194/1801/1424 21/23/1424 1197/1802/1424
f 328/394/1425 1220/1803/1425 329/395/1425
f 1221/1804/1426 326/392/1426 330/396/1426
f 1221/1804/1427 1222/1805/1427 1223/1806/1427
f 334/400/1428 1222/1805/1428 330/396/1428
f 337/403/1429 340/406/1429 676/1807/1429
f 260/1484/1430 1224/1808/1430 1002/1407/1430
f 990/1482/1431 1036/1475/1431 995/1783/1431
f 261/318/1432 1044/1809/1432 259/316/1432
f 1212/1782/1433 1036/1475/1433 1034/1473/1433
f 1033/1472/1434 1032/1469/1434 1034/1473/1434
f 1033/1472/1435 1030/1467/1435 1032/1469/1435
f 260/317/1436 259/316/1436 1224/1810/1436
f 348/414/1437 321/387/1437 322/388/1437
f 321/387/1438 347/413/1438 349/415/1438
f 320/386/1439 349/415/1439 346/412/1439
f 702/1811/1440 1181/1812/1440 373/446/1440
f 703/1813/1441 372/445/1441 395/478/1441
f 1025/1448/1442 150/1456/1442 155/1451/1442
f 384/463/1443 1225/1814/1443 1226/1815/1443
f 384/463/1444 383/462/1444 1225/1814/1444
f 1024/1446/1445 771/1445/1445 773/1816/1445
f 14/1817/1446 395/478/1446 13/481/1446
f 1199/1818/1447 395/478/1447 14/1817/1447
f 406/497/1448 393/474/1448 395/478/1448
f 1227/1819/1449 1228/1820/1449 1216/1792/1449
f 304/1821/1450 393/474/1450 305/1822/1450
f 293/1823/1451 305/1822/1451 393/474/1451
f 393/474/1452 294/490/1452 293/1823/1452
f 406/497/1453 401/489/1453 393/474/1453
f 1229/1824/1454 489/617/1454 1230/1825/1454
f 395/478/1455 1199/1818/1455 406/497/1455
f 406/497/1456 1199/1818/1456 1198/1826/1456
f 406/497/1457 1198/1826/1457 407/498/1457
f 22/1827/1458 406/497/1458 20/500/1458
f 1200/1828/1459 406/497/1459 22/1827/1459
f 1018/1432/1460 994/1829/1460 993/1830/1460
f 1201/1831/1461 406/497/1461 1200/1828/1461
f 997/1832/1462 352/1433/1462 1231/1833/1462
f 1232/1834/1463 353/1835/1463 997/1832/1463
f 1203/1836/1464 406/497/1464 1201/1831/1464
f 1016/1426/1465 1232/1834/1465 1019/1435/1465
f 1202/1837/1466 1203/1836/1466 1201/1831/1466
f 1229/1824/1467 1233/1838/1467 489/617/1467
f 489/617/1468 1233/1838/1468 715/1839/1468
f 1020/1441/1469 1019/1435/1469 715/1839/1469
f 1017/1430/1470 347/1840/1470 348/1841/1470
f 348/1841/1471 322/1842/1471 1017/1430/1471
f 1017/1430/1472 350/1431/1472 347/1840/1472
f 319/601/1473 1017/1430/1473 322/1842/1473
f 1017/1430/1474 319/601/1474 478/600/1474
f 352/1433/1475 345/1428/1475 478/600/1475
f 353/1835/1476 1016/1426/1476 753/1843/1476
f 1016/1426/1477 545/1425/1477 753/1843/1477
f 710/1427/1478 1234/1844/1478 711/1845/1478
f 711/1845/1479 1234/1844/1479 477/1846/1479
f 477/1846/1480 1234/1844/1480 1016/1426/1480
f 1016/1426/1481 683/1847/1481 477/1846/1481
f 683/1847/1482 1016/1426/1482 707/1848/1482
f 706/1849/1483 683/1847/1483 707/1848/1483
f 683/1847/1484 706/1849/1484 682/1850/1484
f 682/1850/1485 709/1851/1485 1235/1852/1485
f 1012/1421/1486 987/1382/1486 986/1381/1486
f 984/1379/1487 983/1378/1487 1236/1853/1487
f 436/539/1488 438/541/1488 437/540/1488
f 1237/1854/1489 1238/1855/1489 1239/1856/1489
f 1240/1857/1490 1012/1858/1490 1241/1859/1490
f 1240/1857/1491 1241/1859/1491 1242/1860/1491
f 1240/1857/1492 1242/1860/1492 987/1861/1492
f 463/575/1493 324/576/1493 329/1862/1493
f 329/1862/1494 323/888/1494 463/575/1494
f 859/1167/1495 1243/1863/1495 1244/1864/1495
f 859/1167/1496 1244/1864/1496 1245/1865/1496
f 859/1167/1497 1245/1865/1497 1246/1866/1497
f 1247/1867/1498 1248/1868/1498 1249/1869/1498
f 1247/1867/1499 1249/1869/1499 1250/1870/1499
f 1221/1871/1500 1251/1872/1500 699/1873/1500
f 326/1874/1501 699/1873/1501 481/606/1501
f 326/1874/1502 1252/1875/1502 327/1876/1502
f 327/1876/1503 1253/1877/1503 328/1878/1503
f 1236/1879/1504 1238/1855/1504 1254/1880/1504
f 328/1878/1505 1253/1877/1505 318/1881/1505
f 318/1881/1506 1253/1877/1506 1252/1875/1506
f 478/600/1507 481/606/1507 480/605/1507
f 391/1412/1508 303/366/1508 293/354/1508
f 830/1393/1509 385/1395/1509 390/1411/1509
f 293/354/1510 830/1393/1510 391/1412/1510
f 830/1393/1511 293/354/1511 1195/1882/1511
f 478/600/1512 480/605/1512 1018/1432/1512
f 1018/1432/1513 480/605/1513 487/613/1513
f 1255/1883/1514 487/613/1514 716/1884/1514
f 718/1885/1515 487/613/1515 1255/1883/1515
f 721/1886/1516 1256/1887/1516 1257/1888/1516
f 1003/1408/1517 1051/1494/1517 1004/1409/1517
f 489/617/1518 487/613/1518 718/1885/1518
f 718/1885/1519 490/618/1519 489/617/1519
f 489/617/1520 495/623/1520 1258/1889/1520
f 1258/1889/1521 1259/1890/1521 489/617/1521
f 1259/1890/1522 1258/1889/1522 1260/1891/1522
f 1260/1891/1523 1261/1892/1523 1259/1890/1523
f 1259/1890/1524 1261/1892/1524 1262/1893/1524
f 1263/1894/1525 1259/1890/1525 1262/1893/1525
f 290/663/1526 503/634/1526 524/673/1526
f 735/1895/1527 999/1402/1527 1000/1405/1527
f 503/634/1528 292/664/1528 297/665/1528
f 726/1403/1529 1000/1405/1529 999/1402/1529
f 1231/1896/1530 1018/1897/1530 993/1388/1530
f 6/6/1531 1256/1887/1531 721/1886/1531
f 997/1397/1532 1231/1896/1532 993/1388/1532
f 524/673/1533 503/634/1533 276/337/1533
f 276/337/1534 503/634/1534 296/666/1534
f 489/1396/1535 1232/1898/1535 997/1397/1535
f 577/1399/1536 999/1402/1536 735/1895/1536
f 998/1401/1537 740/1400/1537 832/1899/1537
f 998/1401/1538 831/1900/1538 830/1393/1538
f 831/1900/1539 998/1401/1539 832/1899/1539
f 300/1797/1540 276/337/1540 296/666/1540
f 290/663/1541 524/673/1541 299/675/1541
f 806/1901/1542 808/1902/1542 381/1394/1542
f 997/1397/1543 993/1388/1543 992/1387/1543
f 808/1902/1544 1226/1903/1544 1225/1904/1544
f 276/337/1545 601/1905/1545 524/673/1545
f 601/1905/1546 264/323/1546 524/673/1546
f 1264/1906/1547 1218/1907/1547 1265/1908/1547
f 1264/1906/1548 1219/1909/1548 1218/1907/1548
f 1264/1906/1549 273/1910/1549 1219/1909/1549
f 1264/1906/1550 1266/1911/1550 308/373/1550
f 583/1912/1551 308/373/1551 1266/1911/1551
f 273/1910/1552 1264/1906/1552 308/373/1552
f 988/1383/1553 1267/1913/1553 1268/1914/1553
f 308/373/1554 583/1912/1554 985/1380/1554
f 988/1383/1555 1269/1915/1555 989/1384/1555
f 985/1380/1556 1270/1916/1556 306/370/1556
f 989/1384/1557 982/1377/1557 1028/1917/1557
f 274/1373/1558 233/1374/1558 275/1375/1558
f 984/1379/1559 1028/1917/1559 982/1377/1559
f 988/1918/1560 1268/1919/1560 1271/1920/1560
f 988/1918/1561 1271/1920/1561 1272/1921/1561
f 1268/1919/1562 1273/1922/1562 1271/1920/1562
f 1239/1856/1563 1272/1921/1563 1274/1923/1563
f 1239/1856/1564 1274/1923/1564 1275/1924/1564
f 987/1861/1565 1239/1856/1565 1275/1924/1565
f 1276/1925/1566 1277/1926/1566 1045/1927/1566
f 1045/1927/1567 1278/1928/1567 1276/1925/1567
f 1216/1792/1568 717/1929/1568 1278/1928/1568
f 583/762/1569 1266/1930/1569 1264/1931/1569
f 909/1932/1570 1264/1931/1570 1265/1933/1570
f 266/1934/1571 1265/1933/1571 1218/1935/1571
f 1265/1933/1572 266/1934/1572 890/1936/1572
f 601/782/1573 602/783/1573 890/1936/1573
f 982/1937/1574 1236/1879/1574 983/1938/1574
f 985/1939/1575 583/762/1575 1270/1940/1575
f 1270/1940/1576 583/762/1576 306/1941/1576
f 401/489/1577 1279/1942/1577 295/1943/1577
f 1280/1944/1578 406/497/1578 1203/1836/1578
f 1281/1945/1579 1282/1946/1579 1283/1947/1579
f 1284/1948/1580 1285/1949/1580 1283/1947/1580
f 1286/1950/1581 1285/1949/1581 1287/1951/1581
f 1281/1945/1582 1283/1947/1582 1285/1949/1582
f 1286/1950/1583 1288/1952/1583 1285/1949/1583
f 1285/1949/1584 1288/1952/1584 1281/1945/1584
f 1289/1953/1585 1290/1954/1585 1281/1945/1585
f 652/851/1586 644/842/1586 178/212/1586
f 178/212/1587 1087/1781/1587 1183/1955/1587
f 178/212/1588 1183/1955/1588 652/851/1588
f 178/212/1589 655/854/1589 1184/1956/1589
f 1211/1777/1590 178/212/1590 1189/1957/1590
f 1184/1956/1591 1186/1958/1591 178/212/1591
f 1189/1957/1592 1210/1959/1592 1211/1777/1592
f 1186/1958/1593 1189/1957/1593 178/212/1593
f 1189/1957/1594 1193/1960/1594 1210/1959/1594
f 1191/1961/1595 1193/1960/1595 1189/1957/1595
f 1209/1962/1596 1211/1777/1596 1210/1959/1596
f 85/1778/1597 1211/1777/1597 1209/1962/1597
f 657/856/1598 1180/1776/1598 121/146/1598
f 1291/1963/1599 1292/1964/1599 1293/1965/1599
f 1291/1963/1600 1294/1966/1600 665/864/1600
f 1295/1967/1601 665/864/1601 1294/1966/1601
f 1295/1967/1602 1296/1968/1602 665/864/1602
f 330/884/1603 674/877/1603 334/876/1603
f 330/884/1604 673/875/1604 674/877/1604
f 673/875/1605 704/1969/1605 672/872/1605
f 673/875/1606 330/884/1606 679/883/1606
f 679/883/1607 704/1969/1607 673/875/1607
f 679/883/1608 331/574/1608 681/886/1608
f 463/575/1609 708/1970/1609 680/885/1609
f 463/575/1610 323/888/1610 1235/1971/1610
f 463/575/1611 1235/1971/1611 708/1970/1611
f 682/887/1612 1235/1971/1612 323/888/1612
f 1297/1972/1613 1249/1973/1613 1298/1974/1613
f 477/599/1614 315/591/1614 694/901/1614
f 686/892/1615 687/893/1615 661/860/1615
f 687/893/1616 1213/1975/1616 684/890/1616
f 320/900/1617 346/910/1617 694/901/1617
f 1299/1976/1618 686/892/1618 685/891/1618
f 1299/1976/1619 1256/1977/1619 686/892/1619
f 53/67/1620 1245/1978/1620 1244/1979/1620
f 53/67/1621 1246/1980/1621 1245/1978/1621
f 1213/1975/1622 687/893/1622 1300/1981/1622
f 696/903/1623 665/864/1623 698/908/1623
f 339/1982/1624 1251/1983/1624 1301/1984/1624
f 338/911/1625 699/913/1625 339/1982/1625
f 372/909/1626 207/915/1626 188/904/1626
f 880/1204/1627 255/1219/1627 257/1985/1627
f 676/1986/1628 338/911/1628 337/1987/1628
f 676/1986/1629 675/940/1629 338/911/1629
f 694/901/1630 700/918/1630 477/599/1630
f 702/920/1631 372/909/1631 213/906/1631
f 257/1985/1632 688/1206/1632 880/1204/1632
f 711/934/1633 477/599/1633 700/918/1633
f 696/1988/1634 877/1192/1634 693/1200/1634
f 698/1198/1635 877/1192/1635 696/1988/1635
f 681/926/1636 707/930/1636 705/924/1636
f 681/926/1637 680/928/1637 707/930/1637
f 706/929/1638 680/928/1638 708/931/1638
f 1295/1989/1639 876/1189/1639 1296/1990/1639
f 876/1189/1640 1295/1989/1640 1294/1991/1640
f 1294/1991/1641 1291/1992/1641 876/1189/1641
f 1255/1993/1642 716/943/1642 718/946/1642
f 718/946/1643 717/945/1643 490/948/1643
f 717/945/1644 495/1994/1644 491/947/1644
f 717/945/1645 1258/1995/1645 495/1994/1645
f 1260/1996/1646 1258/1995/1646 717/945/1646
f 717/945/1647 1261/1997/1647 1260/1996/1647
f 717/945/1648 1262/1998/1648 1261/1997/1648
f 717/945/1649 1263/1999/1649 1262/1998/1649
f 859/1167/1650 1246/1866/1650 1302/2000/1650
f 721/952/1651 1257/2001/1651 724/955/1651
f 859/1167/1652 1302/2000/1652 860/1168/1652
f 1290/2002/1653 1286/2003/1653 1303/2004/1653
f 715/939/1654 1304/2005/1654 717/945/1654
f 1290/2002/1655 1289/2006/1655 1286/2003/1655
f 731/962/1656 726/957/1656 727/958/1656
f 1281/2007/1657 1288/2008/1657 1289/2006/1657
f 852/1149/1658 64/1158/1658 67/2009/1658
f 731/962/1659 730/961/1659 728/959/1659
f 731/962/1660 727/958/1660 732/963/1660
f 575/752/1661 730/961/1661 732/963/1661
f 575/752/1662 733/964/1662 569/744/1662
f 1288/2008/1663 1286/2003/1663 1289/2006/1663
f 1305/2010/1664 1286/2003/1664 1287/2011/1664
f 1287/2011/1665 1286/2003/1665 1305/2010/1665
f 1284/2012/1666 1287/2011/1666 1285/2013/1666
f 853/1153/1667 855/1155/1667 1214/2014/1667
f 1215/2015/1668 853/1153/1668 1306/2016/1668
f 1217/2017/1669 853/1153/1669 1215/2015/1669
f 1229/2018/1670 715/939/1670 1233/2019/1670
f 1307/2020/1671 853/1153/1671 1217/2017/1671
f 1286/2003/1672 1287/2011/1672 1284/2012/1672
f 852/1149/1673 67/2009/1673 66/1152/1673
f 715/939/1674 736/967/1674 1020/2021/1674
f 832/2022/1675 740/971/1675 571/746/1675
f 1308/2023/1676 1309/2024/1676 1304/2005/1676
f 286/973/1677 744/976/1677 742/974/1677
f 746/978/1678 1310/2025/1678 744/976/1678
f 746/978/1679 1032/1469/1679 1310/2025/1679
f 1310/2025/1680 1311/2026/1680 1312/2027/1680
f 1032/1469/1681 1313/2028/1681 1310/2025/1681
f 851/1144/1682 79/1146/1682 78/1143/1682
f 1032/1469/1683 746/978/1683 996/1495/1683
f 847/1132/1684 513/1135/1684 509/1130/1684
f 1314/2029/1685 1315/2030/1685 1316/2031/1685
f 1227/2032/1686 772/1014/1686 1228/2033/1686
f 772/1014/1687 1227/2032/1687 1317/2034/1687
f 1314/2029/1688 1318/2035/1688 1277/2036/1688
f 1203/1836/1689 1319/2037/1689 1280/1944/1689
f 1319/2037/1690 1203/1836/1690 1320/2038/1690
f 1321/2039/1691 1024/2040/1691 773/1015/1691
f 717/945/1692 1319/2037/1692 1322/2041/1692
f 1323/2042/1693 829/1104/1693 1324/2043/1693
f 824/1096/1694 1323/2042/1694 1324/2043/1694
f 733/2044/1695 1324/2043/1695 569/1095/1695
f 1324/2043/1696 829/1104/1696 569/1095/1696
f 375/1785/1697 684/1055/1697 1213/1786/1697
f 1325/2045/1698 1326/2046/1698 1327/2047/1698
f 1325/2045/1699 1328/2048/1699 1326/2046/1699
f 684/1055/1700 375/1785/1700 380/2049/1700
f 380/2049/1701 379/2050/1701 684/1055/1701
f 720/1069/1702 1323/2042/1702 824/1096/1702
f 723/2051/1703 720/1069/1703 722/1085/1703
f 1329/2052/1704 1330/2053/1704 1331/2054/1704
f 1226/2055/1705 808/1070/1705 725/2056/1705
f 725/2056/1706 1299/2057/1706 800/1058/1706
f 808/1070/1707 720/1069/1707 723/2051/1707
f 723/2051/1708 725/2056/1708 808/1070/1708
f 800/1058/1709 1299/2057/1709 685/1057/1709
f 725/2056/1710 800/1058/1710 1226/2055/1710
f 1056/2058/1711 1325/2045/1711 1055/2059/1711
f 1053/2060/1712 1325/2045/1712 1054/2061/1712
f 1328/2048/1713 1053/2060/1713 1052/2062/1713
f 1332/2063/1714 1333/2064/1714 1330/2053/1714
f 807/1068/1715 1323/2042/1715 720/1069/1715
f 1334/2065/1716 1052/2062/1716 1050/2066/1716
f 1052/2062/1717 1334/2065/1717 1328/2048/1717
f 800/1058/1718 384/2067/1718 1226/2055/1718
f 800/1058/1719 379/2050/1719 384/2067/1719
f 800/1058/1720 684/1055/1720 379/2050/1720
f 1327/2047/1721 1335/2068/1721 1325/2045/1721
f 824/1096/1722 733/2044/1722 727/1097/1722
f 824/1096/1723 1324/2043/1723 733/2044/1723
f 1336/2069/1724 1325/2045/1724 1337/2070/1724
f 1336/2069/1725 1338/2071/1725 1325/2045/1725
f 1339/2072/1726 1314/2029/1726 1340/2073/1726
f 1341/2074/1727 1342/2075/1727 1339/2072/1727
f 1276/2076/1728 1314/2029/1728 1277/2036/1728
f 772/1014/1729 1321/2039/1729 773/1015/1729
f 1304/2005/1730 1319/2037/1730 717/945/1730
f 1321/2039/1731 772/1014/1731 1343/2077/1731
f 772/1014/1732 1317/2034/1732 1343/2077/1732
f 1314/2029/1733 1316/2031/1733 1318/2035/1733
f 1344/2078/1734 1228/2033/1734 772/1014/1734
f 1314/2029/1735 1345/2079/1735 1315/2030/1735
f 511/1131/1736 1346/2080/1736 847/1132/1736
f 406/497/1737 1347/2081/1737 1348/2082/1737
f 406/497/1738 1280/1944/1738 1347/2081/1738
f 853/1153/1739 1307/2020/1739 1349/2083/1739
f 1311/2026/1740 1310/2025/1740 1313/2028/1740
f 1350/2084/1741 1351/2085/1741 1304/2005/1741
f 1309/2024/1742 1350/2084/1742 1304/2005/1742
f 1304/2005/1743 1230/2086/1743 1308/2023/1743
f 876/1189/1744 1352/2087/1744 1353/2088/1744
f 1304/2005/1745 715/939/1745 1229/2018/1745
f 1229/2018/1746 1230/2086/1746 1304/2005/1746
f 1349/2083/1747 1319/2037/1747 853/1153/1747
f 1319/2037/1748 772/1014/1748 853/1153/1748
f 727/958/1749 733/964/1749 732/963/1749
f 728/959/1750 726/957/1750 731/962/1750
f 724/955/1751 1257/2001/1751 1354/2089/1751
f 1355/2090/1752 1303/2004/1752 1286/2003/1752
f 1354/2089/1753 1299/1976/1753 724/955/1753
f 725/956/1754 723/954/1754 721/952/1754
f 724/955/1755 1299/1976/1755 725/956/1755
f 876/1189/1756 1355/2090/1756 1286/2003/1756
f 1355/2090/1757 876/1189/1757 1356/2091/1757
f 1356/2091/1758 876/1189/1758 1292/2092/1758
f 1293/2093/1759 1292/2092/1759 876/1189/1759
f 1357/2094/1760 1358/2095/1760 1325/2045/1760
f 1357/2094/1761 1330/2053/1761 1031/2096/1761
f 1293/2093/1762 876/1189/1762 1291/1992/1762
f 1359/2097/1763 1360/2098/1763 1032/2099/1763
f 1361/2100/1764 1032/2099/1764 1360/2098/1764
f 1032/2099/1765 1361/2100/1765 1313/2101/1765
f 705/924/1766 704/923/1766 679/927/1766
f 1296/1990/1767 876/1189/1767 666/2102/1767
f 666/2102/1768 876/1189/1768 664/1188/1768
f 1362/2103/1769 877/1192/1769 1363/2104/1769
f 1364/2105/1770 1365/2106/1770 1366/2107/1770
f 1251/1983/1771 339/1982/1771 699/913/1771
f 1367/2108/1772 1364/2105/1772 876/1189/1772
f 1251/1983/1773 1223/2109/1773 1301/1984/1773
f 876/1189/1774 1368/2110/1774 1367/2108/1774
f 876/1189/1775 1353/2088/1775 1369/2111/1775
f 1364/2105/1776 1366/2107/1776 877/1192/1776
f 701/919/1777 213/906/1777 1300/1981/1777
f 1300/1981/1778 1182/2112/1778 701/919/1778
f 1300/1981/1779 213/906/1779 1213/1975/1779
f 1300/1981/1780 687/893/1780 1182/2112/1780
f 1354/2089/1781 1256/1977/1781 1299/1976/1781
f 53/67/1782 1244/1979/1782 1243/2113/1782
f 1243/2113/1783 1370/2114/1783 53/67/1783
f 1370/2114/1784 1243/2113/1784 1371/2115/1784
f 1370/2114/1785 1371/2115/1785 1372/2116/1785
f 1370/2114/1786 1372/2116/1786 1373/2117/1786
f 1249/1973/1787 1297/1972/1787 1250/2118/1787
f 1374/2119/1788 911/1262/1788 910/1258/1788
f 910/1258/1789 1375/2120/1789 1374/2119/1789
f 666/865/1790 665/864/1790 1296/1968/1790
f 1375/2120/1791 910/1258/1791 1376/2121/1791
f 1292/1964/1792 1291/1963/1792 665/864/1792
f 658/857/1793 656/855/1793 121/146/1793
f 658/857/1794 121/146/1794 85/1778/1794
f 1025/1448/1795 1377/2122/1795 438/541/1795
f 1356/2123/1796 1292/1964/1796 1355/2124/1796
f 1355/2124/1797 1281/1945/1797 1303/2125/1797
f 1303/2125/1798 1281/1945/1798 1290/1954/1798
f 1292/1964/1799 665/864/1799 1378/2126/1799
f 1353/2127/1800 1352/2128/1800 1378/2126/1800
f 1378/2126/1801 665/864/1801 1353/2127/1801
f 1353/2127/1802 665/864/1802 1369/2129/1802
f 1369/2129/1803 665/864/1803 1379/2130/1803
f 665/864/1804 1364/2131/1804 1367/2132/1804
f 665/864/1805 1365/2133/1805 1364/2131/1805
f 665/864/1806 1366/2134/1806 1365/2133/1806
f 1279/1942/1807 406/497/1807 1348/2082/1807
f 401/489/1808 406/497/1808 1279/1942/1808
f 306/1941/1809 276/784/1809 310/2135/1809
f 1269/2136/1810 1236/1879/1810 982/1937/1810
f 264/2137/1811 601/782/1811 890/1936/1811
f 1272/1921/1812 1236/1879/1812 1269/2136/1812
f 264/2137/1813 890/1936/1813 266/1934/1813
f 890/1936/1814 909/1932/1814 1265/1933/1814
f 1236/1879/1815 1272/1921/1815 1239/1856/1815
f 1263/1894/1816 717/1929/1816 1216/1792/1816
f 436/2138/1817 1380/2139/1817 151/181/1817
f 1237/1854/1818 1239/1856/1818 987/1861/1818
f 1274/1923/1819 1273/2140/1819 1275/1924/1819
f 307/372/1820 249/295/1820 267/2141/1820
f 1273/1922/1821 987/1861/1821 1275/1924/1821
f 1272/1921/1822 1273/1922/1822 1274/1923/1822
f 987/1861/1823 1273/1922/1823 1267/2142/1823
f 1267/2142/1824 1273/1922/1824 1268/1919/1824
f 1273/1922/1825 1272/1921/1825 1271/1920/1825
f 307/372/1826 274/1373/1826 308/373/1826
f 982/1377/1827 989/1384/1827 1269/1915/1827
f 1272/2143/1828 1269/1915/1828 988/1383/1828
f 987/1382/1829 1267/1913/1829 988/1383/1829
f 286/347/1830 284/345/1830 746/1390/1830
f 1381/2144/1831 848/2145/1831 1382/2146/1831
f 807/2147/1832 806/1901/1832 381/1394/1832
f 807/2147/1833 829/2148/1833 1323/2149/1833
f 807/2147/1834 830/1393/1834 829/2148/1834
f 998/1401/1835 11/11/1835 577/1399/1835
f 511/648/1836 510/647/1836 1346/2150/1836
f 1277/1926/1837 1315/2151/1837 1345/2152/1837
f 1277/1926/1838 1316/2153/1838 1315/2151/1838
f 1316/2153/1839 1277/1926/1839 1318/2154/1839
f 1339/2155/1840 1383/2156/1840 1341/2157/1840
f 1341/2157/1841 1383/2156/1841 1342/2158/1841
f 1000/1405/1842 726/1403/1842 729/2159/1842
f 1000/1405/1843 734/1404/1843 735/1895/1843
f 1001/1406/1844 1000/1405/1844 729/2159/1844
f 728/2160/1845 1001/1406/1845 729/2159/1845
f 1001/1406/1846 730/2161/1846 734/1404/1846
f 1001/1406/1847 728/2160/1847 730/2161/1847
f 1257/1888/1848 1256/1887/1848 1354/2162/1848
f 487/613/1849 489/617/1849 1018/1432/1849
f 998/1401/1850 830/1393/1850 1196/2163/1850
f 1254/1880/1851 1384/2164/1851 1236/1879/1851
f 1253/1877/1852 327/1876/1852 1252/1875/1852
f 478/600/1853 1252/1875/1853 481/606/1853
f 1236/1879/1854 1239/1856/1854 1238/1855/1854
f 1251/1872/1855 1221/1871/1855 1223/2165/1855
f 1248/1868/1856 1247/1867/1856 1250/1870/1856
f 1250/1870/1857 1385/2166/1857 1248/1868/1857
f 1250/1870/1858 1297/2167/1858 1386/2168/1858
f 1387/2169/1859 1388/2170/1859 1373/2171/1859
f 1387/2169/1860 1373/2171/1860 1372/2172/1860
f 1387/2169/1861 1372/2172/1861 1371/2173/1861
f 859/1167/1862 1371/2173/1862 1243/1863/1862
f 859/1167/1863 1387/2169/1863 1371/2173/1863
f 1242/2174/1864 1238/1855/1864 1237/1854/1864
f 1242/1860/1865 1237/1854/1865 987/1861/1865
f 1389/2175/1866 1390/2176/1866 1387/2169/1866
f 1389/2175/1867 859/1167/1867 1391/2177/1867
f 1242/1860/1868 1254/1880/1868 1238/1855/1868
f 858/1162/1869 1392/2178/1869 1393/2179/1869
f 1394/2180/1870 1392/2178/1870 858/1162/1870
f 1394/2180/1871 858/1162/1871 1395/2181/1871
f 1395/2181/1872 858/1162/1872 1396/2182/1872
f 858/1162/1873 1397/2183/1873 1398/2184/1873
f 1254/1880/1874 1242/1860/1874 1241/1859/1874
f 1241/1859/1875 1012/1858/1875 1254/1880/1875
f 1399/2185/1876 437/540/1876 438/541/1876
f 438/541/1877 1400/2186/1877 1399/2185/1877
f 1208/2187/1878 1207/2188/1878 1206/2189/1878
f 1208/2187/1879 1206/2189/1879 1401/2190/1879
f 1402/2191/1880 1403/2192/1880 1404/2193/1880
f 1404/2193/1881 1405/2194/1881 1402/2191/1881
f 1236/1853/1882 1384/2195/1882 984/1379/1882
f 1384/2195/1883 258/315/1883 984/1379/1883
f 1384/2195/1884 1254/2196/1884 1012/1421/1884
f 1384/2195/1885 1012/1421/1885 258/315/1885
f 987/1382/1886 1012/1421/1886 1240/2197/1886
f 1234/1844/1887 710/1427/1887 1016/1426/1887
f 489/617/1888 715/1839/1888 1019/1435/1888
f 353/1835/1889 1232/1834/1889 1016/1426/1889
f 352/1433/1890 997/1832/1890 353/1835/1890
f 352/1433/1891 1018/1432/1891 1231/1833/1891
f 1018/1432/1892 489/617/1892 994/1829/1892
f 1259/1890/1893 1230/1825/1893 489/617/1893
f 1259/1890/1894 1309/2198/1894 1308/2199/1894
f 1309/2198/1895 1259/1890/1895 1350/2200/1895
f 1259/1890/1896 1351/2201/1896 1350/2200/1896
f 1308/2199/1897 1230/1825/1897 1259/1890/1897
f 1025/1448/1898 1406/2202/1898 1377/2122/1898
f 1344/2203/1899 1259/1890/1899 1216/1792/1899
f 1216/1792/1900 1228/1820/1900 1344/2203/1900
f 1406/2202/1901 1025/1448/1901 1026/1450/1901
f 1216/1792/1902 1317/2204/1902 1227/1819/1902
f 1343/2205/1903 1317/2204/1903 1024/1446/1903
f 1024/1446/1904 1317/2204/1904 1216/1792/1904
f 1343/2205/1905 1024/1446/1905 1321/2206/1905
f 375/451/1906 209/450/1906 380/459/1906
f 1216/1792/1907 1259/1890/1907 1263/1894/1907
f 395/478/1908 372/445/1908 7/447/1908
f 1181/1812/1909 702/1811/1909 701/2207/1909
f 1181/1812/1910 701/2207/1910 1182/2208/1910
f 1407/2209/1911 1047/2210/1911 741/2211/1911
f 1046/2212/1912 1047/2210/1912 1407/2209/1912
f 1407/2209/1913 1408/2213/1913 1046/2212/1913
f 1407/2209/1914 1045/1927/1914 1408/2213/1914
f 1048/2214/1915 1337/2215/1915 1049/2216/1915
f 1049/2216/1916 1334/2217/1916 1050/2218/1916
f 1334/2217/1917 1049/2216/1917 1337/2215/1917
f 1334/2217/1918 1337/2215/1918 1328/2219/1918
f 1337/2215/1919 1335/2220/1919 1326/2221/1919
f 1337/2215/1920 1338/2222/1920 1336/2223/1920
f 585/764/1921 1375/2224/1921 1376/2225/1921
f 585/764/1922 1374/2226/1922 1375/2224/1922
f 585/764/1923 911/2227/1923 1374/2226/1923
f 911/2227/1924 585/764/1924 912/1465/1924
f 1357/2228/1925 1030/1467/1925 1358/2229/1925
f 1359/2230/1926 1032/1469/1926 1031/1468/1926
f 1224/1808/1927 259/1493/1927 1051/1494/1927
f 1301/2231/1928 334/400/1928 339/405/1928
f 1409/2232/1929 309/374/1929 1216/1792/1929
f 1301/2231/1930 1222/1805/1930 334/400/1930
f 1223/1806/1931 1222/1805/1931 1301/2231/1931
f 1222/1805/1932 1221/1804/1932 330/396/1932
f 1220/1803/1933 323/389/1933 329/395/1933
f 1220/1803/1934 318/384/1934 323/389/1934
f 1224/1808/1935 1051/1494/1935 1002/1407/1935
f 1002/1407/1936 1051/1494/1936 1003/1408/1936
f 21/23/1937 1194/1801/1937 293/354/1937
f 293/354/1938 303/366/1938 305/368/1938
f 301/364/1939 302/365/1939 298/359/1939
f 295/356/1940 1348/2233/1940 309/374/1940
f 1348/2233/1941 295/356/1941 1279/2234/1941
f 276/337/1942 278/339/1942 310/2235/1942
f 1348/2233/1943 1347/2236/1943 309/374/1943
f 1349/2237/1944 309/374/1944 1410/2238/1944
f 1349/2237/1945 1216/1792/1945 309/374/1945
f 283/2239/1946 286/973/1946 1044/1486/1946
f 283/2239/1947 1044/1486/1947 261/2240/1947
f 1216/1792/1948 1349/2237/1948 1307/2241/1948
f 1216/1792/1949 1307/2241/1949 1217/1793/1949
f 1214/1788/1950 1215/1791/1950 1306/2242/1950
f 1214/1788/1951 1306/2242/1951 853/2243/1951
f 301/674/1952 263/322/1952 302/2244/1952
f 301/674/1953 524/673/1953 263/322/1953
f 286/973/1954 741/972/1954 1044/1486/1954
f 1408/2245/1955 1045/1487/1955 1046/1488/1955
f 1049/1491/1956 1050/1492/1956 1043/1485/1956
f 259/1493/1957 1050/1492/1957 1052/1496/1957
f 1407/2209/1958 1411/2246/1958 1409/2232/1958
f 1407/2209/1959 743/2247/1959 742/2248/1959
f 745/2249/1960 1407/2209/1960 742/2248/1960
f 744/2250/1961 1407/2209/1961 745/2249/1961
f 1407/2209/1962 1333/2251/1962 1205/1760/1962
f 1205/1760/1963 1411/2246/1963 1407/2209/1963
f 1329/2252/1964 1310/2253/1964 1312/2254/1964
f 1329/2252/1965 1312/2254/1965 1311/2255/1965
f 1311/2255/1966 1361/2256/1966 1329/2252/1966
f 1361/2256/1967 1311/2255/1967 1313/2257/1967
f 1333/2251/1968 1407/2209/1968 1329/2252/1968
f 1329/2252/1969 1412/2258/1969 1333/2251/1969
f 1212/1782/1970 1034/1473/1970 995/1783/1970
f 178/212/1971 1211/1777/1971 181/215/1971
f 1377/2259/1972 151/181/1972 1413/2260/1972
f 1377/2259/1973 1406/2261/1973 151/181/1973
f 1406/2261/1974 1026/2262/1974 151/181/1974
f 156/186/1975 151/181/1975 1026/2262/1975
f 132/160/1976 136/166/1976 181/215/1976
f 132/160/1977 181/215/1977 1211/1777/1977
f 1211/1777/1978 116/140/1978 132/160/1978
f 1034/1473/1979 1212/1782/1979 1414/2263/1979
f 86/104/1980 658/2264/1980 85/103/1980
f 86/104/1981 659/2265/1981 658/2264/1981
f 849/1764/1982 1192/1768/1982 851/1771/1982
f 849/1764/1983 1209/1766/1983 1210/1767/1983
f 850/1765/1984 84/102/1984 85/103/1984
f 1302/2266/1985 1246/1980/1985 53/67/1985
f 53/67/1986 860/2267/1986 1302/2266/1986
f 53/67/1987 52/66/1987 860/2267/1987
f 1389/2268/1988 53/67/1988 1390/2269/1988
f 1391/2270/1989 53/67/1989 1389/2268/1989
f 53/67/1990 1391/2270/1990 1393/2271/1990
f 53/67/1991 1392/2272/1991 1394/2273/1991
f 1395/2274/1992 53/67/1992 1394/2273/1992
f 1380/2139/1993 435/2275/1993 437/2276/1993
f 1380/2139/1994 437/2276/1994 1399/2277/1994
f 1205/1760/1995 1415/2278/1995 1416/2279/1995
f 1205/1760/1996 1416/2279/1996 1417/2280/1996
f 1417/2280/1997 1206/1761/1997 1205/1760/1997
f 1405/2281/1998 1409/2232/1998 1402/2282/1998
f 1204/1759/1999 309/374/1999 1409/2232/1999
f 1409/2232/2000 1418/2283/2000 1204/1759/2000
f 1414/2263/2001 1212/1782/2001 1034/1473/2001
f 21/23/2002 10/10/2002 12/12/2002
f 1094/1580/2003 1092/1561/2003 137/1577/2003
f 1094/1580/2004 137/1577/2004 132/1581/2004
f 1094/1580/2005 1076/1526/2005 1092/1561/2005
f 8/8/2006 686/1727/2006 1256/1887/2006
f 659/1583/2007 86/2284/2007 1095/1582/2007
f 1181/1725/2008 687/1724/2008 373/1728/2008
f 659/1583/2009 1076/1526/2009 656/1586/2009
f 318/384/2010 1220/1803/2010 328/394/2010
f 1330/2053/2011 1320/2038/2011 1403/2192/2011
f 1401/2190/2012 1206/2189/2012 1330/2053/2012
f 1419/2285/2013 438/541/2013 1420/2286/2013
f 1330/2053/2014 1419/2285/2014 1421/2287/2014
f 1421/2287/2015 1422/2288/2015 1330/2053/2015
f 1422/2288/2016 1332/2063/2016 1330/2053/2016
f 1412/2289/2017 1330/2053/2017 1333/2064/2017
f 1412/2289/2018 1331/2054/2018 1330/2053/2018
f 1360/2098/2019 1330/2053/2019 1329/2052/2019
f 1325/2045/2020 1319/2037/2020 1330/2053/2020
f 1319/2037/2021 1320/2038/2021 1330/2053/2021
f 1404/2193/2022 1403/2192/2022 1320/2038/2022
f 1280/1944/2023 1319/2037/2023 1410/2290/2023
f 1319/2037/2024 1349/2083/2024 1410/2290/2024
f 1325/2045/2025 1330/2053/2025 1357/2094/2025
f 1325/2045/2026 1358/2095/2026 1030/2291/2026
f 1330/2053/2027 1359/2097/2027 1031/2096/2027
f 1330/2053/2028 1360/2098/2028 1359/2097/2028
f 306/370/2029 298/359/2029 985/1380/2029
f 1423/2292/2030 489/1396/2030 991/1398/2030
f 1232/1898/2031 489/1396/2031 1019/2293/2031
f 1423/2294/2032 991/1386/2032 994/1389/2032
f 1054/1498/2033 1055/1499/2033 1052/1496/2033
f 1197/2295/2034 1068/1516/2034 1194/1743/2034
f 995/1783/2035 1034/1473/2035 996/1495/2035
f 1031/1468/2036 1030/1467/2036 1357/2228/2036
f 1376/2225/2037 510/647/2037 585/764/2037
f 510/647/2038 1376/2225/2038 1424/2296/2038
f 510/647/2039 1424/2296/2039 1425/2297/2039
f 510/647/2040 1425/2297/2040 1426/2298/2040
f 510/647/2041 1426/2298/2041 1427/2299/2041
f 1427/2299/2042 1337/2215/2042 510/647/2042
f 1337/2215/2043 1427/2299/2043 1338/2222/2043
f 1335/2220/2044 1327/2300/2044 1326/2221/2044
f 1337/2215/2045 1326/2221/2045 1328/2219/2045
f 1043/2301/2046 1337/2215/2046 1048/2214/2046
f 1337/2215/2047 1043/2301/2047 1045/1927/2047
f 1214/1788/2048 1024/1446/2048 1216/1792/2048
f 1024/1446/2049 1214/1788/2049 856/1447/2049
f 1259/1890/2050 1344/2203/2050 1428/2302/2050
f 1259/1890/2051 1428/2302/2051 1429/2303/2051
f 1259/1890/2052 1429/2303/2052 1351/2201/2052
f 1423/2304/2053 994/1829/2053 489/617/2053
f 1016/1426/2054 714/1434/2054 712/2305/2054
f 1016/1426/2055 712/2305/2055 707/1848/2055
f 709/1851/2056 682/1850/2056 706/1849/2056
f 1195/1882/2057 1196/2163/2057 830/1393/2057
f 807/2147/2058 381/1394/2058 830/1393/2058
f 438/541/2059 851/1144/2059 1025/1448/2059
f 383/2306/2060 381/1394/2060 808/1902/2060
f 808/1902/2061 1225/1904/2061 383/2306/2061
f 438/541/2062 858/1162/2062 851/1144/2062
f 1416/2307/2063 1206/2189/2063 1417/2308/2063
f 438/541/2064 1206/2189/2064 1416/2307/2064
f 1314/2029/2065 1322/2041/2065 910/1258/2065
f 438/541/2066 1419/2285/2066 1206/2189/2066
f 1330/2053/2067 1206/2189/2067 1419/2285/2067
f 1420/2286/2068 438/541/2068 1430/2309/2068
f 1430/2309/2069 438/541/2069 1413/2310/2069
f 1413/2310/2070 438/541/2070 1377/2122/2070
f 1325/2045/2071 1338/2071/2071 1322/2041/2071
f 1338/2071/2072 1427/2311/2072 1322/2041/2072
f 1322/2041/2073 1427/2311/2073 1426/2312/2073
f 1322/2041/2074 1426/2312/2074 1425/2313/2074
f 1322/2041/2075 1425/2313/2075 1424/2314/2075
f 910/1258/2076 1322/2041/2076 1376/2121/2076
f 1424/2314/2077 1376/2121/2077 1322/2041/2077
f 847/1132/2078 909/1254/2078 880/1204/2078
f 880/1204/2079 1431/2315/2079 847/1132/2079
f 1298/1974/2080 1249/1973/2080 1248/2316/2080
f 1298/1974/2081 1385/2317/2081 1297/1972/2081
f 1297/1972/2082 1370/2114/2082 1386/2318/2082
f 1385/2317/2083 1432/2319/2083 1297/1972/2083
f 1433/2320/2084 1297/1972/2084 1432/2319/2084
f 1370/2114/2085 1388/2321/2085 1387/2322/2085
f 1297/1972/2086 1433/2320/2086 1370/2114/2086
f 1433/2320/2087 1434/2323/2087 1370/2114/2087
f 1370/2114/2088 1373/2117/2088 1388/2321/2088
f 1434/2323/2089 1435/2324/2089 1370/2114/2089
f 53/67/2090 1370/2114/2090 1435/2324/2090
f 1436/2325/2091 53/67/2091 1435/2324/2091
f 876/1189/2092 1364/2105/2092 877/1192/2092
f 876/1189/2093 1369/2111/2093 1379/2326/2093
f 876/1189/2094 1379/2326/2094 1368/2110/2094
f 1366/2107/2095 1437/2327/2095 877/1192/2095
f 1363/2104/2096 877/1192/2096 1437/2327/2096
f 909/1254/2097 890/1223/2097 880/1204/2097
f 1438/2328/2098 877/1192/2098 1362/2103/2098
f 1439/2329/2099 877/1192/2099 1438/2328/2099
f 1440/2330/2100 877/1192/2100 1439/2329/2100
f 1441/2331/2101 1440/2330/2101 1442/2332/2101
f 1443/2333/2102 1440/2330/2102 1441/2331/2102
f 877/1192/2103 1440/2330/2103 1443/2333/2103
f 1444/2334/2104 877/1192/2104 1443/2333/2104
f 1445/2335/2105 877/1192/2105 1444/2334/2105
f 1446/2336/2106 877/1192/2106 1445/2335/2106
f 1447/2337/2107 877/1192/2107 1446/2336/2107
f 1448/2338/2108 877/1192/2108 1447/2337/2108
f 1431/2315/2109 880/1204/2109 877/1192/2109
f 877/1192/2110 1448/2338/2110 1431/2315/2110
f 1449/2339/2111 1431/2315/2111 1448/2338/2111
f 1450/2340/2112 847/1132/2112 1431/2315/2112
f 847/1132/2113 1450/2340/2113 1381/2341/2113
f 1382/2342/2114 847/1132/2114 1381/2341/2114
f 1451/2343/2115 910/1258/2115 847/1132/2115
f 1451/2343/2116 1314/2029/2116 910/1258/2116
f 1286/2003/2117 1284/2012/2117 1283/2344/2117
f 1286/2003/2118 1283/2344/2118 1282/2345/2118
f 1452/2346/2119 1286/2003/2119 1282/2345/2119
f 1286/2003/2120 1452/2346/2120 1453/2347/2120
f 1453/2347/2121 1454/2348/2121 876/1189/2121
f 876/1189/2122 1286/2003/2122 1453/2347/2122
f 876/1189/2123 1454/2348/2123 1378/2349/2123
f 1352/2087/2124 876/1189/2124 1378/2349/2124
f 1455/2350/2125 847/1132/2125 1382/2342/2125
f 876/1189/2126 877/1192/2126 875/1187/2126
f 848/1139/2127 847/1132/2127 1455/2350/2127
f 1346/2080/2128 1456/2351/2128 847/1132/2128
f 847/1132/2129 1456/2351/2129 1451/2343/2129
f 1457/2352/2130 1458/2353/2130 1451/2343/2130
f 1451/2343/2131 1458/2353/2131 1314/2029/2131
f 1314/2029/2132 1458/2353/2132 1345/2079/2132
f 1459/2354/2133 1314/2029/2133 1276/2076/2133
f 1459/2354/2134 1460/2355/2134 1314/2029/2134
f 1325/2045/2135 1335/2068/2135 1337/2070/2135
f 1325/2045/2136 1053/2060/2136 1328/2048/2136
f 1054/2061/2137 1325/2045/2137 1056/2058/2137
f 1030/2291/2138 1055/2059/2138 1325/2045/2138
f 1322/2041/2139 1319/2037/2139 1325/2045/2139
f 1322/2041/2140 1314/2029/2140 1339/2072/2140
f 1460/2355/2141 1461/2356/2141 1314/2029/2141
f 1340/2073/2142 1314/2029/2142 1461/2356/2142
f 1342/2075/2143 1322/2041/2143 1339/2072/2143
f 1322/2041/2144 1342/2075/2144 1462/2357/2144
f 1462/2357/2145 1463/2358/2145 1322/2041/2145
f 1464/2359/2146 1322/2041/2146 1463/2358/2146
f 1344/2078/2147 1319/2037/2147 1428/2360/2147
f 1304/2005/2148 1429/2361/2148 1319/2037/2148
f 1429/2361/2149 1428/2360/2149 1319/2037/2149
f 1344/2078/2150 772/1014/2150 1319/2037/2150
f 1429/2361/2151 1304/2005/2151 1351/2085/2151
f 1464/2359/2152 717/945/2152 1322/2041/2152
f 709/932/2153 708/931/2153 1235/2362/2153
f 705/924/2154 677/935/2154 672/922/2154
f 1281/1945/2155 1355/2124/2155 1292/1964/2155
f 1281/1945/2156 1292/1964/2156 1282/1946/2156
f 1282/1946/2157 1292/1964/2157 1452/2363/2157
f 1292/1964/2158 1453/2364/2158 1452/2363/2158
f 1292/1964/2159 1454/2365/2159 1453/2364/2159
f 1454/2365/2160 1292/1964/2160 1378/2126/2160
f 1379/2130/2161 665/864/2161 1368/2366/2161
f 665/864/2162 1367/2132/2162 1368/2366/2162
f 1437/2367/2163 1366/2134/2163 665/864/2163
f 1362/2368/2164 1437/2367/2164 665/864/2164
f 1437/2367/2165 1362/2368/2165 1363/2369/2165
f 1438/2370/2166 1362/2368/2166 665/864/2166
f 665/864/2167 1439/2371/2167 1438/2370/2167
f 665/864/2168 1442/2372/2168 1439/2371/2168
f 1439/2371/2169 1442/2372/2169 1440/2373/2169
f 1441/2374/2170 1442/2372/2170 665/864/2170
f 665/864/2171 1443/2375/2171 1441/2374/2171
f 665/864/2172 1444/2376/2172 1443/2375/2172
f 665/864/2173 1445/2377/2173 1444/2376/2173
f 665/864/2174 1446/2378/2174 1445/2377/2174
f 1447/2379/2175 1446/2378/2175 665/864/2175
f 1448/2380/2176 1447/2379/2176 665/864/2176
f 665/864/2177 256/312/2177 306/1941/2177
f 592/771/2178 1264/1931/2178 909/1932/2178
f 592/771/2179 583/762/2179 1264/1931/2179
f 436/2138/2180 435/2275/2180 1380/2139/2180
f 858/1162/2181 852/1149/2181 851/1144/2181
f 53/67/2182 1465/2381/2182 59/73/2182
f 1407/2209/2183 1278/1928/2183 1045/1927/2183
f 1278/1928/2184 1407/2209/2184 1216/1792/2184
f 1045/1927/2185 1277/1926/2185 1337/2215/2185
f 1277/1926/2186 510/647/2186 1337/2215/2186
f 1276/1925/2187 1278/1928/2187 1383/2156/2187
f 510/647/2188 515/652/2188 585/764/2188
f 306/1941/2189 583/762/2189 585/764/2189
f 515/652/2190 306/1941/2190 585/764/2190
f 848/2145/2191 306/1941/2191 515/652/2191
f 306/1941/2192 848/2145/2192 665/864/2192
f 1449/2382/2193 1448/2380/2193 665/864/2193
f 1431/2383/2194 1449/2382/2194 665/864/2194
f 848/2145/2195 1431/2383/2195 665/864/2195
f 1450/2384/2196 1431/2383/2196 848/2145/2196
f 847/1132/2197 910/1258/2197 909/1254/2197
f 1450/2384/2198 848/2145/2198 1381/2144/2198
f 848/2145/2199 1455/2385/2199 1382/2146/2199
f 515/652/2200 510/647/2200 512/649/2200
f 1346/2150/2201 510/647/2201 1456/2386/2201
f 510/647/2202 1451/2387/2202 1456/2386/2202
f 1451/2387/2203 510/647/2203 1457/2388/2203
f 510/647/2204 1458/2389/2204 1457/2388/2204
f 1458/2389/2205 510/647/2205 1277/1926/2205
f 1458/2389/2206 1277/1926/2206 1345/2152/2206
f 1276/1925/2207 1383/2156/2207 1459/2390/2207
f 1383/2156/2208 1460/2391/2208 1459/2390/2208
f 1460/2391/2209 1383/2156/2209 1461/2392/2209
f 1461/2392/2210 1383/2156/2210 1340/2393/2210
f 1340/2393/2211 1383/2156/2211 1339/2155/2211
f 717/1929/2212 1464/2394/2212 1278/1928/2212
f 1463/2395/2213 1278/1928/2213 1464/2394/2213
f 1462/2396/2214 1383/2156/2214 1278/1928/2214
f 1278/1928/2215 1463/2395/2215 1462/2396/2215
f 1462/2396/2216 1342/2158/2216 1383/2156/2216
f 1252/1875/2217 478/600/2217 317/602/2217
f 1252/1875/2218 317/602/2218 318/1881/2218
f 1252/1875/2219 326/1874/2219 481/606/2219
f 699/1873/2220 326/1874/2220 1221/1871/2220
f 1385/2166/2221 1298/2397/2221 1248/1868/2221
f 1385/2166/2222 1250/1870/2222 1387/2169/2222
f 1386/2168/2223 1387/2169/2223 1250/1870/2223
f 1387/2169/2224 1432/2398/2224 1385/2166/2224
f 1432/2398/2225 1387/2169/2225 1433/2399/2225
f 1387/2169/2226 1434/2400/2226 1433/2399/2226
f 1387/2169/2227 1435/2401/2227 1434/2400/2227
f 1387/2169/2228 1386/2168/2228 1370/2402/2228
f 1435/2401/2229 1387/2169/2229 1436/2403/2229
f 859/1167/2230 1389/2175/2230 1387/2169/2230
f 1436/2403/2231 1387/2169/2231 1390/2176/2231
f 1391/2177/2232 859/1167/2232 1393/2179/2232
f 859/1167/2233 858/1162/2233 1393/2179/2233
f 1466/2404/2234 1393/2179/2234 1392/2178/2234
f 1467/2405/2235 1396/2182/2235 858/1162/2235
f 1468/2406/2236 1467/2405/2236 858/1162/2236
f 858/1162/2237 1469/2407/2237 1468/2406/2237
f 858/1162/2238 1398/2184/2238 1469/2407/2238
f 858/1162/2239 1465/2408/2239 1397/2183/2239
f 858/1162/2240 1470/2409/2240 1465/2408/2240
f 858/1162/2241 1471/2410/2241 1470/2409/2241
f 858/1162/2242 1472/2411/2242 1471/2410/2242
f 1473/2412/2243 1472/2411/2243 858/1162/2243
f 1474/2413/2244 1473/2412/2244 858/1162/2244
f 1475/2414/2245 1474/2413/2245 858/1162/2245
f 1476/2415/2246 1475/2414/2246 858/1162/2246
f 858/1162/2247 1477/2416/2247 1476/2415/2247
f 1478/2417/2248 1477/2416/2248 858/1162/2248
f 858/1162/2249 1479/2418/2249 1478/2417/2249
f 858/1162/2250 1480/2419/2250 1479/2418/2250
f 858/1162/2251 1481/2420/2251 1480/2419/2251
f 1481/2420/2252 858/1162/2252 438/541/2252
f 438/541/2253 1482/2421/2253 1481/2420/2253
f 438/541/2254 1483/2422/2254 1482/2421/2254
f 438/541/2255 1484/2423/2255 1483/2422/2255
f 438/541/2256 1485/2424/2256 1484/2423/2256
f 438/541/2257 1486/2425/2257 1485/2424/2257
f 438/541/2258 439/542/2258 1486/2425/2258
f 438/541/2259 1487/2426/2259 1400/2186/2259
f 438/541/2260 1488/2427/2260 1487/2426/2260
f 438/541/2261 1489/2428/2261 1488/2427/2261
f 438/541/2262 1490/2429/2262 1489/2428/2262
f 1490/2429/2263 438/541/2263 1416/2307/2263
f 1490/2429/2264 1416/2307/2264 1415/2430/2264
f 1401/2190/2265 1330/2053/2265 1491/2431/2265
f 1492/2432/2266 1491/2431/2266 1330/2053/2266
f 1330/2053/2267 1493/2433/2267 1492/2432/2267
f 1493/2433/2268 1330/2053/2268 1403/2192/2268
f 1494/2434/2269 1404/2193/2269 1320/2038/2269
f 1320/2038/2270 1495/2435/2270 1494/2434/2270
f 1495/2435/2271 1320/2038/2271 1418/2436/2271
f 1320/2038/2272 1203/1836/2272 1418/2436/2272
f 1418/2436/2273 1203/1836/2273 1204/2437/2273
f 383/462/2274 379/458/2274 381/460/2274
f 381/460/2275 380/459/2275 209/450/2275
f 373/446/2276 372/445/2276 702/1811/2276
f 1205/1760/2277 1492/2438/2277 1409/2232/2277
f 1492/2438/2278 1205/1760/2278 1208/1763/2278
f 1195/1882/2279 293/354/2279 1194/1801/2279
f 1280/2439/2280 309/374/2280 1347/2236/2280
f 1410/2238/2281 309/374/2281 1280/2439/2281
f 1216/1792/2282 1215/1791/2282 1214/1788/2282
f 1411/2246/2283 1205/1760/2283 1409/2232/2283
f 306/1941/2284 256/312/2284 276/784/2284
f 1216/1792/2285 1407/2209/2285 1409/2232/2285
f 743/2247/2286 1407/2209/2286 741/2211/2286
f 744/2250/2287 1329/2252/2287 1407/2209/2287
f 1310/2253/2288 1329/2252/2288 744/2250/2288
f 1329/2252/2289 1361/2256/2289 1360/2440/2289
f 1412/2258/2290 1329/2252/2290 1331/2441/2290
f 1333/2251/2291 1332/2442/2291 1422/2443/2291
f 1421/2444/2292 1380/2139/2292 1422/2443/2292
f 1380/2139/2293 1333/2251/2293 1422/2443/2293
f 1333/2251/2294 1380/2139/2294 1205/1760/2294
f 1421/2444/2295 1419/2445/2295 1380/2139/2295
f 1420/2446/2296 1380/2139/2296 1419/2445/2296
f 1430/2447/2297 1380/2139/2297 1420/2446/2297
f 1413/2260/2298 1380/2139/2298 1430/2447/2298
f 1380/2139/2299 1413/2260/2299 151/181/2299
f 143/173/2300 86/104/2300 151/181/2300
f 86/104/2301 436/2138/2301 151/181/2301
f 1486/2448/2302 86/104/2302 59/73/2302
f 86/104/2303 76/92/2303 59/73/2303
f 86/104/2304 78/95/2304 76/92/2304
f 1095/1773/2305 143/173/2305 1077/2449/2305
f 142/172/2306 851/1771/2306 1190/1770/2306
f 1390/2269/2307 53/67/2307 1436/2325/2307
f 53/67/2308 1393/2271/2308 1466/2450/2308
f 53/67/2309 1466/2450/2309 1392/2272/2309
f 1396/2451/2310 53/67/2310 1395/2274/2310
f 1467/2452/2311 53/67/2311 1396/2451/2311
f 53/67/2312 1467/2452/2312 1468/2453/2312
f 53/67/2313 1468/2453/2313 1469/2454/2313
f 53/67/2314 1469/2454/2314 1398/2455/2314
f 1397/2456/2315 53/67/2315 1398/2455/2315
f 1465/2381/2316 53/67/2316 1397/2456/2316
f 1470/2457/2317 59/73/2317 1465/2381/2317
f 1471/2458/2318 59/73/2318 1470/2457/2318
f 1472/2459/2319 59/73/2319 1471/2458/2319
f 1473/2460/2320 59/73/2320 1472/2459/2320
f 1474/2461/2321 59/73/2321 1473/2460/2321
f 1475/2462/2322 59/73/2322 1474/2461/2322
f 1476/2463/2323 59/73/2323 1475/2462/2323
f 1477/2464/2324 59/73/2324 1476/2463/2324
f 1478/2465/2325 59/73/2325 1477/2464/2325
f 1479/2466/2326 59/73/2326 1478/2465/2326
f 1480/2467/2327 59/73/2327 1479/2466/2327
f 1481/2468/2328 59/73/2328 1480/2467/2328
f 1482/2469/2329 59/73/2329 1481/2468/2329
f 59/73/2330 1482/2469/2330 1486/2448/2330
f 436/2138/2331 86/104/2331 1486/2448/2331
f 1486/2448/2332 1482/2469/2332 1483/2470/2332
f 1486/2448/2333 1483/2470/2333 1484/2471/2333
f 1485/2472/2334 1486/2448/2334 1484/2471/2334
f 1486/2448/2335 439/2473/2335 436/2138/2335
f 1380/2139/2336 1399/2277/2336 1400/2474/2336
f 1400/2474/2337 1487/2475/2337 1380/2139/2337
f 1488/2476/2338 1380/2139/2338 1487/2475/2338
f 1380/2139/2339 1488/2476/2339 1489/2477/2339
f 1490/2478/2340 1380/2139/2340 1489/2477/2340
f 1490/2478/2341 1205/1760/2341 1380/2139/2341
f 1415/2278/2342 1205/1760/2342 1490/2478/2342
f 1401/2479/2343 1492/2438/2343 1208/1763/2343
f 1401/2479/2344 1491/2480/2344 1492/2438/2344
f 1492/2438/2345 1402/2282/2345 1409/2232/2345
f 1493/2481/2346 1402/2282/2346 1492/2438/2346
f 1493/2481/2347 1403/2482/2347 1402/2282/2347
f 1405/2281/2348 1495/2483/2348 1409/2232/2348
f 1404/2484/2349 1495/2483/2349 1405/2281/2349
f 1404/2484/2350 1494/2485/2350 1495/2483/2350
f 1409/2232/2351 1495/2483/2351 1418/2283/2351
f 6/6/2352 8/8/2352 1256/1887/2352
f 373/1728/2353 686/1727/2353 8/8/2353
