# Generated by low-poly.com — welded positions + per-face normals
o ID142_Ptero_Colorize_MIC_0
v 1.067525 9.041121 21.299841
v 0.993631 8.586919 21.467545
v 0.977133 9.059451 21.359636
v 1.018446 8.568987 21.4914
v 1.163368 9.019506 21.542471
v -9.322492 -1.209543 -23.886719
v -9.36724 -0.310448 -23.625515
v -9.611792 -0.363053 -23.85998
v -9.116205 -0.286416 -23.386406
v -8.864129 -0.323814 -23.09911
v -8.938894 -1.646197 -23.91626
v -8.134076 -1.555615 -23.403061
v -7.973625 -1.632383 -23.153948
v 0.993631 8.586919 21.467545
v -8.597323 -0.213563 -22.781311
v -8.443388 -0.138075 -22.469521
v 0.977133 9.059451 21.359636
v 1.227728 9.00342 20.408009
v 1.047496 8.567549 20.552177
v 1.027236 9.045125 20.436827
v 1.064899 8.554981 20.568907
v 1.122511 9.023992 20.660564
v -8.414892 -0.067905 -19.870951
v -8.246789 -0.367045 -20.647831
v -8.504148 -0.073569 -19.104237
v 1.047496 8.567549 20.552177
v 1.027236 9.045125 20.436827
v 1.293032 8.997816 20.0746
v 1.077859 8.56715 20.095413
v 1.069382 9.045047 19.988148
v 1.106549 8.546417 20.123032
v 1.077859 8.56715 20.095413
v -0.068948 8.154631 30.025
v -0.000004 8.262697 30.143312
v -0.000004 8.111883 30.094723
v -0.000004 8.111883 30.094723
v 0.060455 8.033275 30.488647
v -0.456005 8.196978 29.381804
v 1.069382 9.045047 19.988148
v 1.351412 8.983649 19.693245
v 1.133429 8.567231 19.713177
v 1.119581 9.032719 19.60375
v 1.160102 8.548019 19.738873
v 1.123711 9.030558 19.805956
v 1.133429 8.567231 19.713177
v 1.119581 9.032719 19.60375
v 1.275605 9.030159 19.10136
v 1.204097 8.567392 19.277227
v 1.186006 9.04841 19.160595
v 1.226391 8.551302 19.298599
v 1.370608 9.008785 19.341827
v 2.234855 10.381971 13.271434
v 2.338295 9.690264 12.512322
v 2.617372 10.247488 12.853175
v 2.652169 10.745958 12.650331
v -27.00559 5.850021 -8.494308
v -27.193308 5.70068 -8.478859
v -27.171455 5.808083 -8.614382
v -27.298172 5.906271 -8.480619
v -27.773426 6.184313 -7.452286
v -27.43858 6.133451 -7.964602
v -27.733484 6.411053 -7.488364
v 2.341049 11.147567 12.655934
v -26.003933 5.845335 -0.174827
v -27.699305 6.165706 -5.91094
v 2.680723 10.149189 12.406898
v 2.443584 10.495164 11.865524
v 2.078927 10.515257 11.760578
v 2.020082 11.173424 12.210778
v 1.901425 11.110423 12.98758
v 1.841604 10.396299 13.300572
v 1.900256 9.723484 12.841646
v 1.204097 8.567392 19.277227
v 1.186006 9.04841 19.160595
v 1.314253 9.009267 18.674294
v 1.243353 8.557227 18.849602
v 1.223077 9.027839 18.734652
v 1.957515 9.639593 12.438516
v 1.322667 9.005744 18.968557
v 1.265143 8.541537 18.870495
v 1.243353 8.557227 18.849602
v 1.223077 9.027839 18.734652
v 1.46024 9.015593 18.290937
v 1.273068 8.576921 18.436626
v 1.25067 9.059219 18.321035
v 1.292672 8.562751 18.455517
v -2.69358 10.288155 12.311158
v -2.677898 10.707534 12.475901
v -2.443601 10.495164 11.865523
v 1.254864 9.056976 18.526844
v 1.273068 8.576921 18.436626
v -71.259804 12.455482 20.135406
v -72.271637 12.214932 19.816647
v -71.190964 12.265043 19.815527
v 1.25067 9.059219 18.321035
v -69.908485 12.287777 20.153019
v 1.516723 8.984613 17.867636
v 1.330832 8.55859 18.009323
v 1.310787 9.02752 17.897253
v -68.557816 12.125356 20.163345
v 1.3511 8.543941 18.028852
v -62.066753 11.115292 19.777746
v -66.94474 11.911063 20.171511
v -71.095787 12.404249 19.439615
v -62.64991 11.317018 19.1528
v -65.329811 11.701014 20.178474
v -63.720097 11.48432 20.20289
v -62.639351 11.335427 20.210094
v -62.098049 11.234084 20.226105
v 1.31491 9.025359 18.099459
v -60.504189 11.096078 20.075851
v -61.018349 11.083511 20.286142
v -60.493618 10.893954 19.648067
v -59.990269 11.014348 19.968826
v 1.330832 8.55859 18.009323
v 1.310787 9.02752 17.897253
v 1.511183 8.970926 17.45562
v 1.328062 8.554829 17.601389
v 1.30524 9.013832 17.485237
v 1.345473 8.542181 17.61812
v -61.54723 10.868899 19.302732
v -61.493992 11.047411 18.929302
v -2.632935 10.125173 12.736461
v -58.914326 10.891071 19.849552
v -57.313972 10.689828 19.679848
v -55.723701 10.489944 19.57082
v -59.49308 11.066307 16.846891
v -57.239605 10.60778 18.900965
v -54.118309 10.295505 19.482685
v -52.510517 10.096742 19.404718
v -50.90144 9.893255 19.330753
v -48.202805 9.308894 18.834366
v -49.291565 9.695853 19.263672
v -48.161022 9.424087 18.392815
v 1.403108 8.992139 17.715061
v 1.328062 8.554829 17.601389
v -46.575642 9.294165 19.022245
v -47.094204 9.299929 19.210281
v -47.69585 9.062983 18.794662
v -45.549004 9.215397 18.700125
v 1.30524 9.013832 17.485237
v 1.435368 8.981894 17.032318
v 1.253216 8.559953 17.178488
v 1.23125 9.0244 17.061697
v 1.270618 8.547385 17.195219
v -45.573738 9.035846 18.305321
v -47.694492 9.254943 18.196854
v -43.97443 9.032484 18.348068
v -42.405617 8.847731 17.988968
v -45.570534 9.13815 17.885782
v -40.8256 8.659215 17.63979
v -39.256226 8.323328 16.947842
v -39.240936 8.468858 17.289574
v -37.653233 8.288426 16.919106
v -2.248337 10.031274 13.142952
v -36.492908 8.087584 15.547134
v -35.734447 7.653485 15.784484
v -2.249146 10.744355 13.216919
v 1.253216 8.559953 17.178488
v 1.23125 9.0244 17.061697
v 1.51557 9.031846 16.599491
v 1.342087 8.608864 16.740135
v 1.327798 9.063306 16.626467
v 1.359489 8.596136 16.756865
v 1.417029 9.037849 16.836037
v 1.342087 8.608864 16.740135
v -33.77219 7.745806 15.63695
v -32.830967 8.096391 15.491982
v -33.320797 8.184285 15.858449
v 1.327798 9.063306 16.626467
v 0.079404 4.137754 28.977541
v 0.110981 4.434522 29.149406
v 0.100174 4.429478 29.1394
v 0.118074 4.098233 29.102016
v -2.341066 11.147567 12.655933
v 0.204083 4.1722 29.009161
v 0.100174 4.429478 29.1394
v -1.841621 10.396298 13.300572
v -1.901442 11.110422 12.987579
v -2.063357 10.908461 11.903867
v 0.079404 4.137754 28.977541
v -2.01913 9.779119 12.077412
v -2.338312 9.690264 12.512321
v 0.167553 4.624383 28.855785
v 0.1432 4.260911 28.644775
v 0.184472 4.212161 28.793186
v -1.957533 9.638793 12.438596
v 0.179678 4.630107 28.866995
v -33.973351 5.090197 13.873616
v -33.704945 5.131895 13.86465
v -33.640427 5.123009 13.892588
v -34.011139 4.963335 13.819102
v -33.920441 4.776379 13.996891
v -34.349186 4.637325 14.034353
v -33.64595 5.044456 13.937574
v -33.925484 4.893411 14.092391
v -34.129208 4.849175 14.224873
v -34.205254 5.071946 13.934772
v -34.3708 4.862295 14.377605
v -34.422829 5.101004 14.038596
v -34.658337 5.188833 14.149306
v -35.210838 4.913343 14.203578
v -35.187222 4.714283 14.528259
v -34.815952 5.324613 14.207101
v -34.817394 5.453221 14.156751
v -35.039772 4.955528 15.006076
v -34.573803 4.93674 14.541547
v -34.646328 5.035922 14.65842
v -34.622475 5.090556 14.790262
v -35.947292 5.729024 14.799308
v -34.749916 5.253351 14.999911
v -35.028728 5.539545 15.187309
v -36.208019 6.564949 15.876616
v -35.316109 5.819983 15.347088
v -35.871731 5.491468 15.12511
v 0.277169 4.316146 28.617956
v -34.982216 5.673822 14.239682
v -35.21524 5.928835 14.466223
v 0.167553 4.624383 28.855785
v -36.430077 6.594512 15.588918
v -36.310402 7.260611 15.362379
v 0.1432 4.260911 28.644775
v 0.205714 4.819809 28.50765
v 0.19686 4.425182 28.299683
v 0.248666 4.374622 28.455538
v 0.218191 4.825813 28.519257
v -25.578314 5.450235 -0.45506
v -26.156908 5.692821 -2.120866
v -22.427883 5.3665 5.183009
v 0.344056 4.481721 28.275267
v 0.205714 4.819809 28.50765
v 0.19686 4.425182 28.299683
v 0.2387 4.548699 27.95779
v 0.288453 4.935466 28.136621
v 0.395864 4.609016 27.931694
v 0.278073 4.937747 28.160397
v -35.554813 6.219999 15.598363
v -35.800568 6.631949 15.824745
v 0.288453 4.935466 28.136621
v 0.395864 4.609016 27.931694
v 0.287348 4.708583 27.614698
v 0.360346 5.113233 27.821869
v 0.443089 4.768004 27.588762
v -35.481651 5.253895 15.357656
v -35.920158 6.323115 16.357956
v -36.064568 6.442638 16.05785
v -35.544888 6.057329 15.407686
v -25.844404 6.469545 11.455884
v -28.87348 6.907998 12.497809
v -26.360567 6.331102 10.558769
v -35.277843 5.457398 15.082924
v -35.100132 5.146774 14.759524
v -34.907776 4.838248 14.449891
v -34.609028 4.181665 14.746074
v -34.615673 4.356542 14.425955
v -34.677631 4.620337 14.321891
v -34.539223 4.595658 14.336541
v -34.146984 7.518026 15.234142
v -33.122829 7.803428 14.557323
v -32.929272 7.810447 15.222215
v -31.438189 7.79459 14.71198
v -29.98897 7.52332 14.01731
v -25.697031 6.55462 11.896878
v -28.547195 7.341801 13.365388
v -27.087732 7.162556 12.746764
v -25.601292 6.957717 12.128222
v -24.124619 6.753761 11.403693
v -21.450323 5.844754 9.616747
v -22.725273 6.537885 10.591752
v -20.275593 5.305007 8.418805
v -21.334488 6.276829 9.800942
v 0.351788 5.114922 27.84148
v -19.848288 6.04572 9.252603
v -19.89752 5.432669 8.937126
v -19.273054 5.741796 8.904468
v -19.180595 5.541104 8.615248
v -19.495512 6.067757 9.179518
v -19.301632 6.171742 9.137813
v -18.753851 5.455963 8.775348
v -18.720953 6.22997 9.140855
v -18.167889 6.196037 9.048078
v -18.271152 5.434335 8.572581
v 0.360346 5.113233 27.821869
v 0.443089 4.768004 27.588762
v 0.424351 5.204515 27.491741
v 0.359944 4.79495 27.263201
v 0.418964 4.736753 27.44075
v 0.410425 5.197886 27.478855
v 0.436326 4.842891 27.20084
v 0.410425 5.197886 27.478855
v 0.359944 4.79495 27.263201
v -34.353989 4.488088 14.155469
v 0.455901 5.33935 27.132803
v 0.423907 4.921052 26.915947
v 0.481227 4.864369 27.088451
v -33.918362 4.249165 13.823822
v 0.468378 5.345242 27.144409
v -33.816776 4.087168 13.924846
v -34.164913 4.437201 14.01026
v -33.91412 4.41991 13.843916
v -33.638828 4.522334 13.72104
v -33.35273 4.653776 13.658842
v -33.260834 4.660635 13.685498
v -33.712551 4.126272 14.107199
v -33.473366 4.407142 13.97944
v -33.268681 4.615983 13.765708
v 0.498089 4.967032 26.855425
v -34.277866 4.354868 14.955645
v -33.67725 4.32361 14.169879
v -33.855042 4.316645 14.363997
v -34.036594 4.388594 14.572848
v -35.273281 5.049953 15.628382
v -34.137936 4.512918 14.747035
v -34.108959 4.527575 14.895287
v -34.215904 4.729059 15.117905
v -35.27496 5.736192 16.177282
v -34.463261 5.044878 15.364058
v -35.531521 6.33124 16.570486
v 0.455901 5.33935 27.132803
v -35.235497 6.271451 16.194334
v 0.423907 4.921052 26.915947
v 0.510439 5.529277 26.758011
v 0.463639 5.109386 26.531868
v 0.662425 5.117215 26.66227
v 0.497961 5.523409 26.746401
v -9.984343 0.710592 -26.904343
v -9.968333 0.747046 -26.907621
v -9.94696 0.750544 -26.889851
v -10.114664 0.629059 -26.855108
v -9.984023 0.765093 -26.871841
v 0.537823 5.15511 26.471352
v -10.229215 0.436759 -26.157318
v -10.180224 0.725307 -26.766737
v 0.497961 5.523409 26.746401
v 0.463639 5.109386 26.531868
v 0.534174 5.229853 26.154356
v 0.587622 5.662056 26.382578
v 0.575144 5.655868 26.37105
v -10.361056 0.346269 -26.544918
v -10.276203 0.484012 -26.725992
v 0.593501 5.172409 26.332865
v -10.471525 0.529449 -26.215515
v -10.344486 0.660564 -26.622168
v -10.410526 0.2361 -26.354963
v -10.447189 0.588208 -26.412357
v -10.479209 0.506437 -26.044449
v 0.610952 5.279364 26.091675
v 0.575144 5.655868 26.37105
v 0.534174 5.229853 26.154356
v 0.57469 5.818226 25.903643
v 0.533511 5.395909 25.699354
v 0.592836 5.339065 25.877785
v -10.473606 0.544409 -25.954473
v -10.36818 0.095945 -26.147875
v -10.449992 0.151767 -26.205589
v -9.96473 0.460816 -25.930939
v 0.587169 5.82431 25.915169
v -10.160051 0.593388 -25.781084
v -10.402042 0.538895 -25.711681
v -10.243543 -0.019157 -25.929659
v -9.988265 0.157978 -25.983133
v 0.702069 5.463071 25.671335
v 0.57469 5.818226 25.903643
v 0.533511 5.395909 25.699354
v 0.606553 5.965646 25.492266
v 0.578202 5.549989 25.281013
v 0.771774 5.561645 25.407974
v 0.619031 5.971762 25.503794
v -10.293654 0.43822 -25.438473
v -9.944718 0.298772 -24.814648
v -10.128352 -0.088192 -25.650206
v -10.039017 -0.149935 -25.416702
v -9.799348 0.257684 -25.261887
v -10.170538 0.33914 -25.202648
v -10.098814 0.287831 -25.042791
v -9.539027 0.415291 -24.693375
v -9.336742 0.292424 -24.901342
v -9.34971 0.007267 -24.950735
v -9.513412 -0.153136 -24.877407
v -9.955605 -0.195852 -25.21674
v 0.650441 5.596034 25.222017
v -10.006757 -0.234882 -25.187443
v 0.606553 5.965646 25.492266
v 0.578202 5.549989 25.281013
v 36.480347 3.400497 17.645298
v 36.538624 3.417676 17.718544
v 36.446491 3.485469 17.753046
v 0.652425 6.16995 25.037666
v 0.664422 6.174921 25.030062
v 0.656895 6.177282 25.02598
v 0.685017 5.788411 24.773022
v 0.656895 6.177282 25.02598
v 0.685017 5.788411 24.773022
v 0.656895 6.177282 25.02598
v 0.776797 5.806453 24.807682
v 0.667564 5.684673 25.01421
v 0.660169 6.176538 25.056797
v 36.592979 3.503385 17.644739
v 36.480347 3.400497 17.645298
v 36.764683 3.774104 17.730711
v 0.664422 6.174921 25.030062
v 36.884441 4.217978 18.155615
v 36.591301 3.731949 18.022093
v 36.868271 4.13993 17.765373
v 0.776797 5.806453 24.807682
v 0.710489 6.282773 24.636618
v 0.727036 6.286735 24.631014
v 0.71808 6.289665 24.625973
v 36.836731 4.511448 17.721588
v 36.833447 4.619042 18.155218
v 36.67263 5.050189 18.075329
v 36.344585 4.931051 18.19076
v 36.472504 3.775993 17.935879
v 0.754798 5.899119 24.344675
v 0.71808 6.289665 24.625973
v 36.405022 4.421632 18.043549
v 36.460178 4.141627 18.016329
v 0.754798 5.899119 24.344675
v 0.71808 6.289665 24.625973
v 37.897308 4.264377 16.981291
v 38.038437 3.509911 16.773001
v 37.963993 3.474889 16.88763
v 37.985523 3.437226 16.806379
v 0.834645 5.914377 24.400869
v 38.179081 3.790172 16.841522
v 38.02739 3.73886 17.127459
v 0.682948 5.862337 24.395267
v 0.717638 6.289056 24.656229
v 38.023067 3.998404 17.259462
v 38.216625 4.383811 16.959196
v 38.256168 4.086539 16.928617
v 37.956627 4.239169 17.342873
v 38.148422 4.6177 16.966242
v 37.829266 4.493054 17.375534
v 37.663723 4.662127 17.36673
v 37.693981 4.589474 16.929579
v 37.430458 4.573488 17.19046
v 37.842716 4.848203 16.682146
v 38.01722 4.865349 16.954235
v 37.54501 4.696636 17.454784
v 37.297657 4.894086 17.417162
v 37.050224 5.089081 16.579765
v 0.858123 5.874383 24.582663
v 0.727036 6.286735 24.631014
v 0.834645 5.914377 24.400869
v 37.985523 3.437226 16.806379
v 38.02739 3.73886 17.127459
v 37.963993 3.474889 16.88763
v 36.649815 5.46901 16.89444
v 38.207741 3.995906 17.359442
v 36.974419 5.638557 16.422468
v 38.390495 4.015142 17.250496
v 38.038437 3.509911 16.773001
v 38.179081 3.790172 16.841522
v 38.384411 4.074275 17.042528
v 38.256168 4.086539 16.928617
v 38.216625 4.383811 16.959196
v 38.023067 3.998404 17.259462
v 47.023201 9.356126 19.238453
v 47.795273 9.076834 18.842688
v 47.281361 9.325867 19.300732
v 38.398659 4.382161 17.380177
v 45.996563 9.277358 18.916334
v 47.064747 9.129987 18.756155
v 38.148422 4.6177 16.966242
v 44.421989 9.094365 18.564278
v 38.158188 5.091705 17.146355
v 42.853176 8.909691 18.205256
v 39.703785 8.385288 17.164131
v 46.018017 9.200111 18.10199
v 41.273155 8.721175 17.855999
v 39.687698 8.530738 17.505463
v 36.934952 8.158031 15.761665
v 38.100792 8.350387 17.135315
v 37.675331 4.867261 17.580944
v 37.956627 4.239169 17.342873
v 38.070457 4.951898 17.407316
v 1.606626 8.579887 15.853265
v 1.239487 8.075332 17.312809
v 1.192394 7.863575 18.387474
v 1.916674 7.921676 17.877157
v 2.019082 8.325089 16.291296
v 2.413326 7.517102 16.274563
v 2.065847 8.676588 15.798993
v 2.126044 7.466821 16.684097
v 1.703454 6.296215 17.412624
v 2.793305 7.647768 15.112645
v 0.593723 5.544516 18.016758
v 2.356267 5.924955 13.324733
v 38.01722 4.865349 16.954235
v 37.829266 4.493054 17.375534
v 38.056606 4.986777 16.893637
v 37.663723 4.662127 17.36673
v 37.830547 5.35453 17.484243
v 37.54501 4.696636 17.454784
v 37.297657 4.894086 17.417162
v 37.902752 5.258969 16.755552
v 37.094009 6.081341 17.242416
v 37.554379 5.574692 16.671741
v 37.190548 5.882795 16.598337
v 37.209282 6.170933 16.872189
v 36.663425 6.286334 16.288465
v 35.922806 7.178101 16.523815
v 1.534334 7.205498 20.467638
v 37.005318 5.234569 17.275236
v 35.681297 6.728694 16.787176
v 36.724823 5.582465 17.126581
v 35.649837 6.396721 16.606344
v 36.17128 5.975204 16.885155
v 35.632305 7.629726 16.234438
v 35.088848 7.343682 16.793663
v 36.737789 4.76884 17.593189
v 1.463378 6.498763 21.354427
v 36.759483 5.299897 17.634176
v 36.478748 5.445212 17.196625
v 36.198975 5.758565 17.08728
v 36.720898 5.10633 17.354322
v 36.82608 4.887858 17.524107
v 36.273338 4.642569 17.980228
v 36.147423 4.711852 18.026657
v 35.926327 4.930043 17.942846
v 35.708431 5.284174 17.71999
v 36.020302 6.013297 17.626894
v 35.1404 6.591263 17.162369
v 35.483494 5.636633 17.502735
v 35.645596 7.538304 14.965891
v 35.970512 6.885099 15.014319
v 35.65184 7.152865 14.929548
v 1.350628 5.795945 20.582108
v 38.264332 4.46592 15.824413
v 38.169155 4.176598 15.539437
v 38.202858 4.181601 15.623488
v 38.188766 4.237427 15.508938
v 38.254169 4.500543 15.528391
v 38.263931 4.736176 15.575541
v -0.000001 5.158401 19.862139
v -0.000001 5.396944 18.130589
v 38.176441 4.940566 16.042469
v 38.246082 4.680877 15.944569
v 1.145541 5.631398 16.110458
v 37.811092 5.173518 15.941209
v -0.000001 4.901705 13.448247
v 38.106316 5.221212 15.645345
v 38.208622 4.967063 15.626692
v 38.046837 5.168506 16.112434
v 37.908512 5.263325 16.137009
v 37.920204 5.400588 15.476681
v 37.988323 5.395384 15.596756
v 37.781315 5.261283 16.206173
v 37.72208 5.591946 15.39383
v 37.496738 5.3255 15.548405
v 37.544373 5.427554 16.259886
v 37.399719 5.259547 15.988117
v 37.247463 5.750354 16.211058
v 37.41861 5.872144 15.397274
v 36.817039 5.933677 15.914232
v 36.919743 5.939473 15.578667
v -7.248937 -0.709735 -22.582712
v -6.933094 0.268195 -21.629642
v -6.593757 0.256273 -20.119026
v 36.718739 6.423493 15.194189
v 37.12299 6.16398 15.421289
v 36.472668 6.079128 15.386948
v 36.973377 6.077693 16.143976
v 35.969631 6.417096 15.798483
v 36.54327 6.378319 16.075134
v 36.090828 6.394772 15.321708
v 38.056606 4.986777 16.893637
v 37.902752 5.258969 16.755552
v 37.554379 5.574692 16.671741
v 36.113403 6.679058 16.005894
v 37.190548 5.882795 16.598337
v 36.663425 6.286334 16.288465
v -7.551948 -0.277185 -23.831562
v -7.023197 0.247351 -23.27458
v -6.868398 -0.085028 -23.246563
v 36.201218 5.72016 16.190086
v 36.779255 5.475263 16.559351
v 37.005318 5.234569 17.275236
v 35.476051 6.129749 16.302956
v 36.17128 5.975204 16.885155
v 36.724823 5.582465 17.126581
v 35.695145 6.121376 15.976353
v 35.29882 6.209687 15.743569
v 35.537689 6.433666 15.489091
v 34.916744 7.420952 14.849981
v 35.970512 6.885099 15.014319
v 35.696262 6.498619 15.133032
v 34.672192 6.242618 16.308399
v -6.529523 -0.740099 -17.906775
v -7.092825 -0.787587 -19.402264
v 35.395275 7.411353 14.843253
v 35.65184 7.152865 14.929548
v 0.891231 9.056249 21.926708
v 0.95435 8.570428 21.938074
v 0.976812 8.554257 21.959608
v 9.047764 -1.324534 -27.901842
v 9.264778 -1.539555 -27.723253
v 9.05865 -1.364135 -27.88159
v 9.084986 -1.305851 -27.886234
v 9.351071 -1.362574 -27.742945
v 9.417273 -1.532695 -27.821953
v 9.875476 -1.71075 -27.301311
v 9.425037 -1.660318 -27.486147
v 9.553036 -1.422067 -27.568035
v 1.61921 5.443936 13.417272
v 9.546713 -1.754281 -27.25008
v 9.744675 -1.468624 -27.292507
v 10.122508 -1.535675 -26.561571
v 9.858906 -1.472371 -26.94413
v 9.866911 -1.397613 -26.706861
v 9.625722 -1.803752 -26.898504
v 9.660943 -1.826263 -26.60528
v 9.805272 -1.430198 -25.122042
v 9.895968 -1.296303 -26.568298
v 9.821602 -1.207296 -26.380419
v 9.765808 -1.170731 -25.538458
v 9.543751 -1.837559 -26.304134
v 9.622039 -1.857514 -26.520826
v 9.44617 -1.601694 -25.58753
v -7.785774 -0.735069 -22.246422
v 9.717458 -1.146499 -26.043571
v -8.047304 -0.593449 -20.681854
v 9.617876 -1.09225 -25.738743
v -7.368059 -1.045978 -17.732029
v 9.488196 -1.636803 -25.83016
v 9.595222 -1.584925 -25.178637
v 9.296078 -1.519644 -25.403576
v 9.173841 -1.440724 -25.140373
v 9.176484 -1.385491 -24.778231
v 9.545672 -1.291473 -24.578266
v 9.35091 -1.413132 -24.664318
v 9.576731 -1.050089 -25.457129
v 10.470083 -0.837235 -26.558928
v 9.927748 -0.805313 -25.98233
v 10.083284 -0.8178 -26.312937
v 10.044621 -0.939373 -25.210335
v 10.570946 -0.702331 -26.090635
v 9.666066 -0.850896 -24.597715
v 9.383891 -0.78337 -24.824657
v 9.679995 -0.818538 -25.39381
v 9.811035 -0.827127 -25.643801
v 10.244584 -0.740029 -25.117556
v 10.556618 -0.412301 -26.105928
v 10.340564 -0.221926 -26.172527
v 10.170299 -0.245636 -25.835119
v 10.159891 -0.442158 -25.172871
v 9.961609 -0.287909 -25.458084
v 10.449991 0.151798 -26.205589
v 10.590637 0.059761 -26.101206
v 10.36818 0.095977 -26.147875
v 10.243543 -0.019125 -25.929661
v 10.128352 -0.08816 -25.650206
v 10.039017 -0.149905 -25.416702
v 10.192311 -0.307492 -25.071608
v 10.743933 0.108218 -25.726414
v 10.3994 -0.139794 -24.906788
v 10.69006 0.447894 -25.919331
v 10.473606 0.544441 -25.954475
v 10.402042 0.538927 -25.711683
v 10.293654 0.438252 -25.438475
v 9.922705 0.097673 -24.451221
v 10.098813 0.287861 -25.042791
v 10.170538 0.339171 -25.20265
v 10.011559 -0.162953 -24.401033
v 9.868912 -0.340558 -24.520948
v 9.944718 0.298802 -24.814569
v 8.713076 -2.175238 -27.123442
v 8.690742 -2.244649 -27.162025
v 8.656562 -2.20829 -27.164507
v 2.987345 6.614022 13.079785
v 8.661925 -2.267399 -27.10519
v 8.656562 -2.20829 -27.164507
v 8.855404 -2.438914 -26.78347
v 9.184408 -2.526184 -26.618969
v 8.998693 -2.240343 -26.813089
v 9.12349 -2.244282 -26.618088
v 9.221231 -2.182332 -26.395708
v 9.256292 -2.129707 -26.239613
v 8.975559 -2.509102 -26.584946
v 9.006698 -2.504403 -26.320543
v 8.974198 -2.477844 -26.030283
v 9.201859 -2.589401 -25.964165
v 9.418393 -2.517412 -26.001144
v 9.474347 -2.165538 -26.138269
v 1.884038 8.622795 15.928032
v 9.264217 -2.096327 -26.222322
v 9.378448 -1.847703 -25.109156
v 9.255332 -1.912221 -26.063505
v 9.223392 -1.825088 -25.752993
v 9.165998 -1.706984 -25.31176
v 9.001015 -1.400227 -24.874687
v 9.173841 -1.440724 -25.140373
v 9.039999 -1.331825 -24.920477
v 9.094033 -1.553682 -25.08362
v 9.296078 -1.519644 -25.403576
v 9.17128 -1.754205 -25.46129
v 8.900472 -2.390982 -25.777246
v 8.87894 -2.26934 -25.556469
v 9.326096 -2.087052 -24.976433
v 8.831149 -2.137835 -25.314402
v 9.091631 -1.457935 -24.810408
v 9.107481 -1.788772 -24.517029
v 9.157191 -1.548407 -24.647028
v 8.841316 -1.882254 -24.539284
v 8.800652 -2.014215 -25.084019
v 8.684818 -1.9055 -24.923521
v -14.496572 4.723489 0.27785
v -17.071367 5.116454 3.228153
v -13.963202 5.067033 -1.304131
v 8.566186 -1.795064 -24.720114
v -15.444521 4.685487 1.480343
v -15.129286 4.66172 1.713599
v -0.055888 7.975775 29.957756
v -0.184704 8.267179 29.885632
v -0.04528 8.293997 29.908609
v 7.176308 -0.691682 -20.854279
v 8.02545 -0.618563 -22.152761
v 8.047063 -0.593746 -20.681852
v -16.741325 4.781982 3.631298
v -0.068813 7.965177 29.969124
v -0.04807 8.278067 30.044613
v -0.055888 7.975775 29.957756
v -0.04528 8.293997 29.908609
v -0.219142 7.950361 29.29999
v -0.303515 8.39542 29.457767
v -0.203059 8.442491 29.225546
v -0.238738 7.934295 29.317204
v 6.332361 -0.309396 -17.935751
v 6.875051 0.045564 -21.62948
v -0.219142 7.950361 29.29999
v -0.203059 8.442491 29.225546
v -0.261363 8.023111 28.935366
v -0.337251 8.490361 28.798401
v -0.245279 8.502608 28.86092
v -0.280961 8.007022 28.952578
v -0.345736 8.455539 29.093143
v 7.36753 -1.04652 -17.732187
v -0.261363 8.023111 28.935366
v -0.245279 8.502608 28.86092
v -0.33738 8.073063 28.588749
v -0.413268 8.557043 28.451786
v -0.321297 8.56921 28.514305
v -0.356976 8.056973 28.605963
v -9.611792 -0.363053 -23.85998
v -10.011559 -0.162983 -24.401035
v -9.729944 -0.415419 -24.191547
v -9.62492 -0.043237 -23.866865
v -9.36724 -0.310448 -23.625515
v -9.116205 -0.286416 -23.386406
v -0.421753 8.522141 28.746531
v -8.615415 0.097261 -22.801243
v -9.717458 0.289356 -24.568737
v -9.336742 0.292424 -24.901342
v -9.067054 -0.064869 -24.724194
v -9.34971 0.007267 -24.950735
v -9.513412 -0.153136 -24.877407
v -0.33738 8.073063 28.588749
v -0.321297 8.56921 28.514305
v -0.410986 8.145268 28.218283
v -0.632869 8.574334 28.229969
v -0.394902 8.634051 28.143835
v -9.111883 -0.305658 -25.14814
v -9.236279 -0.149646 -25.05216
v -8.644154 -0.406094 -24.780952
v -0.430581 8.129179 28.235493
v -8.813698 -0.496652 -24.855717
v -9.130214 -0.546465 -25.111156
v -0.410986 8.145268 28.218283
v -8.778636 0.401679 -24.529192
v -8.501904 -0.027734 -24.745729
v -0.394902 8.634051 28.143835
v -0.482433 8.175769 27.89072
v -0.566805 8.61476 28.048498
v -0.46635 8.66183 27.816275
v -7.994678 -0.194919 -24.273676
v -8.158972 -0.223913 -24.541281
v -7.627683 -0.075686 -23.835806
v -7.798757 -0.127399 -24.061384
v -8.809376 0.508266 -24.090603
v -7.260007 0.117985 -23.4715
v -7.449677 -0.004575 -23.65081
v -7.684974 0.613852 -23.013695
v -0.50203 8.159678 27.90801
v -7.895424 0.444947 -23.26441
v -8.864129 -0.323814 -23.09911
v -8.597323 -0.213563 -22.781311
v -8.184428 0.27717 -21.950319
v -7.023197 0.247351 -23.27458
v -0.482433 8.175769 27.89072
v -0.46635 8.66183 27.816275
v -0.506339 8.204507 27.547707
v -0.582227 8.684885 27.410744
v -0.490255 8.697132 27.473263
v -0.525937 8.188416 27.564997
v -0.590712 8.649981 27.705484
v -6.912489 0.267488 -20.814173
v -6.933094 0.268195 -21.629642
v -7.159081 0.580061 -22.790758
v -0.506339 8.204507 27.547707
v -0.490255 8.697132 27.473263
v -0.566048 8.214594 27.214298
v -0.641933 8.692329 27.077335
v -0.549964 8.704497 27.139854
v -0.585643 8.198503 27.231512
v -8.319313 -0.049644 -21.32233
v -8.32972 -0.053802 -20.618454
v -8.414892 -0.067905 -19.870951
v -0.650421 8.657428 27.372076
v -0.566048 8.214594 27.214298
v -0.549964 8.704497 27.139854
v -0.575011 8.269589 26.876091
v -0.770317 8.713944 26.771549
v -0.558926 8.754529 26.806368
v -0.594608 8.253499 26.893381
v -0.563157 8.730433 27.012577
v -0.575011 8.269589 26.876091
v -0.558926 8.754529 26.806368
v -0.601897 8.300169 26.527155
v -0.797203 8.739961 26.423492
v -0.585813 8.780546 26.458391
v -0.621492 8.284159 26.544365
v -0.590044 8.756451 26.664522
v -0.601897 8.300169 26.527155
v -0.585813 8.780546 26.458391
v -0.634736 8.344357 26.191189
v -0.856619 8.777104 26.202795
v -0.618653 8.836822 26.116741
v -0.654332 8.328267 26.208399
v -0.577222 8.833699 26.220966
v -0.634736 8.344357 26.191189
v -0.618653 8.836822 26.116741
v -0.691437 8.370454 25.816715
v -0.886741 8.825056 25.707451
v -0.675354 8.865641 25.742271
v -0.711033 8.354363 25.834005
v -0.691437 8.370454 25.816715
v -0.675354 8.865641 25.742271
v -0.736712 8.381581 25.446167
v -0.932017 8.825056 25.336901
v -0.720627 8.865641 25.371721
v -0.756307 8.365571 25.463457
v -0.736712 8.381581 25.446167
v -27.171455 5.808083 -8.614382
v -26.961485 6.516358 -7.703128
v -26.692677 5.979652 -7.920911
v -27.00559 5.850021 -8.494308
v -27.43858 6.133451 -7.964602
v -27.298172 5.906271 -8.480619
v -27.733484 6.411053 -7.488364
v -26.554113 6.922758 -5.35252
v -28.591936 7.084417 -4.751068
v -0.720627 8.865641 25.371721
v -0.78511 8.42353 25.046078
v -0.868034 8.879811 25.15847
v -0.769303 8.904867 24.926966
v -0.80437 8.40936 25.064409
v -0.78511 8.42353 25.046078
v -0.769303 8.904867 24.926966
v -0.827961 8.449786 24.545528
v -1.049842 8.886937 24.511988
v -0.811871 8.937768 24.420332
v -0.847557 8.435537 24.564341
v -0.770445 8.945053 24.524397
v -0.827961 8.449786 24.545528
v -0.811871 8.937768 24.420332
v -0.896627 8.489734 23.500162
v -1.080181 8.918639 23.351351
v -0.881506 8.959945 23.379929
v -0.915039 8.476445 23.517933
v 9.876516 0.068622 -27.743258
v 9.884842 0.067031 -27.757027
v 9.888925 0.032253 -27.752705
v 9.973857 -0.064486 -27.708115
v 9.884842 0.067031 -27.757027
v 9.923745 0.067548 -27.73237
v 10.181746 -0.288973 -27.506075
v 10.07664 0.007871 -27.644958
v 10.277805 -0.113925 -27.431545
v 10.168057 -0.396364 -26.709742
v 10.43126 -0.242703 -27.123035
v -0.885485 8.957863 23.575008
v 10.30206 -0.458944 -27.250477
v 10.449671 -0.303691 -26.61528
v 10.462879 -0.291804 -26.815725
v 10.331038 -0.59348 -26.979588
v 10.283248 -0.687606 -26.690769
v -0.896627 8.489734 23.500162
v -0.881506 8.959945 23.379929
v -0.921787 8.53032 22.948299
v -0.995649 8.98068 22.775635
v -0.906842 8.998771 22.834471
v -0.946434 8.512549 22.971992
v 10.216407 -0.755907 -26.622648
v 10.129072 -0.150888 -26.361282
v 10.467842 -0.281492 -26.56245
v 9.857385 -0.28948 -26.442854
v -1.003846 8.977237 23.06221
v 9.899811 -0.64435 -26.469831
v 10.340564 -0.221926 -26.172527
v 9.961609 -0.287909 -25.458084
v 9.619797 -0.430736 -25.519407
v 10.170299 -0.245636 -25.835119
v 10.083284 -0.8178 -26.312937
v 9.624601 -0.778354 -25.420866
v 9.927748 -0.805313 -25.98233
v 9.811035 -0.827127 -25.643801
v 9.269901 -1.284728 -26.593912
v 9.617876 -1.09225 -25.738743
v 9.595542 -1.125309 -26.544201
v 9.717458 -1.146499 -26.043571
v 9.05865 -1.364135 -27.88159
v 9.084986 -1.305851 -27.886234
v 9.047764 -1.324534 -27.901842
v -0.921787 8.53032 22.948299
v -0.906842 8.998771 22.834471
v -0.943144 8.557618 22.382669
v -1.02329 9.011659 22.499302
v -0.921971 9.034154 22.261314
v -0.965774 8.541288 22.404442
v -0.943144 8.557618 22.382669
v -0.921971 9.034154 22.261314
v -0.954359 8.570428 21.938074
v -1.034345 9.025829 22.05975
v -0.933026 9.048324 21.821764
v -0.976821 8.554257 21.959608
v 9.351071 -1.362574 -27.742945
v 9.264778 -1.539555 -27.723253
v 9.425037 -1.660318 -27.486147
v 9.425437 -1.611186 -26.765621
v 9.553036 -1.422067 -27.568035
v 9.866911 -1.397613 -26.706861
v 9.744675 -1.468624 -27.292507
v 9.858906 -1.472371 -26.94413
v 9.821602 -1.207296 -26.380419
v -0.954359 8.570428 21.938074
v 9.895968 -1.296303 -26.568298
v -0.933026 9.048324 21.821764
v -0.99364 8.586919 21.467545
v -1.067541 9.041121 21.299841
v -0.977149 9.059451 21.359716
v -1.018455 8.568987 21.4914
v -0.192167 15.075429 15.490258
v -0.059423 16.876066 15.057356
v -0.000016 16.864618 15.041666
v -0.000015 15.840545 15.334405
v 0.19214 15.075431 15.490258
v -0.000012 13.451547 14.806152
v -0.688387 13.39311 14.959847
v -1.075874 9.037598 21.591541
v 9.566244 -0.67103 -23.852293
v 9.723622 -0.411473 -24.195705
v 9.611712 -0.362938 -23.86006
v 8.864129 -0.323788 -23.099108
v 9.36724 -0.310421 -23.625511
v 9.134297 -1.42205 -24.288486
v 9.35091 -1.413132 -24.664318
v 9.545672 -1.291473 -24.578266
v 9.319693 -1.207798 -23.888479
v -0.99364 8.586919 21.467545
v 9.116206 -0.286389 -23.386404
v -0.977149 9.059451 21.359716
v -1.047505 8.567549 20.552177
v -1.252944 8.997416 20.523998
v -1.027244 9.045125 20.436827
v 8.597324 -0.213537 -22.781229
v 8.23646 -0.379054 -22.152361
v -1.064916 8.554981 20.568907
v -1.047505 8.567549 20.552177
v -1.027244 9.045125 20.436827
v 8.246626 -0.367395 -20.647829
v 8.329638 -0.054184 -20.618372
v 8.414651 -0.068406 -19.870869
v -1.077868 8.56715 20.095413
v -1.293041 8.997816 20.0746
v -1.06939 9.045046 19.988148
v 8.503906 -0.074181 -19.104155
v -1.106557 8.546417 20.123032
v -1.030454 9.05249 20.08597
v -1.077868 8.56715 20.095413
v -1.06939 9.045046 19.988148
v -1.133438 8.567231 19.713177
v -1.209197 9.014468 19.544434
v -1.119598 9.032719 19.60375
v 9.234759 -1.592759 -26.520746
v -1.160111 8.547938 19.738873
v 9.546713 -1.754281 -27.25008
v 9.625722 -1.803752 -26.898504
v -1.217466 9.010945 19.833572
v 9.660943 -1.826263 -26.60528
v 9.622039 -1.857514 -26.520826
v 9.543751 -1.837559 -26.304134
v 9.316249 -1.532771 -25.680307
v 38.485111 4.472701 15.766137
v 38.246082 4.680877 15.944569
v 38.264332 4.46592 15.824413
v 38.202858 4.181601 15.623488
v 38.169155 4.176598 15.539437
v 38.188766 4.237427 15.508938
v -1.133438 8.567231 19.713177
v -1.119598 9.032719 19.60375
v -1.204106 8.567391 19.277227
v -1.275622 9.030158 19.10136
v -1.186023 9.04841 19.160595
v -1.2264 8.551302 19.298599
v -1.283883 9.026636 19.390417
v 38.534344 4.840336 15.755972
v 38.254169 4.500543 15.528391
v 38.263931 4.736176 15.575541
v 38.529217 5.169547 16.006527
v 38.208622 4.967063 15.626692
v 38.365437 5.752172 15.832422
v 38.106316 5.221212 15.645345
v 38.176441 4.940566 16.042469
v 38.016903 5.476904 16.382921
v 27.005592 5.850117 -8.494231
v 27.171455 5.808171 -8.614387
v 27.19331 5.700776 -8.478783
v 38.046837 5.168506 16.112434
v 38.315407 5.755093 16.210815
v 27.298176 5.906367 -8.480624
v 27.438581 6.133539 -7.9646
v 27.77343 6.184401 -7.452275
v 27.733484 6.411149 -7.488361
v 27.699305 6.165793 -5.910936
v 37.908512 5.263325 16.137009
v 26.003937 5.845412 -0.174822
v -1.204106 8.567391 19.277227
v 37.988323 5.395384 15.596756
v -1.186023 9.04841 19.160595
v 26.156912 5.692899 -2.120862
v -1.243362 8.557227 18.849602
v -1.322675 9.005744 18.968557
v -1.223086 9.027839 18.734652
v 37.920204 5.400588 15.476681
v 37.72208 5.591946 15.39383
v 37.472885 6.622911 15.743968
v 37.781315 5.261283 16.206173
v 37.444466 6.571542 16.149981
v -1.265152 8.541457 18.870495
v 37.544373 5.427554 16.259886
v 37.247463 5.750354 16.211058
v 36.973377 6.077693 16.143976
v 36.321129 7.044299 16.08098
v 37.41861 5.872144 15.397274
v 36.065292 7.490497 15.317868
v 36.227554 7.325097 15.697784
v 37.12299 6.16398 15.421289
v 36.718739 6.423493 15.194189
v -1.243362 8.557227 18.849602
v -1.223086 9.027839 18.734652
v -1.273085 8.576921 18.436626
v -1.460248 9.015593 18.290937
v -1.250679 9.059219 18.321035
v -1.292681 8.562751 18.455517
v 36.113403 6.679058 16.005894
v 36.54327 6.378319 16.075134
v -1.273085 8.576921 18.436626
v -1.250679 9.059219 18.321035
v -1.33084 8.55859 18.009323
v -1.408665 9.005747 18.127075
v -1.310796 9.02752 17.897253
v -1.351109 8.543941 18.028852
v 29.122192 7.980263 12.544076
v 21.944788 7.022366 9.065446
v 21.758833 7.130545 9.205373
v 9.888925 0.032253 -27.752705
v 9.884842 0.067031 -27.757027
v 9.895008 0.061252 -27.765751
v 9.923745 0.067548 -27.73237
v 9.884842 0.067031 -27.757027
v 9.973857 -0.064486 -27.708115
v 10.181746 -0.288973 -27.506075
v 10.277805 -0.113925 -27.431545
v 10.30206 -0.458944 -27.250477
v 10.07664 0.007871 -27.644958
v 10.663484 -0.642505 -26.539557
v 10.43126 -0.242703 -27.123035
v 10.462879 -0.291804 -26.815725
v 10.449671 -0.303691 -26.61528
v 10.467842 -0.281492 -26.56245
v 10.331038 -0.59348 -26.979588
v 10.283248 -0.687606 -26.690769
v 10.216407 -0.755907 -26.622648
v 8.643673 -2.183187 -27.141529
v 8.855404 -2.438914 -26.78347
v 8.998693 -2.240343 -26.813089
v 25.844404 6.469602 11.455881
v 22.110012 5.750461 8.154559
v 26.360485 6.330671 10.551723
v 8.656562 -2.20829 -27.164507
v 8.661925 -2.267399 -27.10519
v 8.656562 -2.20829 -27.164507
v 8.713076 -2.175238 -27.123442
v 22.427885 5.366559 5.183005
v 24.918465 5.560849 0.982404
v 20.106527 5.218036 7.722178
v 24.502367 5.733844 0.900938
v -1.33084 8.55859 18.009323
v 20.579304 5.432724 6.784807
v -1.310796 9.02752 17.897253
v -1.328071 8.554829 17.601389
v -1.403125 8.992139 17.715061
v -1.305256 9.013832 17.485237
v -1.345481 8.542181 17.61812
v 8.975559 -2.509102 -26.584946
v 14.494574 4.723451 0.278847
v 16.369413 5.063865 2.290252
v 15.44468 4.685521 1.480142
v 17.681906 5.167629 4.062724
v 15.974531 4.676129 2.693733
v -1.328071 8.554829 17.601389
v 8.929851 -2.183597 -26.23481
v 9.12349 -2.244282 -26.618088
v -1.305256 9.013832 17.485237
v -1.253224 8.559953 17.178488
v -1.328263 9.002867 17.289436
v -1.231259 9.0244 17.061697
v -1.270627 8.547385 17.195219
v 13.168871 4.765837 0.347951
v 13.637322 4.505013 -0.214628
v 13.968646 4.62007 -0.648663
v -1.253224 8.559953 17.178488
v -1.231259 9.0244 17.061697
v -1.342095 8.608784 16.740135
v -1.515579 9.031365 16.599491
v -1.327806 9.062665 16.626467
v -1.359498 8.596057 16.756865
v 9.221231 -2.182332 -26.395708
v 9.256292 -2.129707 -26.239613
v 8.974198 -2.477844 -26.030283
v 9.006698 -2.504403 -26.320543
v -1.331569 9.0541 16.810822
v 9.255332 -1.912221 -26.063505
v 9.264217 -2.096327 -26.222322
v 8.964111 -1.858956 -26.104889
v 8.744775 -1.992295 -26.062704
v 8.73501 -2.256699 -25.873707
v 8.900472 -2.390982 -25.777246
v 8.684818 -1.9055 -24.923521
v 0.153794 8.160713 30.344238
v -0.000005 9.010441 29.58857
v -0.0744 8.112283 30.496252
v -0.000006 9.768994 28.106455
v 0.728542 9.102741 27.947716
v -1.342095 8.608784 16.740135
v -1.327806 9.062665 16.626467
v -0.079402 4.138491 28.977541
v -0.100172 4.430407 29.1394
v -0.110978 4.435914 29.149406
v -0.118071 4.099298 29.102016
v -0.18869 4.185184 28.956568
v 0.599734 10.356485 24.903275
v -0.000007 10.428367 25.9769
v 1.022553 9.570637 25.856262
v -0.100172 4.430407 29.1394
v -0.079402 4.138491 28.977541
v -0.143198 4.262456 28.644775
v -0.167553 4.626329 28.855785
v -0.179677 4.6323 28.866995
v -0.24173 4.23323 28.790865
v -0.206611 4.302609 28.594501
v -0.167553 4.626329 28.855785
v -0.143198 4.262456 28.644775
v -0.21819 4.828663 28.519257
v -0.368028 4.472683 28.340185
v -0.196859 4.427872 28.299683
v -0.205714 4.82286 28.50765
v -0.205714 4.82286 28.50765
v -0.196859 4.427872 28.299683
v -0.395863 4.615252 27.931694
v -0.288452 4.940053 28.136621
v -0.238698 4.552526 27.95779
v -0.278072 4.942046 28.160397
v -0.288452 4.940053 28.136621
v -0.395863 4.615252 27.931694
v -0.443089 4.775913 27.588762
v -0.360346 5.119493 27.821869
v -0.342161 4.660217 27.7796
v -0.351788 5.121126 27.84148
v -8.708673 -2.239645 -27.132654
v -8.742853 -2.275996 -27.130171
v -8.765187 -2.206593 -27.091585
v -9.10908 -2.529242 -26.824141
v -8.708673 -2.239645 -27.132654
v -8.803211 -2.38777 -26.954384
v -8.907516 -2.470269 -26.751616
v -9.050804 -2.271698 -26.781235
v -9.175602 -2.275629 -26.586233
v -0.360346 5.119493 27.821869
v -9.273342 -2.213687 -26.363855
v -0.443089 4.775913 27.588762
v -0.410425 5.205987 27.478855
v -0.418963 4.744485 27.44075
v -0.359944 4.80201 27.263201
v -9.526459 -2.196893 -26.106415
v -9.470504 -2.548768 -25.969294
v -9.058809 -2.535759 -26.288691
v -9.065933 -2.496968 -26.053263
v -9.253969 -2.620757 -25.93231
v -9.026309 -2.509199 -25.99843
v -9.308404 -2.161063 -26.207758
v -0.527628 4.869051 27.235344
v -9.316329 -2.127682 -26.190546
v -9.583134 -2.190795 -25.741232
v -0.424352 5.212566 27.491741
v -0.410425 5.205987 27.478855
v -0.359944 4.80201 27.263201
v -0.455902 5.349349 27.132803
v -0.622694 4.941072 27.046345
v -0.423907 4.930098 26.915947
v -0.468379 5.355136 27.144409
v 21.450323 5.844803 9.616745
v 19.857735 5.294834 8.008389
v 19.89752 5.432718 8.937123
v 19.848289 6.045769 9.252601
v 21.33449 6.276886 9.801019
v 22.725273 6.537943 10.591749
v 24.124619 6.753818 11.403691
v 19.273054 5.741845 8.904465
v 19.495512 6.067806 9.179516
v 25.697033 6.554686 11.896875
v 25.601292 6.957775 12.12822
v 27.087732 7.16262 12.746761
v 28.547195 7.341866 13.365385
v 33.364899 7.841427 15.461321
v 29.98897 7.523393 14.017307
v 28.87348 6.908063 12.497807
v 31.438189 7.794663 14.711977
v 32.830967 8.096472 15.49198
v -9.307444 -1.943577 -26.031651
v 33.046703 7.713437 14.851663
v -9.275503 -1.856444 -25.721218
v 0.067797 4.282179 29.404526
v 0.03626 4.064885 29.275883
v 0.058174 4.279081 29.396118
v 0.101994 4.038748 29.373945
v 34.114243 7.848425 14.739992
v 33.277969 8.177562 15.825707
v 34.146988 7.518107 15.234139
v 33.77219 7.745887 15.636949
v 33.714474 8.04612 16.064495
v -0.455902 5.349349 27.132803
v -0.423907 4.930098 26.915947
v -0.463639 5.120817 26.531868
v -0.497962 5.535673 26.746401
v -0.510441 5.541732 26.758011
v -0.662426 5.131911 26.66227
v 35.964512 7.68536 15.895588
v 36.654137 8.148503 16.750677
v -0.497962 5.535673 26.746401
v -0.463639 5.120817 26.531868
v -0.575146 5.669997 26.37105
v -0.593502 5.186418 26.332865
v -0.534174 5.243598 26.154356
v -0.587624 5.676048 26.382578
v -0.610953 5.29286 26.091675
v -0.575146 5.669997 26.37105
v 0.03626 4.064885 29.275883
v 0.058174 4.279081 29.396118
v -0.036257 4.065149 29.275883
v -0.067795 4.282819 29.404526
v -0.058172 4.279641 29.396118
v -0.073998 4.081599 29.236258
v -0.131152 4.054574 29.344408
v -0.036257 4.065149 29.275883
v -0.058172 4.279641 29.396118
v -0.534174 5.243598 26.154356
v -0.533512 5.408165 25.699354
v -0.574693 5.831017 25.903643
v -0.587171 5.83723 25.915169
v -0.592838 5.351922 25.877785
v -0.610291 5.457227 25.636675
v -0.574693 5.831017 25.903643
v -0.533512 5.408165 25.699354
v -0.578204 5.56038 25.281013
v -0.606556 5.977077 25.492266
v -0.619034 5.983233 25.503794
v -0.63402 5.508371 25.448879
v -0.650443 5.606176 25.222017
v -0.606556 5.977077 25.492266
v -0.578204 5.56038 25.281013
v -0.685019 5.795318 24.773022
v -0.656899 6.186464 25.02598
v -0.652428 6.179267 25.037666
v -0.656899 6.186464 25.02598
v -0.685019 5.795318 24.773022
v -0.664425 6.184031 25.030062
v -0.656899 6.186464 25.02598
v -0.776799 5.813626 24.807682
v -0.667566 5.693551 25.01421
v -0.660172 6.186032 25.056797
v -0.664425 6.184031 25.030062
v -0.776799 5.813626 24.807682
v -0.754801 5.899559 24.344675
v -0.718083 6.296797 24.625973
v -0.710494 6.289857 24.636618
v -0.718083 6.296797 24.625973
v -0.754801 5.899559 24.344675
v -0.72704 6.293859 24.631014
v -0.718083 6.296797 24.625973
v -0.834645 5.915762 24.400869
v -0.682951 5.863945 24.395267
v -0.717641 6.296333 24.656229
v -0.858123 5.878859 24.582663
v -0.72704 6.293859 24.631014
v -0.834645 5.915762 24.400869
v -33.053104 4.782032 14.082464
v -33.055107 4.71679 14.207903
v -33.068394 4.688573 14.092552
v -33.190548 4.715982 14.084866
v -33.053104 4.782032 14.082464
v -33.349289 4.306456 14.315008
v -33.45023 4.546837 14.20374
v -33.763863 4.460495 14.403543
v -33.675812 4.139048 14.621758
v -33.212162 4.557515 14.469584
v -34.039639 4.517923 14.651776
v -34.231358 4.481475 14.976858
v -33.444706 4.503945 14.758324
v -33.611691 4.517825 14.990868
v -33.89843 4.440905 15.434422
v 9.946959 0.750575 -26.889854
v 10.180224 0.725338 -26.766737
v 9.984023 0.765124 -26.871841
v 9.968332 0.747077 -26.907621
v 9.984343 0.710623 -26.904263
v 10.114664 0.62909 -26.855108
v 10.361055 0.3463 -26.54492
v -34.21014 4.337978 15.268878
v 10.276203 0.484044 -26.725992
v -33.729366 4.649427 15.18835
v -34.227833 4.682376 14.825085
v -34.391293 4.685963 14.821802
v -34.617115 4.641566 15.186988
v -33.694221 4.688306 15.329957
v -33.769466 4.889951 15.569145
v -34.56356 4.886934 14.954204
v -34.746231 5.161448 15.253591
v 10.229295 0.43679 -26.157322
v -34.870468 5.41947 15.579791
v -34.748795 5.096797 16.098511
v -34.002415 5.202175 15.83523
v -34.389935 5.231791 16.185207
v -34.228073 5.514198 16.106838
v -35.651756 7.152769 14.929474
v -35.980198 6.97734 15.048186
v -36.228031 7.111575 15.15129
v -35.645512 7.538207 14.965816
v -35.394951 7.411217 14.843019
v -9.926708 0.040805 -27.729176
v -9.930791 0.006027 -27.724934
v -9.936874 0.035026 -27.737984
v -9.965612 0.041322 -27.704601
v -9.926708 0.040805 -27.729176
v -10.015723 -0.090712 -27.680347
v 10.447189 0.58824 -26.412359
v 10.344485 0.660596 -26.622169
v 10.479208 0.506469 -26.044449
v -10.223612 -0.3152 -27.4783
v 10.471604 0.529481 -26.215515
v -10.583675 -0.457155 -27.215658
v -10.343925 -0.485171 -27.222622
v -10.118507 -0.018356 -27.617188
v 71.259811 12.455646 20.135403
v 71.193855 12.265688 19.815603
v 71.889725 12.504475 20.173264
v -10.372904 -0.619707 -26.951736
v 69.908501 12.287941 20.153013
v -10.51195 -0.863466 -26.531155
v 68.557823 12.12552 20.16334
v -10.319672 -0.140151 -27.403774
v 10.402042 0.538927 -25.711683
v 10.473606 0.544441 -25.954475
v 10.160051 0.593419 -25.781086
v 10.36818 0.095977 -26.147875
v -10.473125 -0.26893 -27.095264
v 10.449991 0.151798 -26.205589
v 10.410525 0.236132 -26.354963
v 62.066757 11.115456 19.777744
v 71.179047 12.416502 19.440731
v 66.94474 11.911227 20.171507
v 65.329819 11.701178 20.178471
v 63.720104 11.484483 20.202887
v 9.799348 0.257713 -25.261887
v 9.988265 0.158008 -25.983133
v 10.243543 -0.019125 -25.929661
v 62.64991 11.317183 19.152796
v 10.128352 -0.08816 -25.650206
v 9.745395 -0.173527 -25.055201
v 10.039017 -0.149905 -25.416702
v -10.664684 -0.66238 -26.570541
v 9.998672 -0.22981 -25.192804
v 9.94728 -0.190605 -25.222263
v 10.293654 0.438252 -25.438475
v 9.944718 0.298802 -24.814569
v 10.170538 0.339171 -25.20265
v 10.098813 0.287861 -25.042791
v 9.539027 0.41532 -24.693295
v 9.336742 0.292452 -24.901262
v 9.717458 0.289384 -24.568737
v 9.34971 0.007295 -24.950735
v -10.504745 -0.318031 -26.787956
v -10.491538 -0.329918 -26.587509
v 9.46362 -0.185493 -24.924639
v 9.94632 -0.31257 -25.260286
v -10.325114 -0.713833 -26.662918
v 9.070017 -0.279433 -25.175993
v 9.194414 -0.123422 -25.079933
v -10.258273 -0.782134 -26.594881
v -10.125151 -0.844031 -26.285164
v 9.087068 -1.147526 -25.632837
v -10.612813 -0.728559 -26.062868
v 9.150626 -0.741805 -25.071608
v 9.576731 -1.050089 -25.457129
v 8.679936 -0.82391 -25.280701
v 8.884782 -0.690717 -25.229628
v -10.598484 -0.43853 -26.078156
v -10.509708 -0.30772 -26.534676
v 8.659443 -1.107462 -25.120764
v -10.38243 -0.248153 -26.144756
v -9.969615 -0.831544 -25.954559
v 8.856445 -1.248285 -24.966345
v -10.086566 -0.965597 -25.18256
v 9.488196 -1.636803 -25.83016
v -10.201758 -0.468385 -25.145094
v 49.18718 9.597957 18.468935
v 59.905579 10.95968 19.134624
v 48.236675 9.313621 18.850695
v -10.28645 -0.766256 -25.089783
v 50.901443 9.893418 19.33075
v 52.510517 10.096904 19.404715
v 54.118317 10.295587 19.482681
v 49.291565 9.696015 19.26367
v 55.723709 10.490108 19.570816
v 48.23595 9.518946 19.259827
v 60.493618 10.894118 19.648062
v 57.313972 10.689911 19.679924
v 58.914326 10.891236 19.849548
v 59.990189 11.014512 19.968821
v -10.212165 -0.271863 -25.807266
v 9.44617 -1.601694 -25.58753
v 9.223392 -1.825088 -25.752993
v 9.296078 -1.519644 -25.403576
v 9.257653 -1.497318 -25.421669
v 60.504189 11.096242 20.075846
v -10.003477 -0.314135 -25.430235
v 9.118287 -1.68714 -25.350742
v 61.018353 11.083674 20.286137
v 9.17128 -1.754205 -25.46129
v -9.697525 -0.87062 -24.576824
v 61.54723 10.869063 19.302727
v -9.875715 -0.732012 -24.481405
v -10.36818 0.095945 -26.147875
v -10.590638 0.059729 -26.101284
v -10.449992 0.151767 -26.205589
v -10.243543 -0.019157 -25.929659
v -10.128352 -0.088192 -25.650206
v -10.039017 -0.149935 -25.416702
v -10.192311 -0.307522 -25.071608
v -10.771391 0.238085 -25.987936
v -10.473606 0.544409 -25.954473
v -10.69006 0.447861 -25.919329
v -10.402042 0.538895 -25.711681
v 62.02874 11.093763 19.296324
v 62.639359 11.335591 20.210091
v 62.098057 11.234247 20.226101
v -10.3994 -0.139825 -24.906786
v 9.118287 -1.68714 -25.350742
v 9.165998 -1.706984 -25.31176
v 9.62444 -0.042915 -23.867182
v 9.611712 -0.362938 -23.86006
v 9.723622 -0.411473 -24.195705
v -10.293654 0.43822 -25.438473
v 9.36724 -0.310421 -23.625511
v 9.116206 -0.286389 -23.386404
v 9.165998 -1.706984 -25.31176
v -10.170538 0.33914 -25.202648
v -10.098814 0.287831 -25.042791
v 9.000534 -1.496406 -25.125883
v -9.649977 -0.305723 -24.68153
v -9.868911 -0.340587 -24.520948
v -9.922705 0.097644 -24.451223
v -10.011559 -0.162983 -24.401035
v 9.34971 0.007295 -24.950735
v 9.505966 -0.148443 -24.882292
v 9.255732 -0.115009 -24.722914
v -9.944718 0.298772 -24.814648
v -9.717458 0.289356 -24.568737
v 9.194414 -0.123422 -25.079933
v 9.46362 -0.185493 -24.924639
v 8.703711 -1.741854 -25.362991
v -9.128054 -1.406559 -27.837326
v -9.154389 -1.348283 -27.842047
v -9.117166 -1.366959 -27.857578
v 9.070017 -0.279433 -25.175993
v 8.787283 -0.480307 -24.872847
v 8.628224 -0.396254 -24.791277
v 9.088348 -0.52024 -25.139009
v 9.038959 -0.653248 -24.880852
v 8.834271 -1.309035 -24.93969
v 8.413291 -1.42104 -25.077454
v 8.633827 -1.290111 -25.064323
v 8.87894 -2.26934 -25.556469
v -9.334261 -1.581988 -27.679068
v 8.778637 0.401704 -24.52919
v 8.501905 -0.027709 -24.745646
v 8.402564 -0.296041 -24.740847
v 8.158973 -0.22389 -24.541279
v 7.994679 -0.194896 -24.273674
v -9.486675 -1.57512 -27.777689
v -9.420474 -1.404999 -27.698681
v 7.895425 0.44497 -23.264408
v 8.809376 0.508292 -24.090519
v 8.615416 0.097286 -22.801241
v 8.864129 -0.323788 -23.099108
v 8.597324 -0.213537 -22.781229
v 8.443388 -0.138083 -22.469439
v -9.622439 -1.4645 -27.523773
v -9.94488 -1.753183 -27.257048
v -9.49444 -1.702752 -27.441883
v -9.814078 -1.511058 -27.24824
v -9.616115 -1.796707 -27.205816
v -10.191913 -1.578101 -26.517309
v -9.928308 -1.514797 -26.899944
v 8.584355 0.511941 -15.555957
v 8.319231 -0.049884 -21.322248
v 8.184509 0.277059 -21.950235
v -9.695125 -1.846186 -26.854319
v 8.414651 -0.068406 -19.870869
v 8.329638 -0.054184 -20.618372
v -9.730426 -1.868689 -26.561016
v -9.936314 -1.440047 -26.6626
v -9.864749 -1.481844 -25.399578
v -9.613153 -1.879992 -26.259949
v -9.691442 -1.89994 -26.476566
v -9.515573 -1.64412 -25.543266
v -9.965372 -1.338729 -26.524031
v -9.891006 -1.24973 -26.336237
v -9.837212 -1.154426 -25.19545
v 8.831149 -2.137835 -25.314402
v -9.557599 -1.679229 -25.785896
v -9.786861 -1.188925 -25.99931
v -9.68728 -1.134684 -25.694479
v -9.500683 -0.932313 -25.110518
v -9.641572 -1.08985 -25.415586
v -9.403584 -1.445384 -24.630699
v -9.59282 -1.320331 -24.548168
v 7.485508 0.565915 -21.522692
v -9.362038 -1.559861 -25.361794
v -9.105958 -1.372034 -24.878691
v -9.232038 -1.419439 -24.742849
v -9.053126 -1.431583 -24.842911
v -9.239803 -1.480941 -25.098671
v -9.146143 -1.585037 -25.05176
v -9.146143 -1.585037 -25.05176
v -9.218108 -1.73834 -25.27998
v -9.223392 -1.785561 -25.429436
v 6.912457 0.267444 -20.814093
v 7.159162 0.580131 -22.790674
v -8.952583 -2.42233 -25.745396
v -8.931049 -2.300695 -25.524614
v 6.933118 0.268246 -21.629641
v -8.88326 -2.16919 -25.282627
v 7.417994 0.91914 -18.999447
v -9.143742 -1.489291 -24.778551
v -9.053126 -1.431583 -24.842911
v -9.159593 -1.820128 -24.48517
v -9.378207 -2.118408 -24.944576
v -9.209303 -1.579763 -24.61517
v 7.260008 0.118006 -23.471416
v 7.685007 0.613877 -23.013693
v 7.627684 -0.075664 -23.835722
v 7.449686 -0.004554 -23.650808
v 7.798767 -0.127377 -24.06138
v -8.889585 -1.911304 -24.509829
v -8.852762 -2.045563 -25.052162
v -8.73693 -1.936855 -24.891661
v 1.173022 8.997572 21.914541
v 0.000003 1.835001 5.868926
v -1.070743 4.564825 9.99643
v -0.96848 2.235337 5.729704
v -0.50263 1.975936 5.799075
v -1.790917 2.97209 5.599993
v -1.375684 2.592566 5.645773
v -1.675061 4.672215 8.680737
v 0.95435 8.570428 21.938074
v 0.933017 9.048324 21.821764
v 0.943136 8.557618 22.382669
v 0.926229 9.031912 22.470724
v 0.921962 9.034154 22.261314
v 0.965757 8.541288 22.404442
v 1.135167 8.989727 22.230738
v 8.378309 -1.686036 -24.884056
v 0.943136 8.557618 22.382669
v 0.921962 9.034154 22.261314
v 0.921778 8.53032 22.948299
v 1.110951 8.956264 22.80509
v 0.906825 8.998771 22.834471
v 0.946426 8.512549 22.971992
v 8.800652 -2.014215 -25.084019
v 8.566186 -1.795064 -24.720114
v 0.921778 8.53032 22.948299
v 0.906825 8.998771 22.834471
v 0.896611 8.489734 23.500162
v 0.885476 8.957863 23.575008
v 0.881497 8.959945 23.379929
v 0.91503 8.476445 23.517933
v 1.080172 8.918639 23.351351
v 0.896611 8.489734 23.500162
v 0.881497 8.959945 23.379929
v 0.827944 8.449786 24.545528
v 1.049826 8.886937 24.511988
v 0.811862 8.937769 24.420332
v 0.847548 8.435537 24.564341
v 0.827944 8.449786 24.545528
v 0.811862 8.937769 24.420332
v 0.7851 8.42353 25.046078
v 0.868025 8.879811 25.15847
v 0.769293 8.904867 24.926966
v 0.804362 8.40936 25.064409
v 0.000002 1.992866 -18.136114
v 0.743693 2.224744 -17.307039
v 0.313514 1.882061 -17.885559
v 0.859684 8.887257 24.86685
v 0.7851 8.42353 25.046078
v 0.769293 8.904867 24.926966
v 0.736702 8.381581 25.446167
v 0.724848 8.841546 25.577929
v 0.720618 8.865642 25.371721
v 0.756298 8.365571 25.463457
v 0.932009 8.825057 25.336901
v 0.736702 8.381581 25.446167
v 0.720618 8.865642 25.371721
v 0.691429 8.370454 25.816715
v 0.775801 8.818571 25.974573
v 0.675343 8.865641 25.742271
v 0.179292 1.862961 -18.037334
v 0.000002 1.841036 -18.122507
v -9.926708 0.040805 -27.729176
v -10.015723 -0.090712 -27.680347
v -9.930791 0.006027 -27.724934
v 0.711024 8.354363 25.834005
v -9.918463 0.042396 -27.715487
v -9.926708 0.040805 -27.729176
v -9.965612 0.041322 -27.704601
v -10.223612 -0.3152 -27.4783
v -10.209923 -0.42259 -26.681967
v -10.118507 -0.018356 -27.617188
v -10.343925 -0.485171 -27.222622
v -10.319672 -0.140151 -27.403774
v -10.473125 -0.26893 -27.095264
v -10.491538 -0.329918 -26.587509
v 0.767315 8.853473 25.679832
v 0.691429 8.370454 25.816715
v 0.675343 8.865641 25.742271
v 0.634728 8.344357 26.191189
v 0.830034 8.796317 26.081841
v 0.618643 8.836902 26.116741
v 0.654323 8.328267 26.208399
v -10.258273 -0.782134 -26.594881
v -10.372904 -0.619707 -26.951736
v -10.325114 -0.713833 -26.662918
v -10.504745 -0.318031 -26.787956
v 0.634728 8.344357 26.191189
v 0.618643 8.836902 26.116741
v 0.601888 8.300169 26.527155
v 0.68626 8.733477 26.690617
v 0.585803 8.780546 26.458391
v -10.170939 -0.177115 -26.333513
v 0.621484 8.284159 26.544365
v -10.509708 -0.30772 -26.534676
v 0.677774 8.768379 26.395872
v -9.899251 -0.315706 -26.415083
v 0.601888 8.300169 26.527155
v 0.585803 8.780546 26.458391
v -10.38243 -0.248153 -26.144756
v 0.575002 8.269589 26.876091
v 0.659373 8.707459 27.038671
v 0.558917 8.754529 26.806368
v -10.003477 -0.314135 -25.430235
v 0.5946 8.253499 26.893381
v -10.212165 -0.271863 -25.807266
v -9.661663 -0.456961 -25.491631
v -9.941677 -0.670577 -26.442062
v -9.671829 -0.807731 -25.389889
v 0.575002 8.269589 26.876091
v -10.125151 -0.844031 -26.285164
v -9.969615 -0.831544 -25.954559
v -9.111883 -0.305658 -25.14814
v 0.650888 8.742361 26.743851
v -9.852902 -0.853358 -25.616034
v 0.558917 8.754529 26.806368
v 0.566039 8.214594 27.214298
v 0.650411 8.657428 27.372076
v 0.549954 8.704497 27.139854
v 0.585634 8.198503 27.231512
v -9.385653 -1.575205 -25.636124
v -9.154469 -1.385657 -25.499477
v -9.324175 -1.537895 -25.379486
v -9.156471 -1.189951 -25.588654
v -8.725723 -1.148006 -25.078495
v 0.566039 8.214594 27.214298
v -8.954185 -0.733146 -25.185364
v -8.746858 -0.864838 -25.237957
v 0.641923 8.692329 27.077335
v 0.549954 8.704497 27.139854
v 0.506331 8.204507 27.547707
v 0.590703 8.650062 27.705484
v 0.490246 8.697132 27.473263
v 0.525928 8.188416 27.564997
v 0.506331 8.204507 27.547707
v 0.582217 8.684885 27.410744
v 0.490246 8.697132 27.473263
v 0.482426 8.175769 27.89072
v 0.566795 8.61476 28.048498
v 0.46634 8.66183 27.816275
v -9.117166 -1.366959 -27.857578
v -9.334261 -1.581988 -27.679068
v -9.128054 -1.406559 -27.837326
v -9.154389 -1.348283 -27.842047
v 0.502021 8.159678 27.90801
v -9.420474 -1.404999 -27.698681
v -9.49444 -1.702752 -27.441883
v -9.494841 -1.653611 -26.721357
v -9.622439 -1.4645 -27.523773
v -9.936314 -1.440047 -26.6626
v -9.814078 -1.511058 -27.24824
v -9.928308 -1.514797 -26.899944
v -9.965372 -1.338729 -26.524031
v -9.664947 -1.167743 -26.499937
v -9.891006 -1.24973 -26.336237
v -9.786861 -1.188925 -25.99931
v -9.339304 -1.327153 -26.549648
v -9.337944 -1.071886 -25.552156
v 0.482426 8.175769 27.89072
v -9.304163 -1.635184 -26.476486
v 0.46634 8.66183 27.816275
v 0.410978 8.145268 28.218283
v 0.49535 8.586982 28.37606
v 0.394893 8.634051 28.143835
v 0.430573 8.129179 28.235493
v -9.616115 -1.796707 -27.205816
v -9.695125 -1.846186 -26.854319
v -9.730426 -1.868689 -26.561016
v -9.691442 -1.89994 -26.476566
v -9.613153 -1.879992 -26.259949
v -9.557599 -1.679229 -25.785896
v -9.515573 -1.64412 -25.543266
v -8.708673 -2.239645 -27.132654
v -8.765187 -2.206593 -27.091585
v -8.695784 -2.214542 -27.109678
v -8.907516 -2.470269 -26.751616
v -8.708673 -2.239645 -27.132654
v -8.803211 -2.38777 -26.954384
v -9.008779 -2.253032 -26.324234
v -9.050804 -2.271698 -26.781235
v 0.606283 8.593466 28.108934
v -9.175602 -2.275629 -26.586233
v -9.058809 -2.535759 -26.288691
v -9.026309 -2.509199 -25.99843
v -9.273342 -2.213687 -26.363855
v -9.308404 -2.161063 -26.207758
v -9.316329 -2.127682 -26.190546
v -9.065933 -2.496968 -26.053263
v -8.731807 -2.169974 -25.628839
v -9.307444 -1.943577 -26.031651
v -9.016223 -1.890312 -26.073036
v -9.362038 -1.559861 -25.361794
v -9.275503 -1.856444 -25.721218
v -8.755821 -1.773209 -25.331133
v -9.170399 -1.718495 -25.318886
v 0.410978 8.145268 28.218283
v 0.394893 8.634051 28.143835
v 0.337373 8.073063 28.588749
v 0.532677 8.528705 28.479486
v 0.321287 8.56921 28.514305
v -8.952583 -2.42233 -25.745396
v -8.931049 -2.300695 -25.524614
v -8.88326 -2.16919 -25.282627
v 0.356968 8.056973 28.605963
v -8.465403 -1.452395 -25.045597
v -8.883501 -1.338637 -24.909592
v -8.683617 -1.320049 -25.033989
v -8.430421 -1.717383 -24.852196
v -8.73693 -1.936855 -24.891661
v -8.617816 -1.826171 -24.688574
v 0.337373 8.073063 28.588749
v 0.321287 8.56921 28.514305
v 0.261355 8.023111 28.935366
v 0.249501 8.478433 29.067047
v 0.245271 8.502608 28.86092
v 10.479208 0.506469 -26.044449
v 10.471604 0.529481 -26.215515
v 0.280953 8.007022 28.952578
v 10.450791 0.556767 -26.715668
v 10.447189 0.58824 -26.412359
v 10.410525 0.236132 -26.354963
v 10.344485 0.660596 -26.622169
v 10.180224 0.725338 -26.766737
v 10.361055 0.3463 -26.54492
v 10.276203 0.484044 -26.725992
v 10.114664 0.62909 -26.855108
v 9.968332 0.747077 -26.907621
v 9.984023 0.765124 -26.871841
v 9.984343 0.710623 -26.904263
v 9.946959 0.750575 -26.889854
v 48.29871 10.168949 18.919056
v 60.640194 11.747686 19.672319
v 59.150627 11.347759 19.162403
v 0.456661 8.462023 28.826017
v 61.366009 11.719271 18.949713
v 0.261355 8.023111 28.935366
v 0.245271 8.502608 28.86092
v 60.747456 11.741924 19.135265
v 0.219135 7.950361 29.29999
v 0.303507 8.39542 29.457767
v 0.20305 8.442491 29.225546
v 0.238731 7.934295 29.317204
v 0.219135 7.950361 29.29999
v 0.20305 8.442491 29.225546
v 0.055881 7.975775 29.957756
v 0.048062 8.278067 30.044613
v 0.045272 8.293997 29.908609
v 0.068806 7.965177 29.969124
v 0.184696 8.267179 29.885632
v 62.735733 11.909947 19.835941
v 61.133865 11.94701 19.750929
v 65.479271 12.110632 19.453943
v 70.117508 12.644082 19.578497
v 71.338501 13.072509 19.844343
v 26.69268 5.97974 -7.920907
v 25.232817 5.958163 -6.907623
v 25.327673 6.254234 -6.579179
v 26.961569 6.516446 -7.703116
v 0.055881 7.975775 29.957756
v 0.045272 8.293997 29.908609
v 27.171455 5.808171 -8.614387
v 27.005592 5.850117 -8.494231
v -37.653233 8.288426 16.919106
v -35.352531 8.522413 16.347956
v -37.682053 8.71293 17.003958
v 27.298176 5.906367 -8.480624
v 27.438581 6.133539 -7.9646
v 27.733484 6.411149 -7.488361
v 26.830847 6.845572 -5.370023
v 26.554193 6.922844 -5.352508
v 29.453588 6.732553 -6.662723
v -39.240936 8.468858 17.289574
v -40.8256 8.659215 17.63979
v -42.405617 8.847731 17.988968
v -35.518074 8.787539 16.012144
v -39.395195 9.029446 17.063755
v 25.517557 6.933345 -1.14748
v 24.347551 6.587798 0.511176
v -45.556606 9.651107 18.775053
v -43.97443 9.032484 18.348068
v -45.549004 9.215397 18.700125
v -45.690849 9.837222 18.420113
v -46.575642 9.294165 19.022245
v -47.092518 9.904141 19.28961
v -49.291565 9.695853 19.263672
v -48.209057 9.515102 19.246864
v -50.90144 9.893255 19.330753
v -52.510517 10.096742 19.404718
v -54.118309 10.295505 19.482685
v -57.339264 11.102883 19.73188
v -55.723701 10.489944 19.57082
v -48.298706 10.168867 18.91906
v -57.313972 10.689828 19.679848
v -58.914326 10.891071 19.849552
v -59.990269 11.014348 19.968826
v -60.640194 11.747522 19.672323
v -61.040276 11.635933 20.296068
v -60.504189 11.096078 20.075851
v -0.502112 1.94261 -17.709129
v -0.179289 1.862961 -18.037334
v -0.313511 1.882061 -17.885559
v -0.295522 2.217892 -17.861784
v -62.639351 11.335427 20.210094
v -62.098049 11.234084 20.226105
v -62.658958 11.77666 20.260128
v -63.720097 11.48432 20.20289
v -61.133858 11.946847 19.750933
v -65.369278 12.088453 20.237232
v -65.329811 11.701014 20.178474
v -62.735725 11.909783 19.835945
v -65.369278 12.088453 20.237232
v -66.94474 11.911063 20.171511
v -66.983955 12.280091 20.223463
v -68.557816 12.125356 20.163345
v -69.908485 12.287777 20.153019
v -71.259804 12.455482 20.135406
v -71.338493 13.072343 19.844347
v -72.353439 13.034239 20.333368
v -71.78997 12.489902 20.171989
v -70.101486 12.641598 19.578264
v -72.442535 13.106366 19.133665
v -60.804852 11.652507 18.938669
v 0.279736 8.311127 29.753471
v 0.140436 7.978826 29.674543
v 0.127515 8.359398 29.608341
v 0.15618 7.965922 29.688389
v 0.140436 7.978826 29.674543
v 72.843361 13.105167 20.339607
v 72.931572 13.444977 19.964575
v 0.094236 8.356836 29.692154
v 0.127515 8.359398 29.608341
v 1.063562 8.866606 23.972614
v 0.855025 8.455872 24.015759
v 0.839912 8.913916 23.886242
v 0.873444 8.442503 24.033451
v 0.84389 8.911834 24.081322
v 0.855025 8.455872 24.015759
v 0.839912 8.913916 23.886242
v 66.983963 12.280255 20.223457
v 1.092644 9.039041 20.833952
v 1.017942 8.586921 21.007498
v 1.006207 9.056651 20.891188
v 1.04327 8.568588 21.031834
v 71.259811 12.455646 20.135403
v 69.908501 12.287941 20.153013
v 68.557823 12.12552 20.16334
v 65.369286 12.088616 20.237228
v 66.94474 11.911227 20.171507
v 65.369286 12.088616 20.237228
v 65.329819 11.701178 20.178471
v 62.65897 11.776823 20.260122
v 63.720104 11.484483 20.202887
v 61.040287 11.636015 20.296066
v 62.639359 11.335591 20.210091
v 62.098057 11.234247 20.226101
v 1.100617 9.035677 21.112923
v 57.339272 11.102966 19.731876
v 60.504189 11.096242 20.075846
v 59.990189 11.014512 19.968821
v 58.914326 10.891236 19.849548
v 57.313972 10.689911 19.679924
v 48.218983 9.982673 19.29497
v 55.723709 10.490108 19.570816
v 54.118317 10.295587 19.482681
v 52.510517 10.096904 19.404715
v 50.901443 9.893418 19.33075
v 1.017942 8.586921 21.007498
v 49.291565 9.696015 19.26367
v 1.006207 9.056651 20.891188
v 0.717202 6.018163 24.000383
v 0.739382 6.422908 24.256865
v 0.921202 6.034484 24.134226
v 0.75669 6.431738 24.272953
v 0.739382 6.422908 24.256865
v 0.717202 6.018163 24.000383
v 0.806811 6.574226 23.829401
v 0.769067 6.146563 23.556829
v 0.789868 6.565581 23.813629
v 0.933354 6.209962 23.529533
v 44.421989 9.094365 18.564278
v 45.996563 9.277358 18.916334
v 47.251503 9.926238 19.366373
v 46.138412 9.899183 18.636402
v 39.717396 8.896564 17.565502
v 39.842754 9.091406 17.279964
v 42.853176 8.909691 18.205256
v 0.826888 6.097845 23.730776
v 0.789868 6.565581 23.813629
v 36.59034 8.846457 15.955387
v 36.829205 9.004233 16.453295
v 41.273155 8.721175 17.855999
v 39.687698 8.530738 17.505463
v 38.100792 8.350387 17.135315
v 35.529118 8.546909 16.433281
v 0.769067 6.146563 23.556829
v 0.847476 6.718869 23.418024
v 0.810886 6.30411 23.15274
v 0.835005 6.712281 23.406416
v 0.97233 6.365252 23.125843
v 36.654137 8.148503 16.750677
v 0.867713 6.259033 23.323643
v 36.004616 8.009938 16.519415
v 0.835005 6.712281 23.406416
v 0.810886 6.30411 23.15274
v 0.845948 6.419526 22.763779
v 0.892 6.822855 23.014256
v 1.008808 6.480596 22.736721
v 0.883435 6.825896 23.033867
v 0.892 6.822855 23.014256
v 1.008808 6.480596 22.736721
v 0.896955 6.597837 22.326468
v 0.916031 6.997404 22.578945
v 1.056974 6.657434 22.299814
v -10.479209 0.506437 -26.044449
v -10.450791 0.556736 -26.715668
v -10.471525 0.529449 -26.215515
v -10.447189 0.588208 -26.412357
v -10.410526 0.2361 -26.354963
v -10.344486 0.660564 -26.622168
v -10.180224 0.725307 -26.766737
v -10.361056 0.346269 -26.544918
v -10.276203 0.484012 -26.725992
v -10.114664 0.629059 -26.855108
v -9.968333 0.747046 -26.907621
v -9.984343 0.710592 -26.904343
v -9.984023 0.765093 -26.871841
v 0.932129 7.006026 22.593914
v -9.94696 0.750544 -26.889851
v 34.316448 9.031292 15.228779
v 34.427799 8.820602 14.981423
v 31.645756 8.351752 14.372728
v 0.898668 6.567842 22.42893
v 0.916031 6.997404 22.578945
v 34.163635 9.055547 15.619181
v 35.148243 8.826283 15.948903
v 0.896955 6.597837 22.326468
v 0.96061 7.095354 22.194468
v 0.924628 6.672692 21.923098
v 0.943912 7.086556 22.178938
v 1.086072 6.732585 21.896202
v 33.277969 8.177562 15.825707
v 33.402683 8.679152 15.753743
v 32.830967 8.096472 15.49198
v 31.481014 8.153629 14.63545
v 31.438189 7.794663 14.711977
v 29.98897 7.523393 14.017307
v 28.547195 7.341866 13.365385
v 27.087732 7.16262 12.746761
v 24.183214 7.209444 11.326924
v 25.601292 6.957775 12.12822
v 24.338511 7.554155 11.05828
v 24.124619 6.753818 11.403691
v 21.340012 6.746545 9.774445
v 22.725273 6.537943 10.591749
v 21.33449 6.276886 9.801019
v 21.518524 7.088317 9.495953
v 19.208134 6.773892 8.901985
v 19.848289 6.045769 9.252601
v 19.495512 6.067806 9.179516
v 19.850212 7.057436 8.832104
v 19.913372 7.125232 8.042414
v 19.301632 6.171791 9.13781
v 18.721434 6.622286 9.073772
v 18.721031 6.230019 9.140853
v 18.271873 6.766368 8.804086
v 18.167889 6.196078 9.048076
v 17.817835 6.177579 8.765422
v 0.981447 6.630378 22.094004
v 17.98634 6.568382 8.477003
v 0.943912 7.086556 22.178938
v 0.924628 6.672692 21.923098
v 0.933914 6.82887 21.513645
v 0.955751 7.235417 21.769564
v 1.099625 6.890132 21.486109
v 0.97257 7.244455 21.785173
v 0.992238 6.786211 21.689116
v 0.955751 7.235417 21.769564
v 0.933914 6.82887 21.513645
v 0.964685 6.903189 21.139095
v 0.989284 7.302692 21.398457
v 1.133245 6.965484 21.111076
v 1.005262 7.311281 21.413263
v 1.02401 6.859842 21.317604
v 0.989284 7.302692 21.398457
v 0.964685 6.903189 21.139095
v 1.015532 7.066195 20.725958
v 1.035641 7.474448 20.974993
v 1.174119 7.124544 20.699623
v 1.05005 7.482213 20.988361
v 1.071351 7.025617 20.893902
v 1.035641 7.474448 20.974993
v 1.015532 7.066195 20.725958
v 1.089706 7.173631 20.297373
v 1.111888 7.581323 20.551132
v 1.294969 7.224254 20.347324
v 1.127626 7.589768 20.565701
v 17.611383 6.383173 4.728588
v 18.157642 6.056578 4.51226
v 14.24698 6.104778 0.32593
v 15.835886 6.384817 3.26192
v 14.752572 5.700984 0.04697
v 1.111888 7.581323 20.551132
v 1.089706 7.173631 20.297373
v 1.154226 7.665792 20.148163
v 1.119429 7.24133 19.885439
v 1.141747 7.65926 20.136555
v 1.278015 7.299974 19.859024
v 1.175247 7.200688 20.053303
v 1.141747 7.65926 20.136555
v 1.119429 7.24133 19.885439
v -14.249141 6.10484 0.324923
v -15.840047 6.385511 3.267765
v -13.374917 6.159842 0.014634
v 1.180106 7.364151 19.54859
v 1.202216 7.77129 19.796185
v 1.342967 7.42434 19.521534
v 1.217225 7.779335 19.810114
v 1.237422 7.322003 19.721018
v 1.202216 7.77129 19.796185
v 1.180106 7.364151 19.54859
v 1.228128 7.459931 19.135454
v 1.256185 7.87193 19.391535
v 1.423441 7.477886 19.263535
v 1.268665 7.878541 19.403143
v 1.256185 7.87193 19.391535
v 1.228128 7.459931 19.135454
v 1.22543 7.625162 18.719677
v 1.259988 8.031221 18.977119
v 1.386866 7.685264 18.692862
v 1.272467 8.037705 18.988646
v 1.28225 7.581975 18.890583
v -14.084078 5.622576 -1.080792
v -16.860918 5.879184 2.695121
v -16.326107 6.35667 2.958269
v 1.259988 8.031221 18.977119
v 1.22543 7.625162 18.719677
v 1.297291 8.131604 18.59096
v 1.255185 7.698721 18.307182
v 1.284819 8.12496 18.579433
v 1.328078 7.740771 18.247625
v 1.311508 7.655205 18.476568
v 1.284819 8.12496 18.579433
v 1.255185 7.698721 18.307182
v 1.344248 8.228865 18.191353
v 1.303495 7.819804 17.919903
v 1.331776 8.222141 18.179825
v 1.466356 7.881043 17.892767
v 1.36081 7.774512 18.092331
v 1.331776 8.222141 18.179825
v 1.303495 7.819804 17.919903
v 1.350612 8.334371 17.795588
v 1.311476 7.918387 17.525499
v 1.33814 8.328048 17.78406
v 1.47007 7.979064 17.499163
v 0.059391 16.876066 15.057356
v 0.688363 13.39311 14.959847
v 1.367294 7.870797 17.693443
v 1.33814 8.328048 17.78406
v 1.311476 7.918387 17.525499
v 1.360642 7.889938 17.015984
v 1.390861 8.343258 17.329298
v 1.525304 7.952937 16.988607
v 1.418598 7.840523 17.190252
v 1.404813 8.350382 17.342266
v 1.390861 8.343258 17.329298
v 1.360642 7.889938 17.015984
v 1.331536 8.033628 16.577953
v 1.366574 8.437078 16.833151
v 1.47412 8.076055 16.55426
v 1.358289 8.44004 16.852123
v 1.505572 8.042514 16.692104
v 1.366574 8.437078 16.833151
v 1.47412 8.076055 16.55426
v 0.124301 16.144728 16.996714
v 0.373615 14.592089 16.742073
v -0.000015 16.206606 17.045464
v 0.123807 15.326939 18.411346
v -0.10266 5.654205 25.560392
v -0.259711 5.658449 24.666878
v 0.077855 5.591678 25.575842
v 0.561183 11.948206 19.14035
v -0.000011 13.217545 21.634218
v 0.133954 13.139657 21.59067
v 0.253632 10.884576 23.838377
v -0.000008 11.250402 23.987909
v 0.043003 10.44438 25.2033
v 36.592979 3.503385 17.644739
v 36.480347 3.400497 17.645298
v 36.437843 3.445461 17.609837
v 36.458336 4.163353 17.672277
v 36.836731 4.511448 17.721588
v 36.764683 3.774104 17.730711
v 36.480347 3.400497 17.645298
v 36.446491 3.485469 17.753046
v 36.460178 4.141627 18.016329
v 36.472504 3.775993 17.935879
v 36.868271 4.13993 17.765373
v 36.267097 4.529356 17.534033
v 36.405022 4.421632 18.043549
v 36.273338 4.642569 17.980228
v 35.995651 4.564345 17.749126
v 36.550152 4.665216 17.315739
v 36.147423 4.711852 18.026657
v 36.737789 4.76884 17.593189
v 36.82608 4.887858 17.524107
v 35.996609 4.664016 17.255301
v 36.720898 5.10633 17.354322
v 35.925285 5.595649 16.840246
v 36.478748 5.445212 17.196625
v 36.198975 5.758565 17.08728
v 35.567463 5.426896 16.972889
v 35.926327 4.930043 17.942846
v -0.358485 7.903834 13.767973
v -0.000005 7.9201 13.7478
v -0.000005 8.117608 13.346513
v 35.708431 5.284174 17.71999
v 35.483494 5.636633 17.502735
v 34.921623 6.401227 17.000828
v 34.640175 6.436273 16.662859
v 34.385689 7.211989 15.303859
v -1.436706 8.496957 15.678518
v -1.071992 8.22559 15.486558
v -1.272188 8.509366 15.08727
v -1.239496 8.075332 17.312809
v -1.121487 8.054842 16.270964
v -1.606635 8.540504 15.853265
v 34.25425 7.591189 16.343225
v -0.290057 7.192636 16.44739
v -0.381076 7.345276 16.071798
v 7.304917 -2.153935 -24.344681
v 6.961537 -2.32869 -24.72756
v 6.902188 -2.359973 -24.737646
v -0.000003 7.320358 18.541887
v -0.000003 7.167076 16.482931
v -1.024058 7.609946 18.028368
v -0.000003 7.005245 20.74621
v -1.16974 7.742194 18.818781
v -0.769316 6.842591 21.32769
v -0.822405 6.621156 22.464714
v -0.48711 5.28487 26.553322
v -0 5.224817 26.366486
v 0.160727 4.486268 28.381332
v -0.061528 3.90408 29.602325
v -0.373365 4.22817 28.8834
v 0.000002 3.762801 29.433422
v -0.884892 5.15479 26.437571
v 0.000002 3.832127 28.244526
v -0.872444 4.839103 24.656387
v 0 4.524311 23.498629
v -1.463386 6.480422 21.354427
v -1.283811 5.680353 21.094584
v -0.641678 5.318635 20.424088
v -0.593725 5.541098 18.016758
v -0.900822 5.576985 17.316645
v -1.703463 6.296206 17.412624
v -0.851855 5.145832 13.426554
v -2.356275 5.924947 13.324733
v -1.619211 5.443928 13.417272
v -2.028896 6.449759 16.72196
v -2.987354 6.616079 13.079545
v 7.6968 -2.149644 -24.21228
v 7.473166 -2.560987 -24.039856
v 7.120532 -2.318726 -24.005192
v 6.902188 -2.359973 -24.737646
v 7.160484 -2.187973 -23.838528
v 7.488127 -2.098102 -23.441723
v 7.94597 -1.967628 -23.687796
v -2.634327 7.591076 15.7175
v -2.926884 8.123049 14.301504
v 7.797567 -2.130202 -23.490875
v -2.065855 8.626077 15.798993
v -2.01909 8.298753 16.291296
v -1.884047 8.574765 15.928032
v -2.126052 7.466812 16.684097
v -1.66371 7.478821 19.490635
v -1.898992 6.657118 17.157267
v -34.311245 9.03049 15.226299
v -31.986366 8.287553 14.007383
v -34.429562 8.818999 14.981667
v 7.562901 -1.636903 -23.964766
v 7.967584 -1.461475 -23.759439
v -8.158972 -0.223913 -24.541281
v -8.237261 -0.544296 -24.806808
v -8.405445 -0.297847 -24.739004
v 7.155697 -2.073629 -24.267994
v 7.120532 -2.318726 -24.005192
v -8.540648 -1.057583 -24.745413
v -8.544092 -0.679815 -24.881334
v 7.298097 -1.705507 -23.675627
v -8.889585 -1.911304 -24.509829
v -8.634386 -1.726199 -24.051865
v 7.298993 -2.007438 -23.661699
v -9.134295 -1.422081 -24.288488
v -9.159593 -1.820128 -24.48517
v -9.403584 -1.445384 -24.630699
v 7.298993 -2.007438 -23.661699
v -9.143742 -1.489291 -24.778551
v -8.984683 -1.318945 -24.51759
v -8.965071 -1.308002 -24.63022
v 1.978521 10.420949 15.471994
v 2.361413 11.923643 13.364133
v 2.109193 12.42043 14.592736
v 2.20458 12.558437 13.572265
v 1.888032 11.200471 15.913551
v 1.619354 11.53844 16.027863
v -8.048823 -1.101129 -24.653032
v -7.818881 -1.14732 -24.045298
v -8.283289 -1.455214 -24.558735
v 1.349939 10.9018 17.938643
v 1.596836 10.797338 16.965242
v 1.722594 10.453922 18.259962
v 1.27683 11.157958 18.540056
v -7.994678 -0.194919 -24.273676
v -7.798757 -0.127399 -24.061384
v -7.627683 -0.075686 -23.835806
v -7.449677 -0.004575 -23.65081
v -7.260007 0.117985 -23.4715
v -0.000012 13.707548 13.912158
v -0.69379 14.029347 13.379269
v -0.333298 13.67769 13.833549
v -0.299227 15.183985 12.885286
v -0.000014 15.190867 13.006001
v -0.745208 14.242124 12.059252
v -0.191465 16.372402 12.681323
v -0.000016 16.356951 12.782825
v -0.713302 14.728188 10.627647
v -0.098334 17.983957 12.876246
v -0.134025 19.65036 8.589678
v -0.000018 18.438801 12.304694
v -0.46727 16.681246 7.324919
v -0.00002 19.78084 8.626501
v -0.000021 20.263384 6.818606
v -0.178632 19.303116 4.032552
v -0.000022 20.767702 4.649385
v -0.114641 21.33638 2.440043
v 0.114595 21.33638 2.440043
v -0.045994 22.505991 -0.33609
v 1.510863 10.504674 18.25836
v 1.482317 10.564548 19.078869
v 1.542066 11.186534 19.034924
v 1.536575 11.586864 17.738844
v 1.497855 11.765614 18.303753
v 2.095545 12.871988 14.7265
v 0.984249 11.567088 19.762495
v 1.580722 13.65167 14.877716
v 0.666844 12.121434 18.709524
v 1.050098 11.1032 20.13056
v 0.564699 11.534265 20.764475
v 1.228936 10.685258 21.243488
v -0.000008 11.129931 22.267244
v -0.00001 12.031138 18.641882
v 0.303754 10.881453 23.855509
v 0.358476 7.903834 13.767973
v 1.436697 8.528896 15.678518
v 1.272179 8.517211 15.08727
v 1.071983 8.235755 15.486558
v 1.121478 8.056522 16.270964
v 0.290051 7.192636 16.44739
v 1.02405 7.615094 18.028368
v 0.76931 6.861146 21.32769
v 0.6584 5.94915 24.586025
v 1.043246 5.24527 23.134565
v 0.608991 5.23563 20.934242
v 1.08905 5.884519 24.453703
v 0.458481 4.407242 28.410547
v 0.617599 4.426234 26.767851
v 0.134255 3.943345 29.541328
v 8.884782 -0.690717 -25.229628
v 9.038959 -0.653248 -24.880852
v 9.150626 -0.741805 -25.071608
v 1.308498 8.800642 25.279264
v 1.359449 8.84387 24.738287
v 1.439619 8.887498 24.229094
v 1.550616 9.910058 21.605553
v 8.413291 -1.42104 -25.077454
v 8.50647 -1.036715 -24.767023
v 8.633827 -1.290111 -25.064323
v -21.758831 7.130487 9.205376
v -19.913372 7.125183 8.042417
v -20.666634 6.837124 8.062107
v 1.506508 8.952101 23.148344
v 9.107481 -1.788772 -24.517029
v 9.157191 -1.548407 -24.647028
v 8.936255 -1.644565 -23.917936
v 8.974278 -1.312654 -24.523912
v 9.091631 -1.457935 -24.810408
v 8.046664 -1.114263 -22.792038
v 8.841316 -1.882254 -24.539284
v 2.120592 9.436814 17.825211
v 7.848093 -0.995202 -24.485807
v 8.447871 -0.639861 -24.842186
v 8.243345 -1.431167 -24.583149
v 8.2347 -0.542718 -24.808405
v 8.158973 -0.22389 -24.541279
v 7.551958 -0.277163 -23.83156
v 7.994679 -0.194896 -24.273674
v 7.798767 -0.127377 -24.06138
v 7.627684 -0.075664 -23.835722
v 7.449686 -0.004554 -23.650808
v 7.023213 0.247388 -23.274574
v 7.260008 0.118006 -23.471416
v 1.740965 10.26052 19.201904
v 6.898376 -0.417468 -23.121443
v 2.160145 9.013273 17.312492
v 1.290374 8.918723 22.028532
v 1.612606 8.917692 17.764051
v 1.03103 9.039519 21.456097
v 1.439619 8.887498 24.229094
v 6.933118 0.268246 -21.629641
v 6.593677 0.256171 -20.119102
v 0.660139 9.198009 24.668964
v 0.642049 8.625649 26.770985
v 1.233619 8.709544 25.799906
v 1.233619 8.709544 25.799906
v 1.072592 8.603315 26.84247
v 0.946882 8.530309 27.384165
v 0.179292 1.862961 -18.037334
v 0.44773 1.86826 -17.708731
v 0.613989 1.817356 -17.334736
v 0.060455 8.033275 30.488647
v 0.000202 1.594601 -17.22187
v 0.000002 1.841036 -18.122507
v -19.208134 6.773851 8.901988
v -18.271873 6.766327 8.804089
v -19.078131 6.917517 8.491334
v -18.167889 6.196037 9.048078
v -17.818874 6.178227 8.774309
v -18.720953 6.22997 9.140855
v -18.721432 6.622237 9.073774
v -19.301632 6.171742 9.137813
v -19.495512 6.067757 9.179518
v -21.518524 7.088268 9.495955
v -21.340012 6.746489 9.774446
v -19.390966 7.12242 8.418089
v 0.06894 8.154631 30.025
v -19.848288 6.04572 9.252603
v -21.334488 6.276829 9.800942
v -22.725273 6.537885 10.591752
v -24.124619 6.753761 11.403693
v -25.651323 7.415089 12.016554
v -28.764051 8.132259 13.015173
v -25.601292 6.957717 12.128222
v -27.087732 7.162556 12.746764
v -28.547195 7.341801 13.365388
v -31.481014 8.153549 14.635453
v -31.645756 8.351672 14.372732
v -29.98897 7.52332 14.01731
v -31.438189 7.79459 14.71198
v -34.160275 9.054984 15.617502
v 0.295734 8.958973 27.848055
v -32.830967 8.096391 15.491982
v -33.402683 8.679071 15.753746
v -33.320797 8.184285 15.858449
v -34.509529 8.610789 16.1628
v -33.92717 8.056125 16.221636
v -0.000005 9.069442 27.85998
v -0.000007 10.103374 22.589762
v 18.167889 6.196078 9.048076
v 17.984737 5.6408 8.420807
v 18.267632 5.433767 8.567776
v 0.584393 9.9348 18.754347
v -0.000008 10.365549 18.200165
v 18.753853 5.456013 8.775344
v 18.721031 6.230019 9.140853
v 19.301632 6.171791 9.13781
v 19.180597 5.541153 8.615246
v 0.693766 14.029347 13.379269
v 0.333274 13.67769 13.833549
v 0.299199 15.183985 12.885286
v 0.745181 14.242124 12.059252
v 0.191434 16.372402 12.681323
v 0.713274 14.728188 10.627647
v 0.098298 17.983957 12.876246
v 0.467237 16.681246 7.324919
v 0.149463 19.111143 10.46828
v -0.000021 20.263384 6.818606
v 0.178593 19.303116 4.032552
v -0.000004 7.157225 5.114575
v -0.520197 7.083414 4.304097
v -0.492037 7.113782 5.191926
v -0.000004 7.534937 5.93598
v -1.497952 6.77772 4.581755
v -1.826852 6.446656 5.598937
v 0.564146 9.667045 14.589128
v -0.000007 10.042233 16.127199
v 1.599054 8.717414 15.924751
v -0.000007 9.93409 14.516203
v -0.000006 8.991988 13.820331
v 1.149367 8.774651 14.677258
v -1.014325 11.677824 8.56036
v -0.000009 10.761338 8.367839
v -0.833172 9.956679 8.345902
v -1.780431 10.851712 8.943874
v -0.00001 11.536057 8.300919
v 0.423511 9.242863 14.242111
v -0.000011 12.549247 7.437018
v -1.723228 12.089677 9.343805
v -0.717809 14.182261 6.134921
v -0.000018 18.026091 2.28345
v -1.037331 15.405899 5.76439
v -0.387316 18.993729 1.726307
v -0.48482 20.046864 1.271884
v -0.000022 20.597765 0.269782
v -0.110286 22.406969 -0.890673
v -0.112378 23.169844 -1.195908
v -0.000026 23.416956 -1.328477
v -0.000024 22.095333 0.347292
v -0.475044 18.854836 4.499712
v -0.000019 18.408878 5.505245
v -0.862615 17.35943 4.657438
v -0.719485 15.934859 9.026178
v -0.000016 16.647861 8.190063
v -1.263535 15.233947 8.423244
v -1.789925 13.330525 9.550898
v -0.830923 15.013483 10.706177
v -0.000013 14.602267 11.547176
v -2.303803 12.778177 11.59256
v -1.106318 14.573929 11.452958
v -0.000012 13.826422 13.559542
v -0.980232 13.728599 14.868349
v -1.881181 13.435857 14.829525
v -2.107393 12.973973 13.72316
v -0.000012 13.829863 14.085626
v -0.000011 12.918814 16.314684
v -1.580747 13.65167 14.877716
v -2.09557 12.871988 14.7265
v -2.10921 12.420429 14.592736
v -1.500057 11.673957 18.618668
v -0.666864 12.121434 18.709524
v -2.714129 11.839276 11.459675
v -2.500965 10.565051 10.044235
v -0.984266 11.567087 19.762495
v -0.564717 11.534265 20.764475
v -0.996137 11.277865 20.689789
v -1.109776 10.76699 20.999258
v -0.599748 10.356485 24.903275
v -0.949068 9.467933 26.372822
v -0.728552 9.102741 27.947716
v -0.456005 8.196978 29.381804
v -0.946891 8.530309 27.384165
v -0.642059 8.625649 26.770985
v -1.0726 8.603315 26.84247
v -1.308506 8.800642 25.279264
v -1.359458 8.84387 24.738287
v -1.762628 10.174545 19.838139
v -1.050115 11.1032 20.13056
v -1.542083 11.186534 19.034924
v -1.657891 11.849512 16.115276
v -1.304104 10.947666 18.973925
v -1.376845 11.010109 17.533995
v -1.482334 10.564548 19.078869
v -1.62997 10.548298 19.095119
v -1.51088 10.504674 18.25836
v -1.596853 10.797338 16.965242
v -1.783985 10.521806 17.761414
v -1.619371 11.538439 16.027863
v -1.888049 11.200471 15.913551
v -1.978537 10.420949 15.471994
v -2.183256 9.535038 16.27289
v 0.676738 8.872074 13.77206
v -2.384333 9.831627 14.261806
v -2.493656 10.278545 13.616125
v -2.570672 9.080361 14.701355
v -2.198233 9.110535 16.304668
v -2.160154 9.013273 17.312492
v -1.506517 8.952021 23.148344
v -1.496743 8.883576 23.678913
v -1.233628 8.709544 25.799906
v -1.233628 8.709544 25.799906
v -0.295744 8.958973 27.848055
v -0.66015 9.197928 24.668964
v -1.496743 8.883576 23.678913
v -1.290391 8.918723 22.028532
v -1.031039 9.039519 21.456097
v -0.658365 9.892457 17.67672
v -1.612615 8.917692 17.764051
v -1.143076 9.297607 17.733232
v -0.56416 9.667045 14.589128
v -1.558669 8.77769 16.118231
v -1.149376 8.780496 14.677259
v -0.423524 9.242863 14.242111
v -0.676749 8.872074 13.77206
v -0.000006 8.726386 13.072426
v -0.513104 8.810997 13.294562
v -0.59568 8.438686 13.278314
v 0.513092 8.810997 13.294562
v 0.88871 8.565005 13.763815
v 0.59567 8.438686 13.278314
v 1.884038 8.622795 15.928032
v 1.606626 8.579887 15.853265
v -1.436706 8.496957 15.678518
v -1.272188 8.509366 15.08727
v -1.606635 8.540504 15.853265
v -1.884047 8.574765 15.928032
v -1.871343 8.6962 16.060997
v 2.198225 9.138312 16.304668
v 2.180334 10.40526 14.878509
v 2.570655 9.113022 14.701355
v 2.403712 8.736308 14.627068
v -55.964573 11.004104 18.799143
v -49.456863 10.190162 18.4639
v 2.025774 3.972194 6.529475
v 1.675061 4.672215 8.680737
v 1.790918 2.97209 5.599993
v 0.96848 2.235337 5.729704
v 0.502635 1.975936 5.799075
v 2.16888 3.407367 5.556479
v 2.4731 3.859999 5.482514
v 2.575187 4.492159 5.299954
v 2.630661 5.277974 5.087329
v 2.24222 5.910394 6.903359
v 2.150283 6.859732 7.574504
v 2.500948 10.565052 10.044235
v 1.980626 12.958613 10.095313
v 2.714112 11.839276 11.459675
v 2.205037 10.716587 9.48597
v 1.723202 12.089678 9.343805
v 2.303778 12.778178 11.59256
v 1.643569 13.75078 11.998814
v 2.639073 12.447412 11.731125
v 1.881156 13.435857 14.829525
v 0.980206 13.728599 14.868349
v 1.106292 14.573929 11.452958
v 0.719454 15.934859 9.026178
v 1.263509 15.233947 8.423244
v 1.12921 14.678647 6.545104
v 1.120829 15.956799 6.236644
v 0.550017 18.24918 5.374484
v 0.497059 19.812796 2.545969
v 0.62645 18.452513 2.741374
v 0.214237 22.490944 -0.785795
v -3.057445 7.643638 11.816045
v -2.901309 9.24407 11.545882
v -2.536851 8.486166 9.618767
v 0.436284 18.154808 2.422184
v -2.782883 12.115368 11.873693
v 0.665591 14.940652 5.362052
v 1.014299 11.677904 8.56036
v 1.780414 10.851712 8.943874
v 0.833155 9.956679 8.345902
v 2.237729 6.042181 5.75263
v 2.415504 6.015999 4.916057
v 1.957188 6.454599 4.723955
v 1.497944 6.777728 4.581756
v 0.492028 7.113782 5.191926
v 1.028021 6.994014 4.449491
v 0.520188 7.083422 4.304097
v -0.000004 7.174638 4.279362
v -0.140444 7.978826 29.674543
v -0.297338 8.326818 29.580322
v -0.127523 8.359398 29.608341
v -0.156187 7.965922 29.688389
v -0.130922 8.340025 29.773966
v -7.488116 -2.098126 -23.441725
v -7.160474 -2.187997 -23.838531
v -7.298984 -2.007461 -23.661701
v -0.140444 7.978826 29.674543
v -0.127523 8.359398 29.608341
v -0.855034 8.455872 24.015759
v -0.926358 8.896305 23.829006
v -0.83992 8.913916 23.886242
v -0.873453 8.442503 24.033451
v -0.934331 8.892941 24.107977
v -7.298079 -1.70553 -23.675629
v -7.380178 -1.897306 -23.528257
v -7.298984 -2.007461 -23.661701
v -7.160474 -2.187997 -23.838531
v -0.855034 8.455872 24.015759
v -0.83992 8.913916 23.886242
v -7.120522 -2.318749 -24.005194
v -7.369876 -1.614289 -23.832285
v -7.155687 -2.073653 -24.267996
v -6.902178 -2.359997 -24.737728
v -7.562891 -1.636927 -23.964766
v -7.46439 -2.158433 -24.382387
v -6.961527 -2.328713 -24.727562
v -7.120522 -2.318749 -24.005194
v -6.902178 -2.359997 -24.737728
v -7.473147 -2.561011 -24.039858
v -7.598593 -2.428953 -24.219566
v -7.945952 -1.967653 -23.687798
v -1.017959 8.586921 21.007498
v -1.20489 9.015265 20.86261
v -1.006223 9.056651 20.891188
v -7.797556 -2.130226 -23.490877
v -1.043278 8.568588 21.031834
v -1.010194 9.054569 21.086269
v -34.677795 6.345002 16.329378
v -35.298817 6.209599 15.743576
v -34.385689 7.2119 15.303864
v -34.788265 7.404582 15.138324
v -1.017959 8.586921 21.007498
v -1.006223 9.056651 20.891188
v -0.739386 6.4229 24.256865
v -0.717205 6.018162 24.000383
v -0.926021 6.070026 24.051216
v -34.361359 6.09226 16.316727
v -34.772411 6.310186 16.823843
v -34.466064 5.886773 16.410547
v -34.327896 5.886199 15.678574
v -34.428116 6.355928 15.909117
v -0.756693 6.431738 24.272953
v -33.612572 5.000116 15.195955
v -34.228073 5.514198 16.106838
v -34.002415 5.202175 15.83523
v -33.769466 4.889951 15.569145
v -33.88266 5.395905 15.040421
v -34.699406 5.779724 15.521036
v -33.694221 4.688306 15.329957
v -0.776029 5.968595 24.177372
v -33.818779 5.009418 14.915702
v -33.729366 4.649427 15.18835
v -34.311565 5.254626 14.88296
v -33.596161 4.780709 14.619358
v -33.611691 4.517825 14.990868
v -33.444706 4.503945 14.758324
v -33.212162 4.557515 14.469584
v -33.055107 4.71679 14.207903
v -33.053104 4.782032 14.082464
v -33.077442 4.83632 14.121849
v -33.053104 4.782032 14.082464
v -33.190548 4.715982 14.084866
v -33.45023 4.546837 14.20374
v -33.763863 4.460495 14.403543
v -33.931728 4.74865 14.676833
v -34.039639 4.517923 14.651776
v -34.227833 4.682376 14.825085
v -34.391293 4.685963 14.821802
v -34.56356 4.886934 14.954204
v -34.746231 5.161448 15.253591
v -34.955002 5.924149 15.981642
v -35.115585 6.535199 16.051607
v -35.235497 6.271451 16.194334
v -34.649929 5.576038 15.460917
v -34.785698 6.205523 15.817861
v -34.463261 5.044878 15.364058
v -34.723019 5.358255 15.601086
v -35.256714 6.764574 15.831711
v -0.739386 6.4229 24.256865
v -34.021626 4.79522 14.757762
v -34.215904 4.729059 15.117905
v -0.717205 6.018162 24.000383
v -0.789872 6.55636 23.813629
v -0.769071 6.140031 23.556829
v -0.843907 6.183754 23.495752
v -34.108959 4.527575 14.895287
v -34.137936 4.512918 14.747035
v -35.025127 5.720753 15.019206
v -34.778652 5.740509 15.168658
v -34.511368 5.527457 14.842856
v -34.185966 4.81581 14.425718
v -34.036594 4.388594 14.572848
v -33.855042 4.316645 14.363997
v -33.762424 4.608883 14.040759
v -33.473366 4.407142 13.97944
v -33.67725 4.32361 14.169879
v -33.268681 4.615983 13.765708
v -33.260834 4.660635 13.685498
v -33.35273 4.653776 13.658842
v -33.638828 4.522334 13.72104
v -33.91412 4.41991 13.843916
v -34.164913 4.437201 14.01026
v -34.353989 4.488088 14.155469
v -34.539223 4.595658 14.336541
v -34.530582 4.913807 14.277465
v -34.677631 4.620337 14.321891
v -34.907776 4.838248 14.449891
v -35.100132 5.146774 14.759524
v -35.544888 6.057329 15.407686
v -35.277843 5.457398 15.082924
v -34.901772 6.40853 15.42842
v -35.301056 6.32415 15.288413
v -35.617973 6.774485 15.716277
v -0.80682 6.565373 23.829401
v -35.554813 6.219999 15.598363
v -35.617973 6.774485 15.716277
v -35.800568 6.631949 15.824745
v -35.298817 6.209599 15.743576
v -35.256714 6.764574 15.831711
v -35.53336 6.527508 15.517436
v -35.115585 6.535199 16.051607
v -34.677795 6.345002 16.329378
v -35.681374 6.64952 15.175144
v -35.53336 6.527508 15.517436
v -35.002476 7.470302 14.920508
v -35.394951 7.411217 14.843019
v -0.770826 6.107738 23.662092
v -35.980198 6.97734 15.048186
v -35.651756 7.152769 14.929474
v -35.296814 6.442601 15.546971
v -35.669285 6.89641 15.301382
v -0.789872 6.55636 23.813629
v -0.769071 6.140031 23.556829
v -35.163048 6.073845 15.246626
v -35.284088 6.683407 15.069158
v -35.316109 5.819983 15.347088
v -35.028728 5.539545 15.187309
v -35.669685 6.642023 14.812518
v -35.200672 6.205904 14.923706
v -35.459873 6.165774 14.705249
v -35.21524 5.928835 14.466223
v -34.576927 5.522686 14.856544
v -34.678513 5.729487 14.464062
v -34.982216 5.673822 14.239682
v -34.749916 5.253351 14.999911
v -34.553551 5.227184 14.554917
v -34.622475 5.090556 14.790262
v -34.817394 5.453221 14.156751
v -34.646328 5.035922 14.65842
v -34.658337 5.188833 14.149306
v -34.815952 5.324613 14.207101
v -34.205254 5.071946 13.934772
v -34.422829 5.101004 14.038596
v -34.573803 4.93674 14.541547
v -34.3708 4.862295 14.377605
v -33.925484 4.893411 14.092391
v -34.129208 4.849175 14.224873
v -33.973351 5.090197 13.873616
v -33.640427 5.123009 13.892588
v -33.704945 5.131895 13.86465
v -33.64595 5.044456 13.937574
v -0.561202 11.948206 19.14035
v -0.133976 13.139657 21.59067
v -0.123835 15.326939 18.411346
v -0.373641 14.592089 16.742073
v -0.000016 16.864618 15.041666
v -1.381728 7.995588 16.728926
v -1.366582 8.436997 16.833151
v -1.474129 8.074293 16.55426
v -1.358297 8.439878 16.852123
v -1.396489 8.062846 16.524879
v -1.366582 8.436997 16.833151
v -1.474129 8.074293 16.55426
v -1.390869 8.343257 17.329298
v -1.418607 7.840523 17.190252
v -1.360651 7.889931 17.015984
v -1.40483 8.350382 17.342266
v -1.525313 7.952929 16.988607
v -1.360651 7.889931 17.015984
v -1.390869 8.343257 17.329298
v -1.338149 8.328047 17.78406
v -1.367303 7.870797 17.693443
v -1.311484 7.918387 17.525499
v -1.350628 8.334371 17.795588
v -1.383721 7.961837 17.466503
v -1.338149 8.328047 17.78406
v -1.311484 7.918387 17.525499
v -1.331785 8.216617 18.179825
v -1.360819 7.768068 18.092331
v -1.303503 7.816939 17.919903
v -1.344257 8.222941 18.191353
v -1.466364 7.879249 17.892767
v -1.303503 7.816939 17.919903
v -1.331785 8.216617 18.179825
v -1.284828 8.116314 18.579432
v -1.450506 7.706341 18.435263
v -1.255193 7.691092 18.307182
v -1.297299 8.122718 18.59096
v -1.284828 8.116314 18.579432
v -1.255193 7.691092 18.307182
v -1.259996 8.020014 18.977119
v -1.282258 7.570472 18.890583
v -1.225439 7.615092 18.719677
v -1.272476 8.026578 18.988646
v -1.386875 7.6744 18.692862
v -1.225439 7.615092 18.719677
v -1.259996 8.020014 18.977119
v -1.256194 7.85808 19.391535
v -1.284451 7.403656 19.30484
v -1.228137 7.447186 19.135454
v -1.268674 7.864444 19.403143
v -1.388148 7.505383 19.108799
v -1.228137 7.447186 19.135454
v -1.256194 7.85808 19.391535
v -1.202217 7.755576 19.796185
v -1.23743 7.305057 19.721018
v -1.180107 7.349293 19.54859
v -1.217234 7.763237 19.810114
v -1.342976 7.408002 19.521534
v -1.180107 7.349293 19.54859
v -1.202217 7.755576 19.796185
v -1.141755 7.641753 20.136555
v -1.175248 7.182461 20.053303
v -1.119437 7.225136 19.885439
v -1.154235 7.648117 20.148163
v -1.191674 7.265224 19.826443
v -1.119437 7.225136 19.885439
v -1.141755 7.641753 20.136555
v -1.111897 7.562246 20.551132
v -1.147535 7.112464 20.471321
v -1.089715 7.155195 20.297373
v -1.127635 7.5707 20.565701
v -1.254001 7.21552 20.270077
v -1.111897 7.562246 20.551132
v -1.089715 7.155195 20.297373
v -1.035649 7.455171 20.974993
v -1.071352 7.006326 20.893902
v -1.015541 7.046975 20.725958
v -1.050058 7.462896 20.988361
v -1.087778 7.087464 20.667044
v -1.035649 7.455171 20.974993
v -1.015541 7.046975 20.725958
v -0.989293 7.283415 21.398457
v -1.024018 6.840862 21.317604
v -0.964693 6.884041 21.139093
v -1.005271 7.291989 21.413263
v -1.041469 6.926972 21.076414
v -0.989293 7.283415 21.398457
v -0.964693 6.884041 21.139093
v -0.95576 7.216526 21.769564
v -1.136184 6.82947 21.646366
v -0.933922 6.810083 21.513645
v -0.972578 7.225644 21.785173
v -0.95576 7.216526 21.769564
v -0.933922 6.810083 21.513645
v -0.943921 7.068713 22.178938
v -1.126338 6.704633 21.972088
v -0.924637 6.654826 21.923098
v -0.960619 7.077718 22.194468
v -0.943921 7.068713 22.178938
v -0.924637 6.654826 21.923098
v -0.916039 6.980825 22.578945
v -1.096887 6.630809 22.375059
v -0.896963 6.581419 22.326468
v -0.932137 6.989448 22.593914
v -0.896963 6.581419 22.326468
v -0.916039 6.980825 22.578945
v -1.049434 6.455524 22.81325
v -0.892 6.80851 23.014254
v -1.008817 6.46585 22.736721
v -0.883443 6.811536 23.033867
v -0.903271 6.361922 22.936205
v -0.892 6.80851 23.014254
v -1.008817 6.46585 22.736721
v -0.835005 6.700202 23.406416
v -1.007944 6.310193 23.282019
v -0.810894 6.29247 23.15274
v -0.847485 6.706871 23.418024
v -0.835005 6.700202 23.406416
v -0.810894 6.29247 23.15274
v 0.933017 9.048324 21.821764
v -35.953541 6.979406 15.100536
v -35.980198 6.97734 15.048186
v -35.669285 6.89641 15.301382
v -35.953541 6.979406 15.100536
v -35.617973 6.774485 15.716277
v -35.681374 6.64952 15.175144
v -9.849859 -0.512441 -24.553049
v -9.54303 -0.321572 -24.514627
v -9.633565 -0.32681 -24.679607
v -9.875715 -0.732012 -24.481405
v -9.729944 -0.415419 -24.191547
v -9.697525 -0.87062 -24.576824
v -35.235497 6.271451 16.194334
v -35.115585 6.535199 16.051607
v -35.005436 5.768701 15.866928
v -34.870468 5.41947 15.579791
v -34.810196 6.41221 16.323774
v -34.679394 6.429148 16.634127
v -34.810196 6.41221 16.323774
v -34.648815 6.476186 16.678236
v -34.810196 6.41221 16.323774
v -34.648815 6.476186 16.678236
v -34.217831 7.264477 15.723004
v -34.786823 6.589928 16.92927
v -34.169239 7.377193 16.080507
v -34.609432 7.089303 16.709215
v -34.254169 7.591102 16.343229
v -34.508331 7.47422 16.555599
v -34.469345 7.774854 16.466824
v -7.391488 -1.589964 -23.334137
v -7.391065 -1.33186 -23.16395
v -7.399566 -1.016976 -23.585571
v -7.326921 -1.11527 -23.326532
v -7.615437 -1.083041 -23.830282
v -7.789623 -1.300295 -23.884478
v -7.969566 -1.4627 -23.75824
v -8.09093 -1.528902 -23.606707
v -7.973625 -1.632383 -23.153948
v -8.134076 -1.555615 -23.403061
v -7.636865 -1.517832 -23.037714
v -7.380178 -1.897306 -23.528257
v -7.391488 -1.589964 -23.334137
v -7.391065 -1.33186 -23.16395
v -2.356531 10.969053 13.714509
v -2.599802 12.374566 12.359434
v -8.31715 -0.061851 -21.912214
v -8.281288 -0.0489 -22.137636
v 1.831061 6.704702 6.476272
v -0.000005 8.577587 7.32898
v 1.044238 7.721907 6.907806
v -8.319313 -0.049644 -21.32233
v 2.234343 7.432468 8.345335
v 1.309386 9.056762 8.161705
v 2.28399 9.029382 9.326427
v -8.32972 -0.053802 -20.618454
v -0.000007 9.997425 8.151623
v -8.587958 -0.078877 -18.252668
v -8.667448 -0.504488 -15.441488
v -8.667208 -0.084461 -17.356432
v -8.779838 -0.076018 -16.429701
v -8.341966 -0.892208 -15.528423
v -8.753261 0.004764 -15.486954
v -8.350771 -0.341507 -14.678776
v -8.41353 0.215698 -14.714237
v -8.073078 -0.700001 -14.778358
v -13.846251 5.209424 -1.461292
v -13.477383 5.1544 -1.715698
v -12.580028 4.147855 -1.029347
v -13.35795 4.692546 -1.492817
v -12.500616 4.750502 -1.60495
v -13.969607 4.620051 -0.64881
v 3.216247 4.537072 -10.547968
v 3.499431 3.920841 -9.685275
v 4.6719 3.009128 -11.193332
v -2.744067 10.3939 11.540281
v -2.284007 9.029382 9.326427
v 4.097584 4.002578 -9.108277
v -1.044255 7.721898 6.907806
v -2.234351 7.43246 8.345335
v -1.841989 7.18422 7.346765
v -2.23773 6.042173 5.75263
v -2.24222 5.910386 6.903359
v -2.292612 6.989121 8.594929
v -2.311624 6.561774 9.845942
v -3.067484 7.090312 12.064518
v -61.577728 10.848486 19.832102
v -61.566845 11.117291 20.345858
v -48.209057 9.515102 19.246864
v -47.65583 9.369731 19.285208
v -35.715157 7.969856 16.379494
v -36.206577 8.086622 16.534468
v -35.497982 7.611097 16.169521
v -35.82658 7.804243 15.247591
v -34.509529 8.610789 16.1628
v -35.24062 8.056765 16.370607
v -34.263458 7.958407 16.27919
v -34.792347 7.62858 16.546875
v -34.469345 7.774854 16.466824
v -34.508331 7.47422 16.555599
v -34.254169 7.591102 16.343229
v -34.169239 7.377193 16.080507
v -33.92717 8.056125 16.221636
v -34.217831 7.264477 15.723004
v -34.385689 7.2119 15.303864
v -34.116806 7.849664 14.741598
v -34.788265 7.404582 15.138324
v -35.002476 7.470302 14.920508
v -35.165134 7.778453 14.836136
v -35.459873 6.165774 14.705249
v -35.669685 6.642023 14.812518
v -35.953541 6.979406 15.100536
v -20.106525 5.217986 7.722173
v -22.110809 5.750699 8.157924
v -36.206261 7.120835 16.009501
v -47.223724 10.205689 18.838213
v -36.12405 7.509716 15.697789
v -36.108757 6.558127 15.966592
v -35.949539 7.025374 16.501566
v -34.723019 5.358255 15.601086
v -34.955002 5.924149 15.981642
v -4.065415 5.373371 4.209544
v -3.663493 4.243111 4.554507
v -3.439674 5.305112 4.373022
v -7.568517 3.566642 1.75092
v -10.350487 3.973775 1.026343
v -11.369438 4.245674 0.071916
v -2.927101 9.281369 12.632794
v -9.717458 0.289356 -24.568737
v -9.500844 -0.208834 -24.899902
v -9.9793 -0.333229 -25.238434
v -10.006757 -0.234882 -25.187443
v 47.809368 9.270956 18.252321
v 2.44003 7.513228 9.344354
v 3.057437 7.621449 11.818286
v 2.311615 6.561774 9.845942
v 47.745968 9.382301 19.328671
v 1.82842 5.196105 9.547033
v 2.064078 5.655404 10.389799
v -2.671293 0.760968 -9.122134
v -3.082412 1.211808 -8.936178
v -3.457244 1.079144 -9.609633
v -1.670177 0.327752 -10.787726
v -1.444526 0.624783 -11.869035
v -0.982352 0.341677 -10.855769
v 1.220764 5.026902 10.86577
v -0.93068 1.223667 -13.348511
v -0.00001 0.139225 -11.035641
v -0.735093 1.787152 -17.018623
v -1.401403 1.386151 -13.200417
v 36.041355 7.615276 15.675771
v 35.893429 6.054565 16.883234
v -3.249732 7.796084 12.203167
v -3.09695 8.514174 13.138066
v -0.447727 1.868252 -17.708731
v -0.179289 1.862961 -18.037334
v 2.984896 6.64205 12.39408
v 2.766265 6.288037 12.808496
v 2.634039 5.979816 12.367983
v -0.313511 1.882061 -17.885559
v 1.61921 5.443936 13.417272
v -1.732209 1.44025 -17.391977
v -1.155892 1.652085 -17.483709
v 35.209961 6.020343 17.2465
v 34.921623 6.401227 17.000828
v 34.779301 6.636972 16.927746
v 34.609436 7.089381 16.709209
v 34.508492 7.474323 16.555676
v 34.805634 7.6305 16.553354
v 35.202202 7.662353 16.407585
v 2.801278 10.06714 11.667559
v 35.982277 7.82584 15.322753
v 35.964512 7.68536 15.895588
v 36.261494 6.696759 15.142318
v -3.16195 7.941309 12.641598
v -6.915203 -0.989423 -17.829288
v -6.332682 -0.309089 -17.935593
v -6.912489 0.267488 -20.814173
v -3.254751 7.845761 12.468688
v -6.753533 -0.024627 -22.931005
v -6.897142 0.286528 -22.27652
v -6.873687 0.323909 -22.923717
v -6.898368 -0.417512 -23.121445
v 36.261494 6.696759 15.142318
v -7.475997 -0.84643 -23.683231
v -7.326921 -1.11527 -23.326532
v -7.640995 -1.133218 -22.753136
v -7.391065 -1.33186 -23.16395
v 0.851855 5.145832 13.426554
v -7.636865 -1.517832 -23.037714
v -3.016244 8.305965 13.164721
v -6.892132 -0.839054 -16.148489
v 9.316249 -1.532771 -25.680307
v -7.39819 -1.057798 -15.958769
v -7.8806 -1.070214 -15.726868
v -6.177097 -0.503293 -13.390139
v 9.57609 -1.048178 -24.655109
v 9.372046 -0.839104 -24.800562
v 9.449052 -0.90055 -25.143812
v 9.94632 -0.31257 -25.260286
v 9.845939 -0.713332 -24.501179
v 9.824564 -0.49657 -24.569859
v 9.804632 -0.309551 -25.015896
v 9.618997 -0.317669 -24.689213
v 9.998672 -0.22981 -25.192804
v 9.804632 -0.309551 -25.015896
v 9.94632 -0.31257 -25.260286
v 3.140632 8.073261 13.346273
v 3.25086 7.8083 12.51472
v 3.233346 7.855024 12.591967
v -2.446426 0.490284 -12.595084
v -3.960844 0.452297 -14.646915
v 9.717458 0.289384 -24.568737
v 2.984896 6.64205 12.39408
v 3.254743 7.842729 12.469972
v 3.096941 8.582295 13.137186
v 3.161942 7.980709 12.640396
v 2.868624 8.5598 13.558886
v 2.594046 8.674032 14.041745
v 2.766265 6.288037 12.808496
v -1.426626 1.045619 -12.839314
v -3.605055 0.094982 -12.697709
v 2.265226 8.733665 15.29372
v 2.065847 8.676588 15.798993
v -3.695671 0.348156 -10.740017
v 2.856953 9.358138 12.844607
v -2.594055 8.606069 14.043025
v -2.86864 8.482793 13.560565
v -2.403728 8.696043 14.627068
v -2.265235 8.701084 15.293718
v -2.065855 8.626077 15.798993
v -1.109511 8.381768 14.785244
v -0.923188 8.308044 14.339929
v 1.436697 8.528896 15.678518
v 1.272179 8.517211 15.08727
v 1.109503 8.382488 14.785244
v 0.923179 8.308044 14.339929
v 0.759485 8.204941 13.925992
v -0.759495 8.204941 13.925992
v 0.530105 8.077904 13.458021
v -0.000005 8.117608 13.346513
v -0.530115 8.077903 13.458021
v -1.582588 9.887916 8.642486
v -1.309395 9.056762 8.161706
v -1.831062 6.704702 6.476272
v -2.415512 6.015991 4.916057
v -42.513363 9.173058 15.44131
v 2.868624 8.5598 13.558886
v 2.265226 8.733665 15.29372
v 9.039999 -1.331825 -24.920477
v 2.403712 8.736308 14.627068
v 2.594046 8.674032 14.041745
v 9.165998 -1.706984 -25.31176
v 3.016235 8.380491 13.163361
v 3.161942 7.980709 12.640396
v -12.489011 4.117939 -0.355887
v -13.18344 4.766107 0.34301
v -12.32643 4.609034 0.323015
v -34.96085 8.529778 16.257816
v -13.640444 4.505011 -0.216028
v -15.539863 4.879459 3.204763
v 7.487204 -0.798134 -22.449425
v -8.229254 3.915405 0.380291
v -10.520034 4.311347 -0.448999
v 6.529091 -0.740431 -17.906935
v 6.914697 -0.989844 -17.829445
v -9.868911 -0.340587 -24.520948
v -9.54303 -0.321572 -24.514627
v -9.922705 0.097644 -24.451223
v 0.982296 0.341706 -10.855687
v 1.401252 1.386127 -13.200336
v 1.444367 0.624792 -11.868956
v 0.000005 -0.025685 -10.101542
v -9.539027 0.415291 -24.693375
v -9.500844 -0.208834 -24.899902
v 7.880104 -1.071228 -15.727106
v 8.341565 -0.893366 -15.528664
v 8.072679 -0.701233 -14.778599
v -9.087948 -0.683437 -24.849234
v -9.266539 -0.673795 -25.023903
v 0.313514 1.882061 -17.885559
v 0.502114 1.94261 -17.709129
v 6.176769 -0.504227 -13.390459
v 7.397693 -1.058643 -15.959009
v 1.155852 1.651973 -17.48387
v 1.73213 1.440058 -17.392136
v -8.443388 -0.138075 -22.469521
v -8.281288 -0.0489 -22.137636
v 2.347054 1.209051 -17.356831
v 3.072464 0.71404 -16.661366
v -6.873687 0.323909 -22.923717
v -6.897142 0.286528 -22.27652
v -18.228249 6.804663 8.529918
v -18.658833 6.436813 7.820614
v -18.035568 6.524531 8.006955
v -7.760911 0.629778 -20.700504
v 6.912457 0.267444 -20.814093
v 6.753551 -0.024521 -22.931004
v -8.31715 -0.061851 -21.912214
v -8.504148 -0.073569 -19.104237
v 7.326922 -1.115246 -23.32653
v -18.910669 6.762167 8.01728
v -8.587958 -0.078877 -18.252668
v 7.636875 -1.517807 -23.037714
v 7.97221 -1.631501 -23.154747
v -7.417986 0.919531 -18.999529
v 8.130636 -1.553508 -23.405138
v -8.667208 -0.084461 -17.356432
v 7.967584 -1.461475 -23.759439
v 8.08885 -1.527644 -23.607904
v -7.827543 0.955391 -18.207598
v -18.904583 6.859628 7.513713
v 7.613692 -1.08196 -23.831324
v 8.566186 -1.795064 -24.720114
v 7.788265 -1.299454 -23.885279
v 7.399368 -1.016824 -23.585733
v -8.584436 0.513177 -15.555957
v -8.779838 -0.076018 -16.429701
v 6.897192 0.286626 -22.276516
v 6.873737 0.324005 -22.923716
v -8.753261 0.004764 -15.486954
v 9.001015 -1.400227 -24.874687
v 9.039999 -1.331825 -24.920477
v 9.039999 -1.331825 -24.920477
v 9.176484 -1.385491 -24.778231
v 8.974278 -1.312654 -24.523912
v 8.378309 -1.686036 -24.884056
v -8.182428 0.87917 -15.726222
v -8.41353 0.215698 -14.714237
v 8.611494 -1.105573 -24.789118
v 8.834271 -1.309035 -24.93969
v 8.834271 -1.309035 -24.93969
v 8.611494 -1.105573 -24.789118
v 8.856445 -1.248285 -24.966345
v 8.659443 -1.107462 -25.120764
v 8.679936 -0.82391 -25.280701
v 8.628224 -0.396254 -24.791277
v 8.787283 -0.480307 -24.872847
v 9.214746 -0.641695 -25.0576
v -0.000004 7.255484 16.182507
v 0.455821 7.452903 15.873676
v 1.109503 8.382488 14.785244
v 0.683257 8.362956 14.967676
v 0.574904 8.161713 14.544614
v 0.923179 8.308044 14.339929
v 0.45281 7.991976 14.146289
v 0.759485 8.204941 13.925992
v 0.530105 8.077904 13.458021
v -0.000001 5.954585 24.719793
v 0.398084 5.910382 24.259747
v 0.441504 5.987897 23.162748
v -0.000001 5.64084 24.133589
v 6.891684 -0.839763 -16.148726
v -13.379562 5.926422 -1.62905
v -13.477383 5.1544 -1.715698
v -13.846251 5.209424 -1.461292
v 2.446155 0.490187 -12.595005
v 1.42646 1.045603 -12.839234
v 3.079795 0.706745 -14.068635
v 3.604737 0.094673 -12.697709
v -25.325031 6.25369 -6.582859
v 0.630015 7.741584 19.996311
v 0.913918 7.59419 19.417952
v -25.747292 6.602112 -5.313272
v 1.67005 0.327779 -10.787645
v 3.695601 0.348094 -10.741538
v -25.517557 6.933268 -1.147484
v -0.000002 6.368434 21.06929
v 0.693467 7.139884 19.741831
v 2.671222 0.760991 -9.122055
v 3.457205 1.079153 -9.611236
v 0.529319 7.584864 15.690682
v 1.121478 8.056522 16.270964
v 0.64661 7.911178 15.878882
v 0.529319 7.584864 15.690682
v 0.64661 7.911178 15.878882
v 0.580471 7.705266 16.093094
v 3.619401 2.309601 -8.868134
v 3.082293 1.211626 -8.93826
v 0.455821 7.452903 15.873676
v 9.679995 -0.818538 -25.39381
v 9.679995 -0.818538 -25.39381
v -76.605766 13.116449 19.67688
v -75.00901 12.902958 19.888533
v 0.47462 7.528852 16.328039
v 1.034856 7.978809 17.473629
v -73.402893 12.665849 20.148533
v -72.867683 12.542335 20.276375
v -87.285248 14.503714 17.735115
v -87.054703 14.459766 17.885368
v -87.062706 14.632272 17.860952
v -87.322868 14.584804 17.577978
v -87.290047 14.527968 17.672678
v -87.309258 14.613221 17.474714
v -87.25563 14.567113 17.434847
v -87.258835 14.558547 17.496326
v -87.252419 14.737221 17.58342
v 9.824564 -0.49657 -24.569859
v 9.537267 -0.317912 -24.518463
v 0.957128 8.286264 16.935856
v 9.845939 -0.713332 -24.501179
v 9.535186 -1.010155 -24.23061
v 9.666066 -0.850896 -24.597715
v 9.331059 -0.816754 -24.677366
v 9.383891 -0.78337 -24.824657
v 1.041316 8.167472 16.329718
v -0.000005 8.524012 16.769594
v -0.000005 8.612792 14.986011
v 9.331059 -0.816754 -24.677366
v 9.372046 -0.839104 -24.800562
v 9.57609 -1.048178 -24.655109
v 0.574904 8.161713 14.544614
v 0.683257 8.362956 14.967676
v 0.45281 7.991976 14.146289
v 0.358476 7.903834 13.767973
v -0.000005 7.9201 13.7478
v -7.615437 -1.083041 -23.830282
v 8.443388 -0.138083 -22.469439
v 8.281288 -0.048976 -22.137552
v 8.317071 -0.061967 -21.912212
v 8.319231 -0.049884 -21.322248
v -9.606669 -1.066861 -24.635584
v -9.406546 -0.860349 -24.778309
v 8.587717 -0.079636 -18.252586
v 8.667047 -0.505735 -15.441567
v 8.666966 -0.085387 -17.356432
v 8.779596 -0.077133 -16.429779
v 8.75302 0.003495 -15.487036
v 8.350451 -0.342822 -14.678935
v 8.41321 0.213882 -14.719602
v 13.963123 5.067068 -1.301891
v 13.474339 5.155419 -1.703331
v 13.845448 5.209051 -1.462254
v 12.55145 4.146409 -1.020543
v 12.400394 4.745037 -1.569248
v 13.360429 4.693701 -1.482171
v 2.330915 11.244745 13.510545
v 2.386397 10.307684 13.413601
v -9.209303 -1.579763 -24.61517
v 7.391499 -1.589939 -23.334137
v 7.380196 -1.897282 -23.528257
v 7.636875 -1.517807 -23.037714
v 7.97221 -1.631501 -23.154747
v -8.984683 -1.318945 -24.51759
v 8.130636 -1.553508 -23.405138
v -9.59282 -1.320331 -24.548168
v 8.08885 -1.527644 -23.607904
v 7.788265 -1.299454 -23.885279
v 7.613692 -1.08196 -23.831324
v 7.326922 -1.115246 -23.32653
v 7.399368 -1.016824 -23.585733
v 7.391499 -1.589939 -23.334137
v 7.380196 -1.897282 -23.528257
v 7.160484 -2.187973 -23.838528
v -8.617816 -1.826171 -24.688574
v -8.430421 -1.717383 -24.852196
v -8.465403 -1.452395 -25.045597
v 25.578314 5.450313 -0.455055
v 25.223215 5.94841 -2.299715
v -8.883501 -1.338637 -24.909592
v -8.919443 -1.286693 -24.926401
v -8.746858 -0.864838 -25.237957
v -8.725723 -1.148006 -25.078495
v -8.954185 -0.733146 -25.185364
v -9.213786 -0.780548 -25.031109
v -9.266539 -0.673795 -25.023903
v -9.087948 -0.683437 -24.849234
v -2.86864 8.482793 13.560565
v -2.265235 8.701084 15.293718
v -2.403728 8.696043 14.627068
v -2.594055 8.606069 14.043025
v -3.219433 7.407586 12.822587
v -3.016244 8.305965 13.164721
v -3.068188 8.144666 12.878143
v -3.16195 7.941309 12.641598
v -3.233354 7.837381 12.591967
v 20.666555 6.837158 8.061944
v 23.906002 6.506031 5.38944
v -2.984896 6.651238 12.393118
v -3.249732 7.796084 12.203167
v -3.067484 7.090312 12.064518
v -2.766265 6.291199 12.808176
v 34.508492 7.474323 16.555676
v 34.47559 7.775806 16.469862
v 34.609436 7.089381 16.709209
v 34.779301 6.636972 16.927746
v 34.169319 7.377281 16.080582
v 34.217911 7.264572 15.723001
v -0.455829 7.452903 15.873676
v -0.529326 7.584864 15.690682
v 34.651859 7.314821 15.022406
v 15.550586 4.884327 3.256114
v -0.683267 8.362956 14.967676
v -1.109511 8.381768 14.785244
v -0.574914 8.161713 14.544614
v 35.209961 6.020343 17.2465
v 35.204281 5.660305 16.660696
v -0.923188 8.308044 14.339929
v -0.45282 7.991968 14.146289
v -0.759495 8.204941 13.925992
v -0.530115 8.077903 13.458021
v -1.121487 8.054842 16.270964
v -0.529326 7.584864 15.690682
v -0.646618 7.911178 15.878882
v -1.041325 8.166512 16.329718
v -0.529326 7.584864 15.690682
v -0.58048 7.705267 16.093094
v -0.646618 7.911178 15.878882
v 12.469398 4.116981 -0.349398
v 35.649837 6.396721 16.606344
v 35.893429 6.054565 16.883234
v 12.01856 4.379735 0.230459
v -0.000003 6.935045 19.642328
v -0.693474 7.12991 19.741831
v -0.821541 7.823379 16.384716
v -0.886589 7.447898 19.879757
v 11.351665 4.244907 0.078603
v 9.042156 4.042718 -0.101275
v 10.438221 4.312366 -0.514448
v 7.568494 3.566675 1.750911
v 10.346806 3.973633 1.027735
v 7.280571 3.673103 0.691652
v -25.219532 5.947692 -2.304819
v 6.121447 1.316763 -12.143524
v -0.476038 6.118852 22.661959
v -0.398087 5.910382 24.259747
v 11.530499 4.661411 0.652442
v 10.460396 4.240621 1.376519
v -0.684247 7.874732 19.513453
v -0.000004 7.644651 20.446592
v 34.169319 7.377281 16.080582
v 34.25425 7.591189 16.343225
v 34.266823 7.958954 16.280787
v 34.47559 7.775806 16.469862
v 34.217911 7.264572 15.723001
v 34.385689 7.211989 15.303859
v 34.805634 7.6305 16.553354
v 34.508492 7.474323 16.555676
v -1.041325 8.166512 16.329718
v -0.957145 8.286263 16.935856
v 35.372784 8.075097 16.434401
v 34.532906 8.614151 16.174162
v 35.035618 8.540185 16.293915
v 35.529118 8.546909 16.433281
v 36.004616 8.009938 16.519415
v -0.574914 8.161713 14.544614
v -0.45282 7.991968 14.146289
v -0.358485 7.903834 13.767973
v 35.895988 7.950144 15.093572
v 35.982277 7.82584 15.322753
v 34.651859 7.314821 15.022406
v 35.176662 7.780134 14.841735
v 33.955906 7.396976 12.148229
v -25.958149 6.744041 1.475315
v -24.826088 6.667579 0.892563
v -23.906002 6.505965 5.389443
v -21.540058 6.463161 6.09368
v -21.944788 7.022308 9.065448
v -21.390442 6.55742 5.898415
v -21.955034 6.297607 4.21085
v -6.155171 0.504471 -18.976637
v -6.593757 0.256273 -20.119026
v -7.429401 1.06219 -16.769028
v -7.190284 1.104142 -16.281605
v -6.83689 1.600943 -15.09847
v 88.562843 14.742668 17.313568
v 88.722939 14.678467 17.800829
v 87.6791 14.58129 17.242405
v -13.227947 6.311763 -1.214569
v 88.768578 14.754436 17.337584
v 88.924667 14.776849 17.411949
v 88.921455 14.785415 17.350552
v 88.956688 14.74643 17.588299
v 88.988708 14.803185 17.493599
v 88.951881 14.722254 17.650656
v 12.09973 6.287908 -0.101315
v 13.371798 6.159677 0.015403
v 13.227547 6.311766 -1.214633
v 12.627336 6.335525 -1.175513
v 14.086958 5.622811 -1.080481
v 87.844795 14.579367 18.033615
v 86.281425 14.381001 18.375507
v -35.235497 6.271451 16.194334
v -35.005436 5.768701 15.866928
v 20.004868 6.915479 7.60559
v 17.209616 6.387222 5.014188
v -35.271442 6.181755 16.838093
v 19.370634 7.118891 8.38983
v -34.466064 5.886773 16.410547
v -35.020809 6.730727 17.021088
v -34.975018 6.209044 16.925587
v -34.772411 6.310186 16.823843
v -35.088844 7.343603 16.793667
v -34.786823 6.589928 16.92927
v -34.609432 7.089303 16.709215
v -14.122904 5.913792 4.981618
v -16.984356 6.000825 7.039347
v -14.098008 5.734751 5.928988
v -34.508331 7.47422 16.555599
v -16.49309 6.183575 4.619153
v -34.792347 7.62858 16.546875
v -35.497982 7.611097 16.169521
v -35.138962 7.653532 16.37701
v -17.906767 6.509574 5.980219
v -35.734447 7.653485 15.784484
v -35.82658 7.804243 15.247591
v -35.980198 6.97734 15.048186
v -35.953541 6.979406 15.100536
v -36.228031 7.111575 15.15129
v 75.859055 13.02568 19.898212
v 73.833008 12.561471 19.773815
v 77.449806 13.236929 19.680157
v 74.133514 12.771521 20.157736
v 73.43972 12.625109 20.283653
v 72.604401 12.263127 19.820885
v 72.758186 12.537214 20.297741
v 18.319902 6.377362 7.350954
v 19.071808 6.916445 8.482528
v 18.044535 6.328507 7.776849
v 18.228487 6.804745 8.530236
v 9.998672 -0.22981 -25.192804
v 9.505966 -0.148443 -24.882292
v 9.505966 -0.148443 -24.882292
v 34.266823 7.958954 16.280787
v 34.532906 8.614151 16.174162
v 35.035618 8.540185 16.293915
v 9.088348 -0.52024 -25.139009
v 9.214746 -0.641695 -25.0576
v -87.290047 14.527968 17.672678
v -87.258835 14.558547 17.496326
v -87.101936 14.535974 17.422043
v -87.054703 14.459766 17.885368
v -87.285248 14.503714 17.735115
v -9.9793 -0.333229 -25.238434
v -9.852902 -0.853358 -25.616034
v -9.727944 -0.84834 -25.362352
v -73.31324 12.4863 19.767258
v -73.402893 12.665849 20.148533
v -75.00901 12.902958 19.888533
v -72.867683 12.542335 20.276375
v -9.849859 -0.512441 -24.553049
v 35.372784 8.075097 16.434401
v -9.832008 -0.326711 -24.997726
v 61.577736 10.848649 19.832096
v -10.006757 -0.234882 -25.187443
v 61.566845 11.117455 20.345854
v 9.868912 -0.340558 -24.520948
v 9.537267 -0.317912 -24.518463
v 9.644612 -0.302339 -24.685051
v 10.011559 -0.162953 -24.401033
v 9.922705 0.097673 -24.451221
v 47.023201 9.356126 19.238453
v 9.717458 0.289384 -24.568737
v 9.539027 0.41532 -24.693295
v 9.336742 0.292452 -24.901262
v 47.142315 10.213778 18.919538
v 47.281361 9.325867 19.300732
v 47.745968 9.382301 19.328671
v 48.23595 9.518946 19.259827
v 8.834271 -1.309035 -24.93969
v 61.018353 11.083674 20.286137
v 61.566845 11.117455 20.345854
v 24.893013 6.589793 3.556576
v 27.770792 7.036763 -2.687018
v 21.540058 6.46322 6.093677
v 8.281288 -0.048976 -22.137552
v 8.317071 -0.061967 -21.912212
v 73.43972 12.625109 20.283653
v 72.758186 12.537214 20.297741
v 74.133514 12.771521 20.157736
v 75.859055 13.02568 19.898212
v 24.826088 6.667655 0.892567
v 21.390444 6.55747 5.898412
v 8.503906 -0.074181 -19.104155
v 8.587717 -0.079636 -18.252586
v 8.666966 -0.085387 -17.356432
v 8.779596 -0.077133 -16.429779
v 74.315865 13.424966 19.805277
v 8.75302 0.003495 -15.487036
v 8.41321 0.213882 -14.719602
v 8.182427 0.878043 -15.726301
v 7.783715 1.047745 -14.345366
v 7.190357 1.103344 -16.281685
v -72.422203 13.366846 19.480923
v -73.457962 13.300964 19.794714
v 7.844698 0.975355 -17.41927
v -72.38562 13.365964 19.957695
v -72.318863 12.473573 20.292223
v -9.406546 -0.860349 -24.778309
v 86.281425 14.381001 18.375507
v 86.328659 14.587931 18.375908
v 84.615601 14.168548 18.660963
v 87.844795 14.579367 18.033615
v -9.606669 -1.066861 -24.635584
v 88.730141 14.850814 17.776415
v 82.82489 14.312558 18.714838
v 88.722939 14.678467 17.800829
v -9.239803 -1.480941 -25.098671
v 88.988708 14.803185 17.493599
v 88.951881 14.722254 17.650656
v 88.956688 14.74643 17.588299
v -61.566845 11.117291 20.345858
v -9.105958 -1.372034 -24.878691
v -9.362038 -1.559861 -25.361794
v -61.018349 11.083511 20.286142
v 0.000552 3.681451 -16.145758
v 88.91906 14.955679 17.499044
v 88.975899 14.831523 17.390335
v 88.924667 14.776849 17.411949
v 88.921455 14.785415 17.350552
v 88.921455 14.785415 17.350552
v 88.562843 14.742668 17.313568
v 88.768578 14.754436 17.337584
v -0.743694 2.224743 -17.307039
v -0.447727 1.868252 -17.708731
v -1.155892 1.652085 -17.483709
v -0.775736 1.81437 -17.601625
v -1.732209 1.44025 -17.391977
v 6.897192 0.286626 -22.276516
v -2.347174 1.209322 -17.356592
v 6.873737 0.324005 -22.923716
v 7.023213 0.247388 -23.274574
v 86.392693 14.405418 17.151068
v -8.617816 -1.826171 -24.688574
v 6.593677 0.256171 -20.119102
v 6.132438 0.291168 -19.369598
v 6.155077 0.504215 -18.976795
v -2.025774 3.972186 6.529475
v -2.68395 5.128694 -10.217842
v -1.121511 5.763417 -11.427229
v -2.543175 4.956862 -11.401455
v -47.65583 9.369731 19.285208
v -2.575187 4.492151 5.299954
v -2.4731 3.859999 5.482514
v -47.094204 9.299929 19.210281
v -2.350776 5.512629 5.977961
v -2.630662 5.277966 5.08733
v 72.994415 13.449703 19.488203
v 72.916687 13.175054 19.139668
v -36.206577 8.086622 16.534468
v -2.984896 6.651238 12.393118
v -2.634047 5.979807 12.367984
v -2.766265 6.291199 12.808176
v -1.619211 5.443928 13.417272
v -2.356275 5.924947 13.324733
v 6.711301 0.864999 -17.475384
v 15.386805 5.163234 -2.011019
v 14.405797 5.174015 -1.668294
v 1.73213 1.440058 -17.392136
v 2.347054 1.209051 -17.356831
v 1.155852 1.651973 -17.48387
v 13.390447 5.927569 -1.624832
v 12.660957 5.997885 -1.62721
v 13.845448 5.209051 -1.462254
v 13.474339 5.155419 -1.703331
v -12.684731 5.998731 -1.637495
v -3.762786 3.857495 -12.208518
v -3.695472 2.708908 -14.036613
v -12.643186 6.336242 -1.180948
v -11.319406 5.80252 -1.233717
v -12.109654 6.282575 -0.105326
v 12.63454 5.033664 -1.68568
v -2.567774 4.230783 -12.596117
v -3.825513 3.907282 -10.850076
v -5.610635 2.616304 -13.181602
v -5.985675 2.220994 -12.726041
v -4.190459 3.345429 -10.588715
v 4.362268 3.517371 -11.576127
v 3.762793 3.857271 -12.208598
v 6.837217 1.599945 -15.098712
v 0.521614 2.603642 -17.324327
v 0.502114 1.94261 -17.709129
v 0.44773 1.86826 -17.708731
v 2.543238 4.956838 -11.401535
v -8.852762 -2.045563 -25.052162
v -8.919443 -1.286693 -24.926401
v -9.218108 -1.73834 -25.27998
v -9.223392 -1.785561 -25.429436
v 2.56779 4.230695 -12.596117
v -3.262981 4.107043 -9.740189
v 2.46499 5.249624 -10.4094
v 1.121622 5.76337 -11.427229
v 2.557375 5.377826 -7.964383
v 4.955629 5.887091 3.59065
v 4.175882 6.648524 2.664415
v 2.747678 6.230518 4.08206
v 4.065406 5.373387 4.209544
v 4.503069 5.559831 4.022933
v 3.439674 5.30512 4.373022
v -9.236279 -0.149646 -25.05216
v -4.065415 5.373371 4.209544
v -4.955637 5.887083 3.59065
v -4.503069 5.559824 4.022933
v -3.439674 5.305112 4.373022
v -2.747686 6.230518 4.08206
v -9.68728 -1.134684 -25.694479
v -9.266539 -0.673795 -25.023903
v -9.213786 -0.780548 -25.031109
v -9.641572 -1.08985 -25.415586
v -9.727944 -0.84834 -25.362352
v -9.727944 -0.84834 -25.362352
v -2.553253 7.512487 0.881018
v -1.935831 7.835535 1.027726
v -3.19521 6.803167 -2.789008
v 3.25082 4.820384 -6.905097
v 1.935822 7.835543 1.027726
v 1.937127 7.37561 -2.608271
v 1.281929 7.566705 -2.516821
v 1.198678 7.614097 2.986939
v -0.000005 7.914348 2.26097
v 0.520188 7.083422 4.304097
v 1.028021 6.994014 4.449491
v 1.957188 6.454599 4.723955
v 1.497944 6.777728 4.581756
v 2.415504 6.015999 4.916057
v -6.487906 5.604049 4.304474
v -5.658496 5.579475 4.132088
v 2.900341 5.242689 4.637746
v 2.630661 5.277974 5.087329
v 1.014524 6.047683 -8.512545
v 1.751493 6.462277 -6.122304
v -9.130214 -0.546465 -25.111156
v -6.115522 6.310788 2.339468
v -7.115277 5.903247 2.409477
v -4.17589 6.648516 2.664415
v -4.913954 6.575561 1.757541
v -2.645774 5.643532 -6.941669
v -2.557447 5.378122 -7.960965
v -3.411937 4.532861 -6.860647
v 4.931574 5.611863 4.027271
v -6.058975 6.288183 1.586529
v -8.639427 5.951295 1.060874
v -5.069786 6.193277 0.944628
v -6.666038 5.68582 0.688824
v 1.124472 5.939525 -10.559091
v 0.015909 5.42851 -12.957617
v -1.124384 5.939548 -10.559172
v -5.297689 3.731063 -8.780715
v 2.148963 3.312769 -13.764362
v 2.02459 3.715154 -13.814152
v 2.731211 2.895903 -13.844893
v -9.218108 -1.73834 -25.27998
v -9.170399 -1.718495 -25.318886
v 6.485649 5.603986 4.306291
v 5.658496 5.579475 4.132184
v 7.739537 5.553386 4.550032
v 6.18848 5.916927 2.992094
v 6.113826 6.310452 2.338378
v 4.912402 6.57521 1.756188
v 6.052003 6.286711 1.581526
v 5.056306 6.187779 0.92528
v 9.676147 3.190689 -7.845597
v 9.475543 4.268825 -6.279194
v 10.288205 3.692541 -6.36231
v 7.993258 2.882215 -10.061433
v 8.746053 2.265786 -10.26244
v 9.221387 2.714205 -9.026313
v -9.816555 5.810442 -0.095717
v -10.636105 5.963625 0.026213
v -10.426293 5.720177 0.763004
v 47.649746 9.684097 15.474683
v 55.069141 10.808391 17.28244
v 11.884955 5.644137 -1.519639
v -6.772185 0.84222 -16.457634
v 0.775723 1.81433 -17.601704
v 6.772193 0.84155 -16.457796
v 5.318294 1.512387 -15.439082
v -2.731292 2.896071 -13.844815
v -5.318085 1.512986 -15.438842
v -6.711347 0.865469 -17.475386
v -3.692487 0.764301 -17.523739
v 1.568956 2.959066 -15.435319
v 2.960386 0.996904 -17.380289
v 0.000182 4.61846 -14.642744
v 16.992838 5.445345 -2.282795
v 16.688169 5.110241 -2.60393
v 4.941782 0.447548 -18.151005
v 4.805858 0.935065 -16.823626
v 23.598923 5.774158 -6.066933
v 25.7509 6.602822 -5.308248
v -35.715157 7.969856 16.379494
v -35.24062 8.056765 16.370607
v -0.000001 4.901705 13.448247
v -0.851855 5.145832 13.426554
v -1.220772 5.026894 10.86577
v -0.000001 4.624965 11.0755
v -2.017777 5.606658 11.400343
v -2.064078 5.655403 10.389797
v -4.331907 0.599803 -17.772532
v -4.941933 0.44792 -18.150686
v -5.57418 0.340987 -18.693823
v -2.960538 0.997255 -17.379971
v 73.765442 13.095973 15.655347
v 71.433197 12.84149 17.222878
v 79.769402 13.923599 18.025373
v -2.024606 3.715186 -13.814154
v -2.148995 3.312809 -13.764362
v 5.574028 0.340701 -18.694061
v 78.35228 13.548652 15.973702
v 76.519295 13.359654 15.618522
v -1.568964 2.959074 -15.43532
v -1.140723 3.099282 -15.95212
v -1.615377 3.924253 -14.381465
v -9.218108 -1.73834 -25.27998
v -9.385653 -1.575205 -25.636124
v 0.038869 6.08906 -11.611982
v -9.500683 -0.932313 -25.110518
v -9.439045 -0.817418 -24.788879
v 82.845703 13.936164 18.926168
v -9.641572 -1.08985 -25.415586
v 80.96373 13.704421 19.193453
v 79.105385 13.459308 19.445211
v -1.198687 7.614089 2.986938
v -1.895061 7.734622 2.080865
v 77.449806 13.236929 19.680157
v -0.520197 7.083414 4.304097
v -2.405898 7.233637 3.025321
v -1.497952 6.77772 4.581755
v -1.028029 6.994014 4.449491
v -2.900341 5.242682 4.637746
v -1.957196 6.454599 4.723955
v -2.415512 6.015991 4.916057
v -2.630662 5.277966 5.08733
v 21.930376 6.293343 4.176722
v 20.27495 5.797374 0.377671
v 19.237989 5.814137 2.707533
v 19.476299 6.569196 6.364991
v 9.505966 -0.148443 -24.882292
v 71.889725 12.504475 20.173264
v 64.140366 11.996177 13.120742
v 63.813606 11.647725 11.69882
v 61.96069 11.581682 12.270377
v 41.316467 9.104859 15.207961
v 64.74913 11.862576 12.129567
v 65.715897 12.011309 12.458092
v 72.016922 12.743917 14.485984
v 70.918152 12.636892 14.145935
v 9.618997 -0.317669 -24.689213
v 72.972717 12.834694 14.754711
v 74.968262 13.184188 15.308651
v -9.832008 -0.326711 -24.997726
v -9.633565 -0.32681 -24.679607
v -9.9793 -0.333229 -25.238434
v -9.633565 -0.32681 -24.679607
v -76.605766 13.116449 19.67688
v 59.163189 10.958562 17.878328
v -84.40667 14.016772 18.088615
v -78.207466 13.334906 19.459383
v -79.809822 13.547677 19.226601
v -81.410408 13.745321 18.986132
v -87.322868 14.584804 17.577978
v 54.678505 10.180642 17.199907
v 48.716568 8.993357 12.933749
v 33.872334 8.406751 12.593305
v 33.714474 8.04612 16.064495
v 16.621332 6.028352 8.065068
v 15.232393 5.854943 7.307607
v 73.108078 12.604703 18.513197
v 14.073995 5.731766 5.914177
v 13.836888 5.714481 6.586955
v 16.961943 5.996687 7.003795
v 14.117141 5.918131 4.966007
v 17.210817 6.177083 5.61444
v -18.291325 6.502491 5.670763
v 83.025017 13.824658 17.55644
v 79.361877 13.427613 17.885447
v 11.573565 5.835696 1.339443
v 79.105385 13.459308 19.445211
v -15.255606 5.858656 7.333817
v 13.885075 5.952736 2.07272
v -11.587254 5.747805 3.109099
v 80.96373 13.704421 19.193453
v 82.845703 13.936164 18.926168
v 84.615601 14.168548 18.660963
v 9.666062 5.650978 -0.442775
v 10.057666 5.877925 0.350484
v 12.13215 6.089409 0.244943
v 78.35228 13.548652 15.973702
v 80.092003 13.732926 16.325762
v 76.519295 13.359654 15.618522
v 73.888962 12.898009 15.855631
v 74.968262 13.184188 15.308651
v 73.858223 12.968375 14.991096
v 70.918152 12.636892 14.145935
v 72.016922 12.743917 14.485984
v 64.184311 11.728811 13.23297
v 69.596939 12.45486 13.697898
v 68.004364 12.00185 17.559889
v 68.167816 12.293161 13.253462
v -19.691711 6.463712 6.785244
v 63.813606 11.647725 11.69882
v 64.74913 11.862576 12.129567
v -6.13255 0.291357 -19.36944
v -24.346273 6.587506 0.509437
v -31.796648 7.752489 9.387724
v 10.320308 5.689023 0.794184
v 35.645596 7.538304 14.965891
v 35.395275 7.411353 14.843253
v -0.683267 8.362956 14.967676
v -1.071992 8.22559 15.486558
v 35.632305 7.629726 16.234438
v 35.202202 7.662353 16.407585
v 18.468636 5.324519 7.046379
v 19.304514 5.311036 5.036822
v 16.918316 5.323988 5.086759
v 18.330873 5.679074 7.640116
v 17.930782 5.120349 5.314795
v 12.484691 4.73575 2.532595
v 7.641819 3.678455 2.320736
v 6.575495 3.432096 1.484122
v 4.415766 2.748065 1.178301
v 5.767162 3.216788 1.035004
v 4.862923 0.518671 -11.347593
v 6.576353 -0.19844 -13.090832
v 6.842676 0.310787 -12.966433
v -23.942259 5.761762 0.690768
v -21.287819 5.528515 4.023653
v -20.586824 5.433994 6.795256
v -19.539619 5.336948 7.613395
v -18.469595 5.703391 7.832437
v -17.073212 5.351138 5.301445
v 2.219391 1.36172 3.884752
v 0.633776 0.177712 3.521997
v 3.752324 1.948566 2.855586
v 4.099307 2.586671 3.786268
v 4.014334 2.041418 1.726239
v 4.826516 2.669791 1.872314
v 5.699362 4.988318 3.952727
v 3.663493 4.243119 4.554507
v 5.943289 3.875637 3.813406
v 7.584761 4.059057 2.744608
v 6.601672 4.75074 3.462278
v 6.576591 4.058591 0.335809
v 7.356835 4.144284 0.164249
v 8.796965 4.269124 -0.776908
v 8.682333 2.595812 -8.865653
v 5.686255 3.059132 -6.470489
v 8.746053 2.265786 -10.26244
v -0.000004 7.255484 16.182507
v -0.474628 7.528852 16.328039
v -0.58048 7.705267 16.093094
v -0.381076 7.345276 16.071798
v -0.455829 7.452903 15.873676
v -1.041325 8.166512 16.329718
v -1.121487 8.054842 16.270964
v 16.837944 4.942215 1.901714
v 24.763493 5.910658 7.115905
v 26.608391 6.177233 0.154999
v -3.057445 7.643638 11.816045
v -3.250869 7.806314 12.513758
v -3.254751 7.845761 12.468688
v 35.522388 7.629236 -3.794157
v 32.517651 7.131374 -2.903445
v 33.697018 7.368829 -4.788645
v -27.425301 7.40364 9.369153
v -8.683617 -1.320049 -25.033989
v 2.279371 11.206402 12.934426
v 26.69268 5.97974 -7.920907
v 23.970913 5.69041 -5.506507
v 25.232817 5.958163 -6.907623
v 23.598923 5.774158 -6.066933
v 15.386805 5.163234 -2.011019
v 16.688169 5.110241 -2.60393
v 14.405797 5.174015 -1.668294
v 11.802825 4.464341 -1.082643
v 12.63454 5.033664 -1.68568
v 10.418528 3.985541 -4.578967
v 8.346444 3.024231 -6.795851
v 10.288205 3.692541 -6.36231
v 9.676147 3.190689 -7.845597
v 9.221387 2.714205 -9.026313
v 2.609543 11.381633 11.756739
v 2.782867 12.115368 11.873693
v -9.232038 -1.419439 -24.742849
v -8.965071 -1.308002 -24.63022
v -9.105958 -1.372034 -24.878691
v -9.053126 -1.431583 -24.842911
v -8.965071 -1.308002 -24.63022
v -9.105958 -1.372034 -24.878691
v -9.053126 -1.431583 -24.842911
v -9.439045 -0.817418 -24.788879
v -8.09093 -1.528902 -23.606707
v -7.969566 -1.4627 -23.75824
v 1.071983 8.235755 15.486558
v 9.618997 -0.317669 -24.689213
v -87.25563 14.567113 17.434847
v -86.893806 14.523967 17.39819
v -83.065834 14.185514 18.753586
v -83.013 13.958014 18.739817
v -81.410408 13.745321 18.986132
v 0.821532 7.823379 16.384716
v -79.809822 13.547677 19.226601
v -78.207466 13.334906 19.459383
v -81.53849 14.101062 18.515282
v 0.580471 7.705266 16.093094
v 0.381069 7.345276 16.071798
v -76.980789 13.363892 16.019815
v -75.330727 13.195868 15.641263
v -68.744637 12.453812 14.40554
v -72.087112 12.706607 14.743507
v -73.940582 13.039051 15.311857
v -71.154373 12.619193 14.475102
v -70.178963 12.52994 14.136493
v -69.006241 12.369439 13.690377
v -64.140427 12.000973 13.122748
v -63.816223 11.694948 11.715157
v -64.749283 11.86441 12.130293
v 2.75553 1.658264 -6.517817
v 3.520388 2.106361 -4.488695
v 2.768666 0.949012 -4.341422
v 2.161899 0.613445 -5.493424
v 1.535799 0.408841 -6.778069
v 2.464486 0.993632 -7.85198
v 1.041316 8.167472 16.329718
v -25.232414 5.958004 -6.90818
v -23.597324 5.773808 -6.069109
v -7.784389 1.051601 -14.308783
v -15.389445 5.16291 -2.017406
v -16.990515 5.442892 -2.312997
v -14.405395 5.173803 -1.670086
v 1.055646 1.722076 -15.198215
v 2.017858 1.10307 -15.985664
v -12.696978 5.036599 -1.728105
v 6.420496 -0.29769 -16.32003
v -12.001509 5.651475 -1.547984
v -12.064027 5.053411 -2.088976
v -9.161832 3.743931 -7.231205
v -7.99748 3.674611 -8.203878
v -8.378628 2.369306 -11.333818
v -8.824985 3.297954 -8.513512
v -8.528801 2.80109 -9.864988
v 1.041316 8.167472 16.329718
v 1.121478 8.056522 16.270964
v 0.529319 7.584864 15.690682
v 0.381069 7.345276 16.071798
v 6.132438 0.291168 -19.369598
v 5.574028 0.340701 -18.694061
v 4.941782 0.447548 -18.151005
v -17.985777 6.568693 8.483009
v -16.634699 6.031146 8.090926
v 2.960386 0.996904 -17.380289
v 0.775723 1.81433 -17.601704
v 0.004154 1.137847 -13.99267
v -9.649977 -0.305723 -24.68153
v -9.633565 -0.32681 -24.679607
v 0.000005 0.021445 3.607025
v 1.872424 0.393889 2.54452
v 0.559178 1.163204 4.634928
v 0.502635 1.975936 5.799075
v 0.000003 1.835001 5.868926
v 0.96848 2.235337 5.729704
v 1.375692 2.592574 5.645764
v -8.85308 4.139273 -0.427371
v 1.790918 2.97209 5.599993
v -11.537062 4.658008 0.658616
v 3.039163 4.084356 4.842238
v 2.4731 3.859999 5.482514
v 2.631006 3.404743 4.96007
v 3.327566 3.050733 4.415658
v 2.575187 4.492159 5.299954
v 2.900341 5.242689 4.637746
v 2.630661 5.277974 5.087329
v 3.439674 5.30512 4.373022
v -34.263458 7.958407 16.27919
v 4.931574 5.611863 4.027271
v 4.065406 5.373387 4.209544
v 6.485649 5.603986 4.306291
v 6.505004 5.199592 4.109768
v 7.739537 5.553386 4.550032
v 16.864042 5.780415 7.930777
v 15.232393 5.854943 7.307607
v 13.836888 5.714481 6.586955
v 10.485372 4.889617 3.980324
v 14.649869 5.120443 5.758239
v 3.068179 8.209188 12.877025
v 16.621332 6.028352 8.065068
v 17.817835 6.177579 8.765422
v -6.63398 2.249147 -9.517494
v -6.653847 2.845316 -5.833726
v -8.607728 3.479402 -4.758316
v -8.456275 3.020901 -8.216769
v -1.028029 6.994014 4.449491
v -1.957196 6.454599 4.723955
v -5.364017 1.555578 -11.212225
v -3.611764 2.309328 -8.804574
v -3.068188 8.144666 12.878143
v 2.924386 9.633511 12.29715
v 3.016235 8.380491 13.163361
v 3.067475 7.07523 12.065958
v 3.057437 7.621449 11.818286
v 3.249724 7.777176 12.205087
v 3.068179 8.209188 12.877025
v 9.644612 -0.302339 -24.685051
v 3.254743 7.842729 12.469972
v 3.233346 7.855024 12.591967
v 3.25086 7.8083 12.51472
v -4.862923 0.518991 -11.344549
v 9.618997 -0.317669 -24.689213
v 3.249724 7.777176 12.205087
v 2.944271 8.7745 11.695334
v -6.84279 0.311941 -12.964192
v -6.57656 -0.197452 -13.090593
v -6.961951 0.974198 -13.013341
v 9.576731 -1.050089 -25.457129
v 2.451813 10.021508 13.28288
v 2.548289 10.034316 12.984455
v 2.499219 10.83417 13.101009
v 2.472482 10.54151 13.225245
v 2.111995 10.581454 12.787053
v 2.499219 10.83417 13.101009
v 2.534393 11.133397 12.559875
v 2.534393 11.133397 12.559875
v 2.563138 11.080647 12.300434
v 2.194662 10.746918 12.40706
v 2.586473 10.78006 11.974233
v 2.321733 10.385736 12.237912
v 35.176662 7.780134 14.841735
v -3.233354 7.837381 12.591967
v -3.250869 7.806314 12.513758
v 2.377512 10.05569 12.571877
v 2.735437 10.209786 12.197808
v 36.113403 6.679058 16.005894
v -6.42076 -0.297092 -16.319712
v -3.715637 0.516225 -16.834272
v -5.57418 0.340987 -18.693823
v -6.13255 0.291357 -19.36944
v 35.395275 7.411353 14.843253
v -4.941933 0.44792 -18.150686
v -2.960538 0.997255 -17.379971
v -3.692487 0.764301 -17.523739
v 0.851855 5.145832 13.426554
v 2.017769 5.606667 11.400343
v -2.347174 1.209322 -17.356592
v 2.356267 5.924955 13.324733
v -0.775736 1.81437 -17.601625
v -0.502112 1.94261 -17.709129
v 3.067475 7.07523 12.065958
v 36.113403 6.679058 16.005894
v -1.535791 0.408837 -6.778069
v 1.375692 2.592574 5.645764
v -3.055812 2.203385 -6.528006
v -3.330254 2.469145 -7.943433
v -2.735454 10.209785 12.197808
v 47.963459 9.330997 16.650131
v -2.397452 1.169745 -6.570346
v -3.341197 2.139992 -5.509919
v -2.768706 0.949148 -4.339845
v -2.16189 0.613439 -5.493424
v -3.094012 0.861464 1.270404
v -3.040922 0.755118 -0.832882
v -2.557143 0.324199 0.443712
v -0.50263 1.975936 5.799075
v -0.633765 0.17771 3.521997
v -1.375684 2.592566 5.645773
v -0.96848 2.235337 5.729704
v -2.219383 1.361712 3.88476
v -1.790917 2.97209 5.599993
v -3.752316 1.948558 2.855587
v -4.529123 3.369643 0.607405
v -4.014333 2.041402 1.72624
v -4.415766 2.748049 1.178302
v -4.826509 2.669774 1.872315
v -6.575487 3.43208 1.484123
v -7.641819 3.678438 2.320737
v -2.451831 10.021347 13.282879
v -10.464398 4.240772 1.375023
v -5.943289 3.87562 3.813407
v -7.584761 4.059042 2.744609
v -6.601673 4.750723 3.462271
v -5.699361 4.98831 3.952688
v -4.099299 2.586663 3.786268
v -3.327565 3.050725 4.415659
v -2.631006 3.404734 4.96007
v -2.168879 3.407367 5.556479
v -2.4731 3.859999 5.482514
v -3.039163 4.084348 4.842238
v -2.575187 4.492151 5.299954
v -2.900341 5.242682 4.637746
v -2.630662 5.277966 5.08733
v -4.931574 5.611847 4.027271
v -6.487906 5.604049 4.304474
v -5.658496 5.579475 4.132088
v -15.07253 4.944216 4.783525
v -13.380363 4.765941 2.987653
v -13.144136 4.953877 4.990165
v -16.877569 5.78324 7.956787
v -11.532259 5.131186 5.121288
v -16.139194 5.308271 5.871727
v -15.255606 5.858656 7.333817
v -13.859141 5.717314 6.601677
v -17.968967 5.63859 8.408561
v -16.634699 6.031146 8.090926
v -17.818874 6.178227 8.774309
v -2.254933 10.173842 12.807545
v -2.32175 10.385736 12.237912
v -36.108757 6.558127 15.966592
v -2.472499 10.54151 13.225245
v -2.499236 10.83417 13.101008
v -2.499236 10.83417 13.101008
v -2.279388 11.206402 12.934426
v -2.53441 11.133397 12.559875
v -2.112012 10.581454 12.787053
v -26.608389 6.177156 0.154996
v -2.53441 11.133397 12.559875
v -2.277034 10.768533 12.252243
v -2.563155 11.080647 12.300434
v -47.183445 9.280244 15.285928
v -53.680912 10.037358 12.777736
v -33.874008 7.397822 12.112528
v -35.761822 7.931514 15.028733
v -35.645512 7.538207 14.965816
v -35.394951 7.411217 14.843019
v -2.52991 10.670552 11.99088
v -35.138962 7.653532 16.37701
v -34.96085 8.529778 16.257816
v -35.352531 8.522413 16.347956
v -38.926498 7.986834 12.450977
v -2.481105 11.289974 12.140015
v -72.318863 12.473573 20.292223
v -71.78997 12.489902 20.171989
v -72.379059 12.500232 18.508398
v -76.980789 13.363892 16.019815
v -79.582802 13.454984 17.631855
v -78.552391 13.529033 16.393888
v -75.330727 13.195868 15.641263
v -74.009743 12.857736 16.91325
v -73.940582 13.039051 15.311857
v -72.087112 12.706607 14.743507
v -71.154373 12.619193 14.475102
v -70.178963 12.52994 14.136493
v -29.453587 6.732459 -6.662725
v -25.613052 5.827274 -6.524183
v -26.692677 5.979652 -7.920911
v -25.232414 5.958004 -6.90818
v -16.690012 5.109663 -2.612807
v -15.389445 5.16291 -2.017406
v -14.405395 5.173803 -1.670086
v -12.696978 5.036599 -1.728105
v -8.528801 2.80109 -9.864988
v -9.161832 3.743931 -7.231205
v -8.824985 3.297954 -8.513512
v -8.061232 0.684378 -14.498501
v -49.170601 9.995893 12.853306
v -35.165134 7.778453 14.836136
v -2.168879 3.407367 5.556479
v -3.792012 5.3793 -5.003942
v -3.709673 6.328739 -2.830547
v -4.25517 5.128646 -3.947417
v -4.382064 5.873274 -0.259671
v -5.452855 5.113904 -1.772624
v -4.205435 6.285497 0.023127
v -3.195842 7.170774 -0.414063
v -4.876338 5.425902 -0.695997
v -5.567934 5.462444 -0.135593
v -6.375081 5.144906 -1.70082
v -7.88107 5.33154 -0.748893
v -8.09437 4.626024 -4.893893
v -9.512687 5.145772 -2.448397
v -10.521152 4.953936 -3.276013
v -10.457911 5.214519 -2.210017
v -11.703804 5.304381 -1.983838
v -8.846277 5.707688 1.457999
v -8.782318 5.728329 3.176463
v -9.018064 5.437441 4.807904
v -10.177902 5.461768 5.142254
v -11.337899 5.508299 5.560897
v -7.743963 5.553522 4.546879
v -3.909148 7.000873 1.53426
v -4.931574 5.611847 4.027271
v -1.902786 7.093119 -3.815939
v -1.014492 6.047683 -8.512545
v -1.751501 6.462269 -6.122304
v -1.281938 7.566697 -2.516821
v -6.305192 3.701403 -8.342684
v 0.036933 6.523142 -7.471731
v -0.61368 6.989889 -4.980988
v -0.000005 7.786221 -1.097366
v -0.640336 7.784528 0.22247
v -64.861206 12.175073 17.378342
v -0.000004 7.174638 4.279362
v 7.391075 -1.331836 -23.163946
v 7.391075 -1.331836 -23.163946
v -58.41457 11.469678 16.578648
v 11.518973 5.130084 5.120815
v 12.555216 5.602365 6.026487
v 11.325733 5.507308 5.560751
v 10.169738 5.461247 5.144126
v 9.01198 5.437161 4.810857
v 5.658496 5.579475 4.132184
v 4.503069 5.559831 4.022933
v 2.16888 3.407367 5.556479
v 0.000006 -0.546037 2.043264
v 1.335123 -0.315543 0.708754
v 0.000007 -0.886948 -1.472066
v 1.246636 -0.348776 -3.00278
v 0.000006 -0.768558 -2.960435
v 0.563374 0.000789 -5.578175
v 0.009833 -0.068844 -5.632392
v 0.015747 0.142261 -6.89751
v 3.692336 0.763914 -17.524059
v 4.331748 0.599416 -17.772852
v 7.391075 -1.331836 -23.163946
v 8.402564 -0.296041 -24.740847
v -7.789623 -1.300295 -23.884478
v -8.644154 -0.406094 -24.780952
v -8.813698 -0.496652 -24.855717
v -36.777969 8.359527 9.511399
v -38.980377 8.687803 12.579618
v -42.002003 9.007123 11.817145
v -44.77668 9.513362 8.953212
v -32.139339 7.817079 2.040303
v -41.169804 9.04845 1.953631
v -29.706711 7.352128 5.885612
v 10.732083 5.768945 3.929759
v 8.798888 5.753169 3.177278
v -20.266146 5.795769 0.365461
v -19.316198 5.827815 2.815946
v -25.069595 6.518712 -3.368236
v -18.292044 5.532055 -0.49675
v 10.169738 5.461247 5.144126
v -19.578836 5.58122 -3.545048
v 11.219984 5.824808 -1.104886
v -13.643647 5.893752 2.726366
v -12.573385 5.604205 6.032196
v -13.859141 5.717314 6.601677
v 9.01198 5.437161 4.810857
v 11.325733 5.507308 5.560751
v 12.555216 5.602365 6.026487
v 39.183464 8.714704 12.707613
v 27.460207 7.408398 9.384361
v 31.881502 7.764306 9.428706
v 36.842655 8.357771 9.558226
v 37.477364 8.613625 2.361968
v 45.224644 9.277936 11.680895
v 43.501091 9.280909 6.521382
v 46.708202 9.401936 9.874496
v 44.761478 9.421301 13.071918
v 49.323578 9.382812 6.769188
v -87.25563 14.567113 17.434847
v 51.659985 9.514968 9.826944
v -86.893806 14.523967 17.39819
v -86.174164 14.360343 18.118313
v -84.617989 14.163021 18.460203
v -86.008453 14.362348 17.327185
v -84.670021 14.181113 17.24457
v -83.013 13.958014 18.739817
v -83.09626 14.006846 17.138508
v -81.52327 13.817369 16.923252
v -80.130417 13.702901 16.682545
v 58.416821 11.414687 16.549986
v 52.854485 9.644491 8.456176
v 64.953575 12.188606 17.379539
v 73.858223 12.968375 14.991096
v 68.167816 12.293161 13.253462
v 69.596939 12.45486 13.697898
v 66.757507 12.105844 12.815351
v 62.783115 11.471056 11.205156
v 61.551556 11.050317 10.600701
v 58.683212 10.217083 9.3055
v 60.112427 10.494135 9.926044
v 57.156998 9.914258 8.615313
v 55.666386 9.772573 7.940807
v 54.114147 9.58926 7.147676
v 52.502029 9.386497 6.328442
v 50.828754 9.210229 5.376997
v 49.080627 9.169167 4.259795
v 45.345108 9.320618 4.680554
v 47.144062 9.130024 3.064071
v 38.865101 8.679429 0.615559
v 45.06094 8.915815 1.821503
v 42.781044 8.663821 0.381973
v 40.255322 8.322493 -1.083696
v 34.485588 8.086185 -1.830195
v 37.602154 7.883471 -2.663946
v 35.522388 7.629236 -3.794157
v 33.697018 7.368829 -4.788645
v 28.584496 7.27861 0.236342
v 29.730249 7.35546 5.896967
v 18.325584 5.538383 -0.445033
v 19.591166 5.584034 -3.52001
v 23.619102 6.302892 -1.801508
v 87.6791 14.58129 17.242405
v 84.830925 14.231072 17.036436
v 83.190712 14.033912 16.829193
v 81.609734 13.896626 16.606573
v 80.092003 13.732926 16.325762
v 24.099159 6.439334 -4.299974
v 31.5348 7.031823 -5.79706
v 22.096796 5.586208 -5.241004
v 20.780138 5.430766 -4.569564
v 19.45372 5.206794 -3.958946
v 18.172207 5.126847 -3.291012
v 10.049979 5.297293 -2.480978
v 8.033692 5.431747 -0.891392
v 11.976292 5.002326 -2.15529
v 11.534259 5.247237 -2.146291
v 11.349263 4.642778 -3.424915
v 9.965686 4.759853 -4.689328
v 6.760247 5.249186 -3.960537
v 7.48624 4.686963 -5.797372
v 6.628102 5.661431 0.539683
v 6.597716 5.5087 -1.543682
v 4.447408 5.702073 -0.232585
v 4.893116 5.767984 0.337787
v 3.906258 7.000145 1.531242
v 4.220644 6.262403 0.025937
v 4.43179 5.49767 -2.012619
v 5.461196 4.729228 -5.639138
v 5.08161 4.213168 -7.473954
v 5.636137 3.860851 -9.354833
v 4.925385 4.838592 -5.911873
v 4.044423 4.951836 -5.253658
v 3.701467 6.323464 -2.873926
v 3.461198 5.767164 -5.01851
v 3.191543 7.169238 -0.42315
v 3.191751 6.800727 -2.809468
v 2.551763 7.512055 0.878969
v 2.40589 7.233644 3.025321
v 1.895053 7.734622 2.080866
v 0.640325 7.784528 0.222471
v 0.613671 6.989897 -4.980988
v 1.615369 3.924237 -14.381464
v 6.026772 3.20789 -10.812536
v 10.795 4.19006 -4.796292
v 7.929757 1.786255 -12.76727
v 7.112443 2.014189 -12.994209
v 8.35413 1.994213 -11.522658
v 8.179303 1.5367 -12.810336
v 8.023127 1.088305 -13.735949
v 2.835981 1.890158 -15.937634
v 3.692336 0.763914 -17.524059
v 4.331748 0.599416 -17.772852
v 8.060591 0.680389 -14.534043
v 9.214746 -0.641695 -25.0576
v 55.892056 9.800344 9.979518
v 61.869514 11.285098 12.342579
v 86.392693 14.405418 17.151068
v 84.830925 14.231072 17.036436
v 83.190712 14.033912 16.829193
v 81.609734 13.896626 16.606573
v 72.972717 12.834694 14.754711
v 66.757507 12.105844 12.815351
v 65.715897 12.011309 12.458092
v 62.783115 11.471056 11.205156
v 61.551556 11.050317 10.600701
v 60.112427 10.494135 9.926044
v 58.683212 10.217083 9.3055
v 57.156998 9.914258 8.615313
v 55.666386 9.772573 7.940807
v 50.871178 9.134577 7.74327
v 54.114147 9.58926 7.147676
v 52.502029 9.386497 6.328442
v 50.828754 9.210229 5.376997
v 43.185696 8.526993 10.59238
v 45.133381 8.892354 4.72851
v 49.080627 9.169167 4.259795
v 47.144062 9.130024 3.064071
v 45.06094 8.915815 1.821503
v 40.300636 8.098807 11.118628
v 43.632774 8.664109 14.204137
v 37.280602 7.80443 11.650077
v 34.916744 7.420952 14.849981
v 33.534203 7.221142 7.493448
v 10.803008 4.923712 2.921108
v 10.48401 4.607183 1.558568
v 4.528043 3.369356 0.606002
v 4.400308 3.390914 0.093661
v 3.789714 2.006894 -2.290759
v 4.348107 3.256955 -1.879622
v 6.487512 4.120406 -0.117714
v 6.249244 4.044386 -1.632491
v 3.986828 3.069902 -4.647624
v 4.742127 3.546777 -3.101233
v 4.995443 3.183639 -5.81425
v 3.34379 2.471651 -8.016326
v 3.429756 2.755696 -6.678362
v -21.558624 5.222485 -2.967436
v -19.549381 4.889682 -0.410387
v -18.730396 4.857361 -2.028054
v -17.031982 4.829368 -2.11024
v -18.574377 4.825561 0.3882
v -19.136805 5.112988 3.050994
v 4.437411 2.958007 -7.16579
v 4.689319 2.446743 -9.405346
v -24.091873 6.437984 -4.310034
v -44.604332 9.493101 12.953288
v -47.492359 9.785757 15.385993
v -52.986088 10.392707 8.550561
v -59.341938 11.24595 11.293376
v 8.023127 1.088305 -13.735949
v 3.094019 0.861473 1.270403
v 2.542334 0.235156 -0.688493
v 3.040938 0.755127 -0.832883
v 8.523597 4.549522 2.355583
v 7.218547 3.829348 -4.393793
v 7.487497 4.165392 -2.745148
v 9.347623 3.86493 -4.197874
v 11.202853 4.481266 -1.977853
v 19.771761 5.278556 3.546155
v 19.571236 4.893569 -0.380162
v 34.197891 7.519672 3.161679
v 42.781044 8.663821 0.381973
v 38.794018 8.108675 0.705616
v 40.255322 8.322493 -1.083696
v 37.602154 7.883471 -2.663946
v 31.5348 7.031823 -5.79706
v 16.344919 4.829432 -0.742932
v 17.034943 4.832181 -2.075924
v 18.762972 4.863721 -1.975087
v 21.576794 5.22574 -2.942222
v 29.453588 6.732553 -6.662723
v 22.096796 5.586208 -5.241004
v 20.780138 5.430766 -4.569564
v 19.45372 5.206794 -3.958946
v 18.172207 5.126847 -3.291012
v 11.845651 4.727851 -1.959505
v 11.976292 5.002326 -2.15529
v 11.349263 4.642778 -3.424915
v 10.795 4.19006 -4.796292
v 8.35413 1.994213 -11.522658
v 8.179303 1.5367 -12.810336
v 8.060591 0.680389 -14.534043
v -87.101936 14.535974 17.422043
v -86.008453 14.362348 17.327185
v -84.670021 14.181113 17.24457
v -83.09626 14.006846 17.138508
v -81.52327 13.817369 16.923252
v -86.174164 14.360343 18.118313
v -84.617989 14.163021 18.460203
v -80.130417 13.702901 16.682545
v -78.552391 13.529033 16.393888
v -72.949089 12.836928 14.979894
v -67.794769 12.23912 13.248664
v -66.598602 12.082705 12.813355
v -65.639923 12.000175 12.457135
v -62.789902 11.572712 11.238062
v -61.581005 11.411493 10.708134
v -60.178295 11.147251 10.097356
v -58.770145 10.951211 9.47457
v -57.270096 10.732758 8.774458
v -55.792782 10.583467 8.072502
v -54.256302 10.396232 7.248945
v -52.657719 10.170414 6.394857
v -50.995888 9.965569 5.409895
v -49.218872 9.730787 4.258943
v -47.239723 9.480474 3.046529
v -45.140663 9.179572 1.794226
v -42.836998 8.831038 0.354854
v -40.278534 8.384686 -1.098147
v -37.613121 7.90989 -2.672016
v -34.485588 8.086102 -1.830229
v -35.522388 7.629126 -3.794166
v -33.697014 7.368728 -4.788654
v -31.534798 7.031722 -5.797061
v -29.453587 6.732459 -6.662725
v -22.092794 5.585443 -5.246503
v -20.77486 5.429769 -4.57692
v -19.449158 5.205692 -3.968543
v -18.167645 5.125634 -3.302146
v -16.690012 5.109663 -2.612807
v 3.55497 0.68219 -15.54179
v -11.047957 4.723128 -3.121919
v -10.318946 4.41542 -4.301223
v -9.722178 4.114196 -5.66839
v -8.192994 1.794401 -12.601485
v -8.068357 1.18521 -13.646132
v -8.061232 0.684378 -14.498501
v -8.405445 -0.297847 -24.739004
v -7.143117 3.965164 0.30939
v -4.963935 3.611203 -0.979352
v -6.349586 3.804179 -1.097081
v -11.901847 4.471696 -1.095835
v -11.255045 4.46077 -1.642869
v -9.132292 4.012694 -2.057268
v -10.832543 4.42287 -3.012484
v -5.784268 3.025417 -4.730418
v -10.069911 4.116202 -4.126909
v -2.329106 1.039892 -14.913001
v -7.399566 -1.016976 -23.585571
v -4.331907 0.599803 -17.772532
v -3.608202 2.941408 -5.575254
v -4.022027 2.778942 -6.851628
v -4.272013 3.188404 -3.494917
v -4.527699 3.361603 -1.504933
v -4.411507 3.394891 0.117784
v -3.795165 2.010568 -2.260892
v -0.563377 0.00078 -5.57819
v -1.24662 -0.348779 -3.00278
v -1.335114 -0.315547 0.708755
v -10.483849 4.606862 1.556296
v -6.509487 5.199703 4.108936
v -7.847723 4.927409 3.726354
v -4.503069 5.559824 4.022933
v -7.743963 5.553522 4.546879
v -9.018064 5.437441 4.807904
v -10.177902 5.461768 5.142254
v -11.337899 5.508299 5.560897
v -12.573385 5.604205 6.032196
v -29.241945 6.571092 9.628672
v -35.208118 7.551813 8.356123
v -24.763491 5.910592 7.115909
v -32.997383 7.284343 4.923286
v -32.517643 7.131272 -2.903454
v -43.150711 8.84176 3.374317
v -43.118771 8.613042 10.494486
v -52.735931 10.036886 8.620843
v -57.537304 10.688167 10.706934
v -61.876793 11.407327 12.383891
v -43.404957 8.665386 14.046124
v -65.921844 11.914756 15.006554
v -72.949089 12.836928 14.979894
v -69.006241 12.369439 13.690377
v -67.794769 12.23912 13.248664
v -66.598602 12.082705 12.813355
v -65.639923 12.000175 12.457135
v -64.749283 11.86441 12.130293
v -63.816223 11.694948 11.715157
v -62.789902 11.572712 11.238062
v -61.581005 11.411493 10.708134
v -60.178295 11.147251 10.097356
v -58.770145 10.951211 9.47457
v -57.270096 10.732758 8.774458
v -55.792782 10.583467 8.072502
v -54.256302 10.396232 7.248945
v -52.657719 10.170414 6.394857
v -50.995888 9.965569 5.409895
v -49.218872 9.730787 4.258943
v -47.239723 9.480474 3.046529
v -45.140663 9.179572 1.794226
v -42.836998 8.831038 0.354854
v -40.278534 8.384686 -1.098147
v -37.613121 7.90989 -2.672016
v -35.522388 7.629126 -3.794166
v -33.697014 7.368728 -4.788654
v -31.534798 7.031722 -5.797061
v -23.597324 5.773808 -6.069109
v -22.092794 5.585443 -5.246503
v -20.77486 5.429769 -4.57692
v -19.449158 5.205692 -3.968543
v -18.167645 5.125634 -3.302146
v -16.323465 4.824771 -0.784125
v -11.964685 4.764544 -1.920609
v -12.064027 5.053411 -2.088976
v -11.047957 4.723128 -3.121919
v -10.318946 4.41542 -4.301223
v -9.722178 4.114196 -5.66839
v -8.068357 1.18521 -13.646132
v -8.378628 2.369306 -11.333818
v -8.192994 1.794401 -12.601485
vn -0.568512 -0.201967 -0.797498
vn 0.49016 -0.370971 -0.788748
vn 0.894043 -0.245083 -0.374996
vn -0.643608 -0.242889 0.725792
vn -0.657345 -0.240227 0.714275
vn -0.751129 -0.176859 0.636024
vn -0.445658 -0.444093 0.777284
vn -0.216483 -0.963501 -0.157484
vn -0.641379 0.120422 0.757715
vn -0.288906 0.953289 -0.088166
vn -0.677983 0.141072 0.721414
vn -0.186538 -0.238132 -0.953151
vn 0.43655 -0.440063 -0.784709
vn 0.901297 -0.187071 0.390727
vn -0.962747 -0.245249 -0.113888
vn -0.710638 -0.049857 0.701789
vn -0.916634 0.056685 0.395687
vn 0.31559 -0.202479 -0.927041
vn 0.536222 -0.305931 -0.786684
vn -0.536222 0.305931 0.786684
vn 0.755371 0.200954 -0.623724
vn -0.440976 -0.890744 -0.11007
vn 0.486944 -0.80205 -0.345835
vn -0.31559 0.202479 0.927041
vn 0.313508 -0.208456 -0.926423
vn 0.530672 -0.315446 -0.78669
vn 0.426256 -0.092948 0.899815
vn -0.739163 -0.147118 0.657263
vn -0.999484 -0.024999 0.020149
vn -0.568669 -0.21397 -0.79425
vn 0.486009 -0.375087 -0.78937
vn 0.893715 -0.246303 -0.374978
vn 0.469598 -0.619797 0.628753
vn 0.754201 0.201649 0.624915
vn 0.523245 -0.706933 -0.475878
vn -0.793225 -0.408461 -0.451612
vn -0.59376 0.66431 -0.454028
vn -0.8329 0.059168 -0.550252
vn -0.855092 -0.438518 -0.276622
vn 0.595136 0.45177 0.664619
vn -0.432156 -0.898459 0.077548
vn 0.989677 -0.010938 0.142899
vn 0.804184 -0.546183 0.234463
vn 0.564798 -0.56055 -0.605629
vn 0.937926 0.168532 -0.303137
vn 0.729865 0.570667 -0.376346
vn 0.18245 -0.630271 -0.754633
vn 0.649624 0.625552 -0.432057
vn 0.257329 0.561133 -0.786709
vn -0.026256 0.996699 0.076824
vn 0.493236 0.502469 0.710101
vn 0.082187 0.394283 0.915306
vn 0.040859 -0.560591 0.827084
vn 0.432046 -0.636528 0.638881
vn -0.636287 0.12871 0.760639
vn -0.676166 0.149493 0.721424
vn -0.569211 -0.218153 -0.792722
vn 0.087785 -0.972686 0.214883
vn 0.228128 -0.615613 -0.754307
vn 0.985615 -0.166289 -0.03017
vn 0.712804 0.059301 -0.698851
vn -0.712804 -0.059301 0.698851
vn -0.916615 0.057151 0.395664
vn -0.186301 -0.23716 -0.95344
vn 0.433341 -0.445148 -0.783619
vn -0.891284 0.194276 -0.40972
vn 0.750391 -0.037835 0.659911
vn -0.740383 -0.151164 0.654968
vn 0.04017 -0.854736 0.517507
vn -0.998935 -0.04162 0.019905
vn -0.113644 -0.864245 0.490066
vn -0.186317 -0.235901 -0.953749
vn -0.108793 -0.874678 0.472336
vn 0.430617 -0.448396 -0.783269
vn -0.108484 -0.876332 0.469332
vn -0.125943 -0.935444 0.330278
vn -0.131704 -0.972699 -0.19108
vn -0.121872 -0.925062 0.359733
vn -0.131552 -0.942683 0.306663
vn -0.131956 -0.943037 0.305398
vn -0.185507 -0.952997 0.239548
vn 0.750092 -0.040424 0.660096
vn 0.194622 -0.885 0.422963
vn -0.055056 -0.903309 0.425444
vn -0.740486 -0.15169 0.654729
vn -0.999081 -0.037934 0.019963
vn -0.188615 -0.24972 -0.949771
vn 0.419324 -0.458945 -0.783286
vn 0.155116 -0.899717 -0.40798
vn -0.990699 -0.016034 0.135122
vn -0.056101 -0.902597 0.426816
vn -0.061281 -0.881749 0.467722
vn -0.056621 -0.786162 0.615421
vn -0.109954 -0.988881 -0.100119
vn -0.050524 -0.727369 0.684384
vn -0.036003 -0.603643 0.796441
vn -0.02389 -0.502958 0.863981
vn -0.063833 -0.800731 0.595613
vn -0.079127 -0.831936 0.5492
vn -0.138594 -0.962028 -0.235145
vn -0.140489 -0.95469 -0.262355
vn 0.898703 -0.199282 0.390665
vn -0.713631 -0.058978 0.698035
vn 0.118885 -0.926789 0.356269
vn 0.083131 -0.874045 0.478679
vn -0.916819 0.054513 0.395564
vn -0.188394 -0.247874 -0.950298
vn 0.424566 -0.454543 -0.783029
vn 0.082521 -0.909118 0.408284
vn -0.082432 -0.948823 -0.304861
vn -0.012995 -0.9099 0.414624
vn -0.012933 -0.911001 0.412202
vn -0.087863 -0.96762 -0.236625
vn -0.008939 -0.896265 0.443428
vn -0.015093 -0.91253 0.408731
vn -0.023678 -0.919406 0.392597
vn -0.158661 -0.958946 -0.235051
vn -0.012994 -0.919759 0.392269
vn -0.671025 0.259022 0.694718
vn -0.31529 -0.815886 -0.484688
vn -0.863193 -0.053059 0.502079
vn -0.424566 0.454543 0.783029
vn 0.188394 0.247874 0.950298
vn -0.177843 -0.244043 -0.953318
vn 0.434324 -0.43956 -0.786225
vn 0.905245 -0.186362 0.38184
vn -0.705746 -0.034897 0.707605
vn 0.353357 -0.685391 0.636693
vn -0.914634 0.070801 0.398035
vn -0.524252 -0.384305 0.759915
vn -0.958483 -0.059515 0.278868
vn -0.79162 0.427252 0.4368
vn 0.760593 -0.074837 0.644901
vn 0.422626 0.539381 -0.728323
vn -0.605037 0.650801 -0.458682
vn -0.280799 -0.099339 0.954612
vn -0.376954 0.721737 0.580518
vn 0.163595 0.407481 0.898441
vn 0.240272 0.947179 -0.212416
vn -0.641261 0.630544 -0.437263
vn 0.089404 0.478346 -0.873609
vn -0.623617 -0.537615 -0.567514
vn -0.592845 -0.550143 -0.588113
vn -0.96682 -0.076685 0.243676
vn -0.844318 -0.529453 -0.0825
vn -0.622351 -0.647933 0.43916
vn -0.02603 -0.877775 0.478366
vn 0.417032 -0.709797 0.567691
vn -0.635237 -0.141372 0.759268
vn 0.246475 -0.137764 -0.959308
vn -0.188564 -0.925829 -0.327543
vn 0.113039 -0.841302 -0.528614
vn 0.013872 0.391274 -0.92017
vn 0.379766 -0.53407 -0.755346
vn 0.143433 -0.644566 -0.750974
vn 0.30149 -0.489719 -0.818095
vn 0.609455 -0.485316 0.626924
vn 0.542749 -0.516844 0.662039
vn 0.303119 -0.79172 0.530376
vn -0.260902 0.445687 -0.856325
vn 0.296283 -0.790158 0.536532
vn -0.390221 0.247154 -0.886929
vn 0.490822 0.743432 0.454315
vn -0.278216 -0.31144 -0.908626
vn -0.292977 0.418188 -0.859816
vn -0.351654 -0.809259 -0.470573
vn -0.189431 0.190136 -0.963309
vn 0.358569 -0.336827 -0.870618
vn 0.156709 -0.900259 0.406172
vn 0.14112 -0.823904 0.548878
vn 0.565365 -0.575999 0.590413
vn 0.663863 -0.314239 0.67863
vn 0.423671 -0.861362 0.280284
vn -0.804176 -0.531015 -0.267067
vn 0.520226 -0.491858 0.69817
vn 0.313938 -0.286806 0.905089
vn -0.544653 -0.668953 0.505821
vn 0.283111 -0.289133 0.914467
vn 0.619823 0.20333 0.757942
vn 0.099249 -0.549614 0.829502
vn 0.897768 -0.066594 0.435405
vn -0.29643 0.134009 -0.945606
vn -0.484856 0.186331 -0.854515
vn -0.462845 0.313605 -0.829112
vn 0.329652 0.647421 -0.68715
vn -0.86157 -0.017747 -0.507329
vn -0.359906 0.486342 -0.796203
vn -0.95296 -0.1243 0.276437
vn -0.633753 -0.149974 0.758857
vn -0.636407 -0.763489 0.109863
vn -0.541144 -0.789101 0.29066
vn 0.885306 -0.005869 0.464972
vn 0.35007 0.623653 -0.698933
vn -0.311252 0.448517 -0.837827
vn -0.306536 0.431684 -0.848342
vn -0.863771 0.298736 -0.405778
vn 0.179077 -0.38962 0.903398
vn 0.863771 -0.298736 0.405778
vn 0.306536 -0.431684 0.848342
vn -0.318386 0.476884 -0.819275
vn -0.83147 -0.521137 0.192546
vn -0.874828 -0.038786 -0.482878
vn -0.074849 -0.97814 0.194012
vn -0.831638 0.094021 -0.547301
vn -0.841577 0.017107 -0.539866
vn -0.8163 -0.513881 -0.263781
vn -0.82261 -0.483996 -0.29843
vn -0.703836 -0.397548 -0.588703
vn 0.034556 -0.359713 -0.932423
vn 0.368905 -0.913197 0.173145
vn 0.071435 -0.997392 -0.010267
vn 0.356632 -0.703051 0.61525
vn 0.221758 -0.7084 0.670069
vn -0.176988 -0.982265 0.061892
vn 0.254991 -0.593197 0.763608
vn 0.277323 -0.528134 0.8026
vn -0.065758 -0.972325 0.224185
vn 0.34554 -0.363132 0.865296
vn 0.288487 -0.490027 0.822586
vn -0.068555 -0.975075 0.211018
vn 0.263766 -0.5265 0.808224
vn 0.314348 -0.527593 0.789196
vn 0.310248 -0.57519 0.756903
vn -0.052671 -0.977112 0.206102
vn 0.416616 -0.389279 0.821519
vn 0.069426 -0.882269 0.465598
vn 0.377309 -0.446931 0.811105
vn -0.844557 0.356782 -0.399288
vn 0.251125 -0.435783 0.864309
vn -0.112596 -0.942624 0.314296
vn 0.251275 -0.458767 0.852287
vn 0.270806 -0.457577 0.846928
vn 0.378038 -0.699616 0.606321
vn 0.20244 -0.547165 0.812175
vn 0.399179 -0.416717 0.816702
vn -0.045589 -0.478849 0.876713
vn 0.03819 -0.428025 0.90296
vn 0.123916 -0.428021 0.895234
vn 0.307118 -0.533565 0.788027
vn 0.844557 -0.356782 0.399288
vn 0.318386 -0.476884 0.819275
vn -0.950904 -0.022695 0.308654
vn -0.545744 -0.341235 0.765325
vn 0.997777 -0.018472 0.064035
vn 0.381332 0.58707 -0.714097
vn -0.716979 0.396635 -0.573256
vn -0.709308 -0.036452 -0.703955
vn -0.95348 -0.078027 0.291182
vn -0.658303 -0.188786 -0.728695
vn -0.650334 -0.104927 0.752367
vn -0.545474 -0.662336 -0.513584
vn -0.612185 -0.018925 -0.790488
vn -0.543954 0.11139 -0.831689
vn -0.440435 0.115715 -0.890296
vn 0.092734 -0.484357 -0.869942
vn -0.080458 -0.277842 -0.957251
vn 0.266606 -0.579795 -0.769908
vn 0.653614 -0.724699 -0.218174
vn 0.399498 -0.817037 -0.415754
vn 0.758076 -0.652013 -0.014171
vn 0.996663 0.017349 0.079764
vn -0.509673 -0.759456 -0.404301
vn 0.252444 -0.903078 0.347452
vn -0.043159 -0.971519 0.232999
vn 0.713235 -0.324866 0.621094
vn 0.702835 -0.326473 0.632011
vn 0.793422 -0.187334 0.579126
vn 0.752449 0.415713 0.510885
vn -0.749548 -0.65684 0.082099
vn 0.846901 -0.051216 0.529279
vn -0.049341 -0.7302 0.68145
vn 0.701523 -0.709493 -0.066971
vn 0.638227 -0.392791 0.662104
vn 0.091386 -0.621882 0.77776
vn 0.31059 -0.420984 0.852236
vn 0.511613 -0.331683 0.792615
vn -0.330457 -0.590034 0.736653
vn -0.367304 -0.617801 0.695276
vn 0.392876 0.577608 -0.715554
vn 0.777489 -0.077205 0.62414
vn -0.71382 0.364587 -0.597944
vn -0.500146 -0.366739 0.784447
vn -0.544685 -0.349797 0.762207
vn 0.633435 -0.340673 -0.694768
vn 0.589992 -0.698772 0.404508
vn 0.352274 -0.226612 0.908047
vn 0.802098 0.399074 -0.444275
vn 0.714678 -0.695491 -0.074344
vn 0.047904 0.901276 0.430588
vn 0.394286 0.576903 -0.715347
vn -0.713356 0.368132 -0.596324
vn -0.542217 -0.338931 0.768847
vn 0.377155 -0.813729 -0.442266
vn 0.708289 -0.701699 -0.077103
vn -0.952102 -0.04218 0.302856
vn 0.230037 0.872288 0.431504
vn -0.145227 0.954015 0.262229
vn 0.797257 -0.588633 -0.133762
vn -0.121032 0.955177 0.270163
vn 0.324143 0.93553 0.14041
vn 0.997239 0.004447 0.074125
vn 0.384105 0.573463 -0.723604
vn -0.718879 0.368839 -0.589211
vn -0.952494 -0.052264 0.30004
vn 0.078623 0.916699 -0.391768
vn -0.198713 -0.830029 -0.521119
vn 0.168147 0.940159 -0.296358
vn 0.631116 0.174247 -0.755864
vn -0.659664 -0.065387 0.748711
vn 0.161411 0.834079 -0.527502
vn -0.197011 0.977111 0.080259
vn 0.308392 -0.757338 -0.575616
vn 0.666837 0.075946 -0.741324
vn 0.378316 -0.720613 -0.581029
vn 0.889696 -0.024731 0.455883
vn 0.366885 0.597803 -0.71276
vn -0.314522 0.438039 -0.842139
vn -0.494697 -0.366704 0.787911
vn -0.523828 -0.373914 0.765371
vn -0.09875 0.920387 0.378334
vn -0.221761 0.917845 0.329214
vn 0.611469 0.784546 0.102925
vn 0.46875 -0.793007 -0.389118
vn 0.468847 -0.79298 -0.389057
vn 0.967947 -0.032295 -0.249071
vn 0.876333 -0.451801 -0.167082
vn 0.565191 0.817783 0.108579
vn -0.845745 0.160374 0.508916
vn -0.746383 0.458762 0.482131
vn -0.22733 0.96023 -0.162108
vn 0.200882 0.916458 -0.346051
vn 0.605966 0.108936 -0.787996
vn 0.467803 -0.714962 -0.519606
vn 0.840956 -0.332249 -0.427088
vn 0.799075 0.40205 -0.44703
vn 0.422513 -0.828913 -0.366587
vn 0.385964 0.573918 -0.722253
vn -0.71654 0.354267 -0.600887
vn -0.388857 -0.778887 0.492062
vn -0.018651 0.850106 0.526281
vn 0.529412 0.489166 -0.693138
vn -0.95 0.119069 -0.288656
vn 0.198231 0.550068 -0.811252
vn -0.996124 -0.027028 -0.083708
vn -0.446208 0.886215 -0.124584
vn -0.920095 -0.047496 0.388804
vn 0.633155 -0.694976 -0.340767
vn 0.844476 -0.535594 -0.000044
vn 0.987598 0.001253 0.157002
vn 0.796723 -0.516046 0.314529
vn 0.707174 -0.548939 0.445612
vn 0.961692 -0.273726 0.014895
vn 0.886191 -0.009299 0.463226
vn -0.02251 0.846448 0.531995
vn 0.996459 0.083055 -0.01306
vn 0.989847 0.125793 -0.066175
vn 0.234681 0.261039 0.936367
vn 0.079553 0.011101 0.996769
vn -0.215559 -0.659462 0.720169
vn -0.161126 -0.169902 0.972199
vn -0.631586 -0.371654 0.680421
vn 0.541435 0.524294 -0.657239
vn -0.836792 -0.241302 0.49148
vn -0.621612 -0.188257 0.760367
vn -0.657101 -0.200088 0.726762
vn -0.857358 0.245315 -0.452502
vn -0.837809 -0.006 -0.54593
vn -0.817423 0.408622 -0.406014
vn 0.401174 0.562683 -0.722805
vn -0.044248 0.258161 -0.965088
vn -0.917993 -0.122296 0.377271
vn -0.655977 0.40763 -0.635242
vn -0.290208 0.937 -0.194447
vn -0.947604 -0.157213 0.278085
vn 0.432146 0.148973 -0.889414
vn -0.942566 -0.30628 0.133278
vn 0.42325 0.150336 -0.893453
vn -0.247978 0.135386 -0.959259
vn -0.88223 -0.45709 0.112865
vn -0.695517 -0.667097 0.266903
vn 0.086374 -0.103592 -0.990862
vn -0.849531 -0.526755 0.028742
vn 0.231361 -0.956988 0.175061
vn 0.767037 0.381354 -0.515968
vn 0.100184 -0.717156 -0.689675
vn 0.037876 -0.911983 0.408476
vn -0.57471 -0.61767 0.536836
vn -0.387983 -0.809047 -0.441489
vn -0.678394 -0.331842 0.655487
vn -0.834914 -0.35715 0.418764
vn 0.913865 0.253312 0.317308
vn 0.949696 0.308337 -0.05482
vn 0.687969 -0.571558 0.447237
vn -0.762177 -0.553328 0.336027
vn 0.189652 -0.727825 0.659017
vn -0.729729 -0.674042 -0.114728
vn -0.102791 -0.655995 -0.747733
vn 0.042353 -0.269561 -0.962051
vn 0.410247 -0.718802 0.561268
vn 0.81225 -0.583031 0.018022
vn 0.888886 -0.385586 -0.247395
vn 0.851324 -0.497559 -0.166383
vn 0.665839 0.045659 -0.744697
vn 0.663859 0.163376 -0.729794
vn -0.437832 -0.413355 0.798399
vn -0.182795 -0.93518 0.303355
vn 0.999419 -0.010812 -0.032314
vn -0.062077 -0.905713 0.419322
vn 0.511875 -0.296296 0.806345
vn 0.745274 0.236109 -0.623554
vn -0.029689 -0.826385 0.562323
vn 0.938483 0.234535 -0.253462
vn 0.733005 0.228368 -0.640743
vn -0.029069 -0.831517 0.554738
vn 0.173199 -0.910796 -0.374771
vn -0.019503 -0.867992 0.496194
vn 0.022096 -0.918148 0.39562
vn 0.023565 -0.919302 0.392847
vn 0.145699 -0.980922 -0.128699
vn 0.012968 -0.91966 0.392501
vn 0.176757 -0.139669 0.974294
vn -0.440524 -0.4 0.803703
vn -0.527198 -0.497282 0.689038
vn 0.768421 0.41964 0.483147
vn -0.576743 0.805939 0.133532
vn 0.127534 0.948788 0.289028
vn 0.299249 0.91993 0.253337
vn 0.839116 0.40184 0.366618
vn 0.979488 0.170915 0.106728
vn 0.745407 0.351985 0.566106
vn 0.920223 -0.284338 0.268963
vn 0.613931 -0.771256 0.168086
vn 0.81299 0.066519 0.578466
vn 0.366338 0.167431 0.915294
vn 0.590415 0.276026 -0.758433
vn -0.86832 -0.45959 0.186541
vn 0.898708 -0.390809 -0.198978
vn -0.602233 -0.560032 0.568929
vn 0.794036 0.382931 0.472091
vn 0.391253 0.057645 0.918476
vn 0.282546 -0.700422 0.655422
vn -0.395068 -0.331681 0.856685
vn 0.855725 0.255401 -0.450006
vn -0.097761 0.223595 0.969767
vn 0.682439 0.724296 0.09835
vn 0.683191 0.716736 -0.139783
vn 0.693854 0.471879 -0.543964
vn 0.68717 0.476518 -0.548387
vn 0.516862 0.781257 0.349987
vn 0.98668 0.041847 0.157198
vn -0.394882 0.043486 0.917702
vn -0.036782 0.519897 0.853437
vn -0.367904 0.098468 0.924636
vn -0.635517 -0.322019 0.701727
vn 0.34731 0.654012 0.672045
vn 0.938825 0.337225 -0.069907
vn 0.981626 0.103 0.160631
vn 0.942632 0.325608 -0.073651
vn 0.761421 0.576118 -0.297196
vn 0.824572 0.405711 -0.394309
vn 0.931268 0.226708 -0.285208
vn 0.837529 -0.415033 0.355377
vn 0.965962 0.09149 0.241963
vn -0.742004 -0.265873 0.61542
vn -0.023417 -0.585559 0.810291
vn -0.50098 -0.182705 0.845954
vn -0.497609 0.221573 0.838624
vn -0.206176 0.402835 0.891748
vn -0.515343 0.18667 0.836407
vn 0.951755 -0.29798 0.073279
vn 0.328894 0.09393 -0.939684
vn 0.531331 -0.843921 -0.074056
vn -0.92487 -0.064836 0.374714
vn -0.96089 0.247966 -0.123303
vn -0.717308 0.165164 -0.676897
vn 0.214919 -0.967494 -0.133285
vn -0.973546 0.153999 0.168798
vn -0.640985 -0.415252 0.645527
vn 0.380065 -0.922459 0.067975
vn -0.78049 -0.424117 -0.459304
vn 0.246007 -0.96889 0.027053
vn -0.48819 -0.437361 0.755239
vn 0.362548 -0.926796 0.098025
vn -0.692556 -0.122751 -0.710844
vn 0.639652 0.30914 -0.70376
vn -0.514188 -0.505122 0.693154
vn -0.408237 -0.735641 0.540532
vn 0.797401 0.419067 -0.434207
vn 0.1932 -0.924708 0.328007
vn -0.695366 -0.71865 0.003008
vn -0.119806 -0.95441 -0.2734
vn 0.044254 -0.529054 -0.847434
vn -0.52847 -0.821841 0.212831
vn -0.221841 -0.955927 -0.19233
vn -0.107071 -0.819202 0.563421
vn -0.619864 -0.475752 0.624043
vn -0.280741 -0.292825 -0.914023
vn -0.717417 -0.648098 -0.255503
vn -0.71478 -0.660387 -0.230172
vn -0.36144 -0.296095 -0.884132
vn -0.627659 -0.474905 0.616855
vn 0.970605 -0.100218 -0.218822
vn 0.056056 -0.606635 -0.793002
vn -0.259094 -0.961079 -0.095898
vn 0.167068 -0.569777 -0.804638
vn -0.629519 -0.389307 0.672418
vn -0.502819 -0.859558 0.091284
vn -0.39945 -0.519326 0.755473
vn -0.620032 -0.77514 -0.121318
vn 0.755341 -0.471922 -0.454697
vn 0.69389 0.027175 -0.719568
vn 0.33256 0.118591 -0.935596
vn 0.404228 0.147507 -0.902686
vn -0.418327 -0.411517 0.809726
vn 0.405152 0.270359 -0.87336
vn 0.587499 0.116394 -0.800811
vn 0.599644 0.214278 -0.771046
vn 0.219972 -0.421285 -0.879847
vn 0.127955 -0.72248 -0.679448
vn -0.771 -0.557275 -0.308225
vn -0.76796 -0.484982 0.418365
vn -0.413797 -0.893094 -0.176508
vn -0.635968 -0.592141 0.494887
vn -0.503356 -0.803808 -0.317056
vn 0.153334 -0.808716 -0.567862
vn -0.000171 -0.293513 -0.955955
vn -0.216728 -0.622901 -0.75168
vn -0.139035 -0.985546 -0.096787
vn 0.169095 -0.985067 -0.032413
vn -0.019955 -0.334367 -0.942232
vn -0.718361 -0.077156 0.691379
vn 0.375081 -0.338274 -0.863067
vn 0.444442 -0.147273 -0.883619
vn -0.318502 -0.774909 -0.545961
vn 0.447757 0.514028 -0.731634
vn -0.108533 -0.965958 -0.234832
vn 0.114385 -0.851835 -0.511169
vn 0.643078 0.513922 -0.567745
vn 0.553499 -0.818429 0.154315
vn 0.317284 -0.940545 0.12127
vn 0.760833 0.33792 -0.554024
vn 0.059711 -0.916492 -0.395571
vn 0.772303 0.434079 -0.463814
vn 0.809139 0.450819 -0.376903
vn 0.391017 0.912737 -0.118396
vn 0.570328 0.777738 -0.264289
vn 0.104746 -0.981279 -0.161618
vn 0.202848 -0.974177 -0.099152
vn 0.531067 -0.847014 0.023117
vn 0.512704 -0.840629 0.174581
vn 0.616643 0.568275 -0.544808
vn 0.72632 0.686325 -0.03765
vn 0.898078 0.406432 0.168134
vn 0.742634 0.669394 0.020141
vn 0.916135 -0.19699 0.34913
vn 0.144306 -0.959446 0.242156
vn 0.030882 -0.999185 -0.025974
vn 0.788589 -0.544114 0.286474
vn 0.491412 0.870912 -0.005258
vn -0.25617 -0.965603 0.044583
vn 0.471653 0.88178 -0.002845
vn 0.003238 -0.988319 -0.152363
vn -0.961695 0.193138 -0.194525
vn 0.615105 -0.764491 -0.192869
vn -0.320607 -0.934413 0.15519
vn -0.309387 -0.940809 0.138412
vn -0.308464 -0.940024 0.145622
vn 0.330058 -0.837042 0.436374
vn 0.521392 0.851771 -0.051342
vn -0.03739 -0.999098 0.020146
vn 0.561547 -0.8194 0.115102
vn -0.203312 -0.969402 -0.137561
vn -0.19946 -0.97895 -0.04328
vn -0.212988 -0.967574 -0.135779
vn -0.264481 -0.958581 -0.105702
vn -0.294269 -0.954711 -0.043953
vn 0.64801 -0.737873 0.188751
vn 0.945435 0.063556 0.319552
vn 0.561965 0.755543 0.336677
vn 0.868932 0.317558 0.379623
vn 0.525775 0.813187 0.249575
vn 0.312214 0.909408 0.274772
vn 0.528264 -0.730968 0.431999
vn 0.022706 -0.734505 -0.678223
vn -0.040695 -0.873983 -0.484249
vn 0.128635 -0.973798 -0.187538
vn 0.096043 -0.970771 -0.219952
vn -0.110855 -0.921726 -0.371662
vn 0.460597 -0.884517 -0.074033
vn 0.641275 -0.766889 -0.025452
vn 0.803211 0.385375 0.454244
vn 0.38539 0.912924 0.13433
vn 0.556662 0.683212 0.472598
vn 0.524686 0.724456 0.447065
vn 0.003324 0.951715 0.306963
vn 0.443538 -0.844028 0.301481
vn 0.732018 0.360845 0.577875
vn 0.620448 -0.715351 0.321431
vn 0.640674 0.654659 0.401197
vn 0.417719 0.335057 -0.84454
vn 0.756377 -0.629464 0.177957
vn -0.594555 -0.595791 -0.539942
vn -0.108193 -0.902799 -0.416232
vn 0.762976 0.108724 -0.637218
vn 0.737873 0.021269 -0.674604
vn 0.830022 0.181013 -0.52754
vn 0.877891 0.191081 -0.439085
vn 0.970964 0.048167 -0.234328
vn 0.567705 -0.605552 -0.55769
vn -0.133838 -0.924273 -0.357502
vn -0.077154 -0.996659 0.026796
vn 0.86071 0.391445 0.325497
vn 0.915696 -0.316105 0.24815
vn 0.038097 -0.994721 0.095286
vn -0.420853 -0.903935 -0.076052
vn 0.298556 -0.949181 -0.099594
vn 0.900519 -0.274585 -0.337149
vn 0.418515 0.587119 -0.692919
vn -0.286364 0.686122 0.668754
vn 0.179212 0.792542 0.58289
vn 0.441944 0.327618 -0.835076
vn 0.986227 -0.108013 0.125261
vn 0.459749 0.592681 -0.661332
vn 0.735112 0.668629 -0.112008
vn 0.65073 0.740479 -0.168053
vn 0.761282 0.644251 -0.073421
vn 0.826877 -0.1009 0.553257
vn 0.812567 -0.334161 0.477568
vn -0.434053 0.854553 -0.285197
vn -0.471487 -0.867181 0.160306
vn -0.286684 -0.850635 0.440718
vn 0.980336 -0.13421 0.144666
vn 0.34978 -0.852085 0.389365
vn -0.346179 -0.851352 0.394158
vn 0.686379 0.685134 -0.243875
vn 0.639769 0.727056 -0.24917
vn 0.688459 0.686329 -0.234469
vn 0.91003 0.030207 0.413439
vn 0.806712 0.590935 0.003519
vn 0.910068 0.035136 0.412966
vn 0.028986 -0.892438 0.450238
vn 0.219147 -0.767408 0.602544
vn -0.308888 -0.854505 0.417624
vn -0.596155 -0.768984 0.230787
vn -0.465337 -0.851677 0.241054
vn -0.514041 -0.785786 -0.343952
vn -0.426477 -0.875634 0.226676
vn -0.032777 -0.997815 -0.057373
vn 0.189767 -0.156034 -0.969351
vn 0.108787 -0.993949 0.015171
vn -0.07488 -0.997192 -0.000409
vn -0.410309 -0.385888 -0.826279
vn -0.750337 -0.107617 0.652237
vn 0.73566 -0.204562 0.645724
vn 0.999386 -0.030704 0.016902
vn -0.915067 -0.030922 -0.402116
vn -0.706656 0.113616 -0.698376
vn -0.834702 -0.522862 -0.172882
vn 0.706656 -0.113616 0.698376
vn 0.915067 0.030922 0.402116
vn 0.569369 -0.144739 -0.80924
vn -0.464911 -0.317743 -0.826376
vn -0.990632 -0.129341 -0.0438
vn 0.134398 -0.983632 -0.120025
vn 0.707586 -0.11625 0.696999
vn 0.914981 0.031761 0.402245
vn 0.569242 -0.140013 -0.81016
vn -0.472653 -0.307793 -0.82575
vn -0.756554 -0.548401 0.356206
vn -0.807712 -0.02047 0.589222
vn -0.690573 -0.012779 0.72315
vn -0.689153 -0.010149 0.724545
vn -0.991218 -0.12494 -0.043331
vn -0.541907 0.72959 0.417175
vn 0.637959 0.103173 -0.763128
vn 0.356805 -0.66437 -0.656737
vn 0.706427 -0.112777 0.698743
vn 0.915096 0.030663 0.402069
vn -0.307544 -0.13338 -0.942139
vn 0.523569 0.70854 -0.473125
vn -0.518006 -0.245559 -0.819372
vn 0.635024 -0.164266 -0.754826
vn 0.518006 0.245559 0.819372
vn 0.127429 0.314405 -0.940697
vn -0.364484 0.221241 -0.904546
vn 0.307544 0.13338 0.942139
vn -0.915029 -0.031319 -0.40217
vn 0.630863 0.628206 -0.455378
vn 0.628861 0.632963 -0.451543
vn 0.589385 0.50412 -0.631259
vn -0.4692 0.869097 0.156596
vn 0.466518 0.866443 -0.177868
vn 0.425783 0.547191 -0.720618
vn 0.743977 -0.237672 -0.624508
vn 0.390807 0.782481 -0.484761
vn -0.708358 0.114206 -0.696552
vn -0.232075 0.916108 0.326936
vn -0.712081 -0.124417 0.690986
vn -0.752852 -0.020688 0.657865
vn -0.765314 -0.00327 0.643649
vn -0.660728 -0.234958 0.712904
vn -0.603019 0.79713 -0.030846
vn 0.147232 0.736118 -0.660646
vn 0.708358 -0.114206 0.696552
vn 0.915029 0.031319 0.40217
vn 0.569332 -0.140982 -0.809929
vn -0.473158 -0.309876 -0.824681
vn -0.991096 -0.125868 -0.043438
vn 0.844914 0.534494 -0.020885
vn 0.707859 -0.112891 0.697274
vn 0.915065 0.03089 0.402122
vn 0.56927 -0.141749 -0.809839
vn -0.469862 -0.311436 -0.825977
vn -0.931991 0.362293 -0.011639
vn -0.993307 -0.020997 -0.113576
vn -0.991005 -0.126551 -0.043524
vn 0.70688 -0.114038 0.69808
vn 0.915052 0.031066 0.402139
vn 0.187989 -0.145882 -0.971277
vn -0.418217 -0.378125 -0.825903
vn -0.749622 -0.11353 0.652057
vn 0.737861 -0.209047 0.641763
vn 0.999385 -0.030715 0.016914
vn 0.188259 -0.145341 -0.971306
vn -0.415831 -0.379476 -0.826488
vn -0.749328 -0.115973 0.651964
vn 0.737022 -0.212321 0.641653
vn 0.999375 -0.031044 0.016882
vn -0.307524 -0.132405 -0.942283
vn -0.518998 -0.244135 -0.81917
vn -0.061789 -0.015388 0.997971
vn 0.710912 -0.125664 0.691963
vn 0.924924 -0.08618 -0.370255
vn 0.188986 -0.151985 -0.970147
vn -0.418203 -0.37817 -0.825889
vn 0.418203 0.37817 0.825889
vn -0.188986 0.151985 0.970147
vn 0.189533 -0.155401 -0.969499
vn -0.413239 -0.385284 -0.8251
vn 0.413239 0.385284 0.8251
vn 0.62341 0.541217 -0.564309
vn -0.144354 0.979198 -0.142596
vn 0.382656 0.879459 -0.283067
vn -0.33603 0.77959 -0.528511
vn -0.270345 0.749496 -0.604292
vn -0.171672 0.975317 -0.138872
vn 0.0072 0.971547 -0.236738
vn -0.189533 0.155401 0.969499
vn -0.915 -0.068348 -0.397622
vn -0.706139 0.045717 -0.706596
vn 0.706139 -0.045717 0.706596
vn 0.915 0.068348 0.397622
vn -0.307446 -0.226951 -0.924105
vn -0.521175 -0.325075 -0.789115
vn -0.062332 0.087376 0.994223
vn 0.71124 -0.052688 0.700972
vn 0.924988 -0.122763 -0.35962
vn 0.188414 -0.248977 -0.950006
vn -0.427037 -0.454061 -0.781964
vn -0.852617 -0.161837 -0.496843
vn -0.737093 -0.394089 0.548988
vn 0.043111 0.995108 -0.088889
vn -0.194604 0.421389 0.885754
vn -0.811947 -0.528123 0.248652
vn -0.396181 0.270272 0.877493
vn -0.701039 0.08315 0.708259
vn -0.884076 0.464923 0.047502
vn 0.037354 0.928655 0.369059
vn -0.751072 -0.032073 0.659441
vn -0.73186 -0.673563 -0.103414
vn -0.34752 0.929406 0.124234
vn 0.509681 0.856218 0.084362
vn -0.854877 -0.495282 -0.154532
vn -0.889895 -0.369401 -0.267635
vn 0.734057 -0.124216 0.667631
vn 0.999433 -0.027002 0.020094
vn 0.569381 -0.211215 -0.794477
vn -0.482792 -0.381414 -0.788312
vn -0.541177 -0.26601 -0.797725
vn -0.072571 0.811519 -0.579802
vn 0.102107 0.904073 -0.415002
vn -0.226543 0.784147 -0.577747
vn -0.992701 -0.116862 -0.029799
vn -0.655635 -0.021004 -0.754786
vn 0.343281 0.938709 -0.031348
vn -0.465245 0.883889 0.04783
vn 0.166827 0.969776 0.178053
vn -0.391333 0.919381 0.039951
vn -0.960485 -0.09494 -0.26164
vn -0.627118 0.732465 -0.264988
vn -0.459771 -0.811855 -0.359863
vn -0.960704 -0.087913 -0.263284
vn -0.556362 -0.798011 -0.231604
vn -0.519237 -0.819953 -0.240977
vn -0.486777 -0.844778 -0.222259
vn -0.4365 0.899362 -0.024809
vn 0.359958 0.931722 -0.048222
vn -0.489288 0.286718 0.823645
vn 0.710189 -0.048612 0.70233
vn 0.915642 0.067098 0.396356
vn -0.916367 -0.060081 -0.395805
vn -0.71228 0.054036 -0.699812
vn 0.71228 -0.054036 0.699812
vn 0.916367 0.060081 0.395805
vn -0.916782 -0.05534 -0.395536
vn -0.71336 0.061233 -0.698118
vn -0.415131 0.257117 0.872673
vn -0.410492 0.296107 0.862448
vn -0.657122 0.392034 0.643817
vn -0.973535 -0.227973 0.016085
vn 0.076935 0.967646 0.240296
vn -0.446122 0.884349 0.137488
vn 0.501045 0.840428 -0.206482
vn 0.722391 0.652164 -0.229854
vn 0.373399 0.926227 -0.051728
vn 0.71336 -0.061233 0.698118
vn 0.46924 0.855359 -0.219487
vn 0.916782 0.05534 0.395536
vn 0.568987 -0.201773 -0.797209
vn -0.490155 -0.370979 -0.788748
vn -0.286534 -0.203934 -0.936114
vn 0.300047 -0.262184 -0.917187
vn 0.000001 -0.1996 -0.979877
vn -0.000002 0.388233 -0.921561
vn -0.23232 0.354136 -0.905878
vn -0.992885 -0.115301 -0.029757
vn 0.359388 0.715801 -0.598723
vn 0.934878 -0.129639 0.33045
vn 0.708409 -0.08689 0.700434
vn 0.69827 0.242443 0.673529
vn -0.093935 0.439894 -0.893123
vn -0.076252 0.435458 -0.896974
vn 0.439266 -0.867727 0.232584
vn 0.449081 -0.857471 0.251138
vn 0.610349 -0.328929 0.720611
vn 0.714422 -0.061412 0.697015
vn 0.63131 0.471995 0.615361
vn 0.916485 0.058334 0.395794
vn -0.313206 -0.210394 -0.926087
vn 0.775384 0.337461 0.533759
vn -0.534714 -0.307153 -0.787234
vn 0.534714 0.307153 0.787234
vn 0.313206 0.210394 0.926087
vn 0.962913 -0.24447 -0.114162
vn -0.31559 -0.20248 -0.927041
vn 0.962802 -0.245017 -0.113928
vn -0.536222 -0.305931 -0.786684
vn -0.060127 0.081897 0.994825
vn 0.713171 -0.056075 0.698744
vn 0.9272 -0.097615 -0.361624
vn 0.568963 -0.204184 -0.796612
vn -0.789817 -0.054992 -0.610872
vn -0.48474 -0.37945 -0.788064
vn -0.67035 -0.7403 0.050853
vn -0.675452 -0.735823 0.048254
vn -0.992699 -0.116874 -0.029814
vn -0.683774 -0.729225 0.026151
vn -0.396044 -0.786699 -0.473554
vn -0.675211 -0.715819 -0.178023
vn -0.458461 -0.838719 -0.293878
vn -0.66587 -0.736812 0.117154
vn 0.239992 -0.458058 0.855913
vn 0.222272 -0.594281 0.772933
vn 0.846431 -0.43022 -0.313792
vn 0.751664 -0.551744 -0.361358
vn 0.712982 -0.054656 0.699049
vn 0.915784 0.065915 0.396227
vn 0.568669 -0.21396 -0.794252
vn -0.486014 -0.375094 -0.789364
vn -0.992996 -0.114335 -0.029773
vn 0.701042 -0.113348 -0.704054
vn 0.713228 -0.126314 -0.689457
vn 0.508616 0.148628 -0.848068
vn 0.974749 -0.125427 0.184748
vn 0.449336 0.294492 -0.843429
vn 0.415176 0.152108 -0.896935
vn 0.293629 0.187002 -0.93745
vn 0.469407 -0.198476 0.860386
vn 0.429587 -0.318664 0.844931
vn -0.100676 -0.554369 0.826159
vn 0.951174 0.196173 -0.238294
vn -0.52335 -0.707035 -0.475611
vn -0.650883 -0.535319 0.538317
vn 0.945267 0.302372 0.122646
vn 0.556162 -0.085337 0.826681
vn 0.793214 -0.408639 -0.45147
vn 0.889866 -0.454272 -0.042138
vn 0.812399 0.193229 -0.550155
vn 0.832903 0.059161 -0.550247
vn 0.61879 -0.785295 0.020278
vn -0.316576 -0.642654 0.697693
vn 0.432158 -0.898458 0.077547
vn 0.709699 -0.049918 0.702735
vn 0.474871 0.077136 -0.876669
vn 0.916201 0.061565 0.395961
vn 0.681975 -0.723014 0.110272
vn -0.916615 -0.057151 -0.395664
vn 0.746353 -0.49503 -0.444862
vn 0.522889 0.18071 -0.833025
vn 0.453342 0.382934 -0.804886
vn 0.307773 -0.781336 0.542946
vn 0.678364 0.729902 0.084057
vn 0.233687 0.317754 0.918925
vn -0.712903 0.059258 -0.698755
vn -0.166496 -0.509901 0.843967
vn -0.243591 -0.077819 0.966751
vn -0.20948 0.024917 0.977495
vn 0.03512 0.225549 0.973599
vn 0.336165 0.374706 -0.864054
vn 0.470273 0.86486 0.175671
vn 0.556003 0.150806 -0.817385
vn 0.712903 -0.059258 0.698755
vn 0.916615 0.057151 0.395664
vn 0.186302 -0.237163 -0.953439
vn -0.433444 -0.445162 -0.783554
vn -0.212431 -0.079407 0.973944
vn 0.433444 0.445162 0.783554
vn -0.186302 0.237163 0.953439
vn -0.916738 -0.055367 -0.395634
vn -0.714502 0.059223 -0.697122
vn 0.126018 0.858837 -0.496506
vn -0.695334 -0.168455 -0.698666
vn 0.21288 0.910315 -0.354977
vn 0.009244 -0.411881 -0.911191
vn 0.800988 0.253731 -0.542253
vn 0.648875 -0.032408 -0.760205
vn 0.817088 -0.221824 -0.532129
vn 0.563585 0.574513 -0.593555
vn 0.177497 -0.773329 -0.608651
vn 0.853347 -0.193972 -0.483916
vn 0.645419 -0.593137 -0.481273
vn 0.799774 -0.296896 -0.521743
vn 0.871834 0.489668 -0.011466
vn 0.83354 0.545521 0.087277
vn 0.798923 0.404743 -0.444866
vn 0.641895 0.7611 0.093258
vn 0.879586 0.474443 -0.035101
vn -0.31927 -0.861916 -0.393914
vn 0.976097 0.059247 0.209102
vn 0.706025 -0.706318 0.051407
vn -0.427514 -0.836293 -0.343287
vn -0.037879 -0.686836 -0.725825
vn -0.227339 -0.931523 -0.283871
vn -0.545888 0.494774 0.676169
vn 0.037116 -0.984322 0.172434
vn -0.934235 -0.291293 -0.205798
vn -0.844779 0.046921 0.533054
vn 0.103948 0.700041 -0.706496
vn -0.2014 0.904817 0.375158
vn -0.038055 0.998996 0.023644
vn -0.332429 -0.912265 -0.239296
vn 0.714502 -0.059223 0.697122
vn -0.356047 -0.85568 -0.375555
vn 0.916738 0.055367 0.395634
vn -0.916817 -0.05453 -0.395566
vn -0.713627 0.058967 -0.69804
vn -0.625058 0.535726 0.567716
vn 0.681116 -0.478922 -0.553818
vn 0.641472 -0.629722 -0.438136
vn 0.405209 -0.895549 -0.183844
vn 0.713627 -0.058967 0.69804
vn -0.993052 -0.013731 -0.116873
vn 0.153559 0.985026 -0.078378
vn 0.916817 0.05453 0.395566
vn -0.91664 -0.056164 -0.395747
vn -0.712245 0.054629 -0.699802
vn -0.031956 -0.999489 -0.000002
vn -0.067105 -0.997513 0.021578
vn 0.272034 -0.961133 -0.047123
vn 0.712245 -0.054629 0.699802
vn 0.91664 0.056164 0.395747
vn 0.177676 -0.244329 -0.953276
vn -0.434086 -0.439866 -0.786185
vn -0.123291 0.968655 -0.215656
vn -0.160277 0.945688 -0.282818
vn -0.305171 -0.950831 0.052835
vn -0.989397 -0.145121 0.005751
vn -0.752104 -0.031685 0.658282
vn -0.684954 0.45667 -0.567707
vn 0.220049 0.614461 -0.757638
vn -0.075876 0.377371 -0.922949
vn -0.811364 -0.411119 -0.415535
vn -0.390821 0.377255 -0.839606
vn -0.726699 -0.381513 -0.571277
vn -0.652567 -0.754592 0.068896
vn -0.99862 -0.000654 -0.052509
vn -0.688668 -0.691184 0.219092
vn 0.313031 0.66215 0.680859
vn 0.936889 0.311233 0.15929
vn 0.6633 0.628551 0.406148
vn 0.733168 -0.123482 0.668742
vn 0.999461 -0.026667 0.019158
vn 0.511622 -0.388518 0.766353
vn 0.958442 -0.059475 0.27902
vn -0.907864 -0.039633 0.417388
vn 0.682307 0.685702 0.253514
vn 0.541421 0.803134 0.248674
vn 0.694443 0.675209 0.248679
vn -0.322528 0.637854 -0.69937
vn 0.3565 0.472331 -0.806109
vn 0.503281 -0.408035 0.761719
vn 0.827903 -0.226608 0.513056
vn -0.978218 0.173769 -0.113553
vn -0.351809 0.613257 -0.70721
vn 0.710797 0.387861 -0.586798
vn 0.082781 -0.475429 0.875851
vn 0.524911 -0.387299 0.757937
vn -0.422555 0.542927 -0.725726
vn -0.087666 0.462552 -0.882247
vn 0.312516 0.430804 -0.846606
vn 0.865711 0.297057 -0.402867
vn -0.865711 -0.297057 0.402867
vn -0.312516 -0.430804 0.846606
vn 0.899607 0.075212 -0.430176
vn -0.681972 -0.723017 0.110273
vn 0.911816 0.073287 -0.404007
vn -0.417729 0.335098 -0.844519
vn -0.696839 0.163951 -0.698237
vn 0.70897 -0.679538 -0.188651
vn 0.192417 -0.856667 -0.478641
vn 0.340413 -0.919018 -0.198808
vn -0.736053 0.269968 -0.62076
vn -0.813481 0.269898 -0.515174
vn -0.911816 -0.073287 0.404007
vn -0.88136 0.178978 -0.437231
vn -0.899607 -0.075212 0.430176
vn 0.952134 -0.042608 0.302697
vn -0.566138 0.571619 -0.593918
vn -0.879823 -0.287425 -0.378548
vn 0.293548 -0.955141 -0.039186
vn -0.816619 -0.572953 0.069695
vn 0.551676 -0.834049 0.004041
vn -0.289921 -0.946127 -0.144188
vn 0.302367 -0.860309 -0.410417
vn -0.314003 0.87609 -0.36588
vn -0.889014 -0.021318 0.457383
vn -0.441967 0.325981 -0.835705
vn -0.966499 -0.210773 -0.146477
vn 0.34969 -0.625632 0.697353
vn -0.34969 0.625632 -0.697353
vn 0.32616 0.476572 -0.816394
vn 0.495471 -0.368939 0.786379
vn 0.53075 -0.377513 0.758808
vn -0.001501 -0.945753 0.324882
vn 0.198253 -0.970722 0.135625
vn -0.251276 -0.458767 0.852287
vn -0.251126 -0.435904 0.864247
vn -0.377231 -0.447037 0.811083
vn -0.416619 -0.38927 0.821521
vn -0.270806 -0.457578 0.846928
vn -0.202439 -0.547167 0.812174
vn -0.310244 -0.575194 0.756902
vn 0.052665 -0.977109 0.206119
vn -0.314344 -0.527602 0.789192
vn -0.263761 -0.526508 0.80822
vn -0.288486 -0.49003 0.822585
vn -0.331017 -0.397785 0.855684
vn -0.270789 -0.587609 0.762488
vn 0.068552 -0.975072 0.211035
vn 0.070778 -0.977137 0.200482
vn -0.311906 -0.461063 0.830744
vn -0.264715 -0.640802 0.720624
vn -0.45994 0.59278 -0.66111
vn 0.103877 -0.982887 0.152129
vn -0.735105 0.668632 -0.112038
vn 0.541438 0.368732 -0.755567
vn 0.838507 0.182301 -0.51349
vn 0.13494 -0.985984 0.098116
vn -0.315955 -0.733749 0.601485
vn -0.275901 -0.901559 0.333271
vn 0.046537 -0.829033 -0.55726
vn -0.314578 -0.921366 0.22831
vn -0.477402 -0.748108 0.460892
vn -0.53075 0.377513 -0.758808
vn -0.495471 0.368939 -0.786379
vn 0.541008 -0.350567 0.764469
vn 0.495657 -0.367644 0.786868
vn 0.004165 -0.8807 0.473656
vn 0.011951 -0.903178 0.429099
vn 0.321042 -0.801896 -0.50388
vn -0.527897 0.373923 -0.762566
vn -0.496049 0.366111 -0.787336
vn 0.952835 -0.059666 0.297566
vn 0.653841 -0.084194 0.751933
vn -0.99724 0.004447 0.074116
vn -0.389666 0.571799 -0.721946
vn -0.838507 -0.182301 0.51349
vn -0.541438 -0.368732 0.755567
vn -0.539365 0.369149 -0.756845
vn 0.73793 0.4194 -0.528737
vn -0.864363 0.338005 -0.372328
vn 0.573164 -0.353785 0.739134
vn 0.539365 -0.369149 0.756845
vn 0.718276 0.368829 -0.589953
vn 0.552919 -0.318196 0.770086
vn 0.951573 -0.034641 0.305465
vn -0.997185 0.005885 0.074753
vn -0.395515 0.558456 -0.729174
vn 0.71707 0.358587 -0.597684
vn 0.535133 -0.352738 0.767599
vn 0.952752 -0.064396 0.296844
vn -0.996421 0.022007 0.08162
vn -0.385737 0.572692 -0.723347
vn 0.71589 0.353855 -0.601903
vn 0.94961 0.119202 -0.289882
vn -0.53282 0.486217 -0.692601
vn 0.007528 0.85276 0.522249
vn -0.197652 0.547957 -0.81282
vn 0.996143 -0.027015 -0.08348
vn 0.439 0.888086 -0.136314
vn 0.919943 -0.047465 0.389169
vn -0.987596 0.00125 0.157012
vn -0.886161 -0.009298 0.463285
vn 0.857665 0.242005 -0.453701
vn -0.542216 0.518386 -0.661269
vn 0.023495 0.845032 0.5342
vn -0.39948 0.556928 -0.728181
vn 0.652063 0.405266 -0.64076
vn 0.294194 0.934302 -0.20132
vn 0.90961 -0.158743 0.383939
vn 0.672748 -0.341997 0.656085
vn -0.914605 0.252053 0.316177
vn -0.949785 0.307032 -0.060338
vn 0.983053 -0.168594 -0.071991
vn 0.037069 -0.113236 -0.992876
vn 0.817523 -0.574036 0.046254
vn -0.051081 -0.474151 -0.87896
vn -0.108473 -0.454735 -0.883996
vn -0.357007 -0.511659 -0.781506
vn -0.372044 -0.588947 -0.717443
vn 0.821547 -0.547232 0.159994
vn -0.619073 -0.550076 -0.560504
vn -0.659693 -0.59736 -0.456033
vn 0.663153 -0.620201 0.419022
vn 0.547812 -0.714013 0.435989
vn 0.690756 -0.595362 0.410365
vn -0.459234 0.073895 0.885236
vn -0.401471 -0.092366 0.911202
vn -0.455606 -0.799921 -0.390576
vn -0.530972 -0.7923 -0.30055
vn 0.793202 -0.421288 0.439713
vn -0.633067 -0.711966 -0.303861
vn 0.107013 -0.922114 0.371826
vn -0.37714 -0.813729 -0.442279
vn 0.842707 -0.050752 0.535974
vn -0.783008 -0.366136 -0.502834
vn 0.002795 -0.602816 -0.797875
vn -0.533252 -0.734852 -0.419088
vn -0.514658 -0.783719 -0.347723
vn 0.768047 -0.640222 -0.01484
vn 0.74203 -0.379003 0.552945
vn -0.785437 -0.32708 -0.52546
vn -0.903522 -0.174238 -0.391521
vn -0.672928 -0.737542 -0.056568
vn -0.131984 0.891749 0.432856
vn -0.957201 -0.212563 -0.196425
vn -0.609471 -0.740958 0.282002
vn 0.437622 -0.371367 0.818886
vn -0.122878 -0.722366 0.680506
vn 0.628267 -0.293526 0.720501
vn 0.094363 -0.703335 0.704568
vn 0.653344 -0.169724 0.737791
vn -0.36176 0.047238 -0.931074
vn -0.400019 0.092457 -0.911831
vn 0.698121 -0.16688 -0.69626
vn -0.211395 0.911108 -0.353829
vn -0.009099 -0.411955 -0.911159
vn 0.15204 0.954939 0.254901
vn -0.413832 0.809446 0.416581
vn 0.235414 0.952883 0.191297
vn -0.801002 0.253753 -0.542223
vn 0.899488 0.436543 0.018744
vn -0.53381 -0.176192 -0.827045
vn -0.11083 -0.802807 -0.585848
vn -0.563589 0.574523 -0.59354
vn 0.036518 -0.86248 0.504773
vn -0.48215 -0.25566 -0.837956
vn -0.116483 -0.884506 -0.451753
vn 0.11365 -0.86431 0.489952
vn -0.0277 -0.860858 -0.508091
vn 0.108802 -0.874766 0.472172
vn -0.773755 0.319935 -0.546758
vn -0.859618 0.449362 -0.243169
vn 0.230756 0.972134 -0.041311
vn -0.076729 0.915385 -0.3952
vn -0.901389 -0.373405 -0.219243
vn -0.803119 0.573965 -0.159888
vn -0.90435 0.2222 0.364387
vn 0.194283 -0.828219 -0.525649
vn 0.117458 -0.919699 -0.374642
vn 0.1085 -0.876388 0.469225
vn 0.125943 -0.935442 0.330282
vn 0.121872 -0.925063 0.359729
vn 0.131553 -0.942684 0.30666
vn -0.851763 0.409248 -0.327133
vn -0.416793 -0.194462 -0.887957
vn -0.805938 0.519986 -0.282983
vn -0.372919 -0.715698 -0.590514
vn 0.131819 -0.972703 -0.190976
vn -0.46875 -0.793008 -0.389117
vn -0.967379 -0.000388 -0.253333
vn -0.447217 -0.798773 -0.40244
vn -0.390251 -0.842208 -0.372007
vn -0.873585 0.484636 0.044475
vn -0.419242 -0.82851 -0.371225
vn -0.364537 -0.861928 -0.35241
vn 0.098751 0.920388 0.378331
vn -0.582603 0.804517 0.115436
vn 0.2218 0.917843 0.329195
vn 0.84585 0.160062 0.50884
vn 0.746594 0.458429 0.482121
vn 0.227335 0.960233 -0.162084
vn -0.602912 -0.282221 -0.746223
vn -0.20092 0.916461 -0.346021
vn 0.355656 0.861747 0.361801
vn -0.734685 -0.614381 -0.287704
vn -0.182992 0.159969 -0.970012
vn -0.913464 0.405876 -0.02914
vn -0.881874 0.463649 0.085602
vn 0.343348 0.928367 0.142289
vn 0.427626 -0.836235 -0.343288
vn -0.195521 0.74283 -0.640293
vn -0.227387 0.635582 -0.737788
vn -0.560519 -0.23302 -0.794683
vn 0.037676 -0.686488 -0.726164
vn 0.227343 -0.931519 -0.28388
vn -0.134684 0.977037 -0.165103
vn -0.796577 -0.604532 0.002584
vn 0.560466 0.827115 -0.041942
vn -0.97854 0.065209 -0.195465
vn -0.217022 0.580747 -0.784624
vn -0.202277 0.606066 -0.769264
vn -0.992581 0.054761 0.108555
vn -0.804194 0.396213 -0.443042
vn -0.746559 -0.285111 -0.601133
vn -0.898786 0.368771 0.237047
vn -0.682282 0.695744 -0.22457
vn -0.846786 -0.518427 0.119108
vn -0.729178 -0.362246 -0.580584
vn 0.037389 -0.999098 0.020146
vn -0.563445 -0.825456 -0.033956
vn -0.561592 -0.819371 0.115089
vn -0.237542 -0.90414 0.355113
vn 0.203286 -0.969411 -0.137537
vn -0.9175 0.066003 0.392221
vn -0.586913 0.761904 0.273927
vn 0.139344 -0.928379 -0.344523
vn -0.648125 -0.737761 0.188794
vn 0.078553 -0.82473 0.560045
vn 0.070619 -0.803453 0.591165
vn 0.077331 -0.822257 0.563837
vn 0.055207 -0.752814 0.655914
vn 0.146666 -0.883994 0.443897
vn 0.051842 -0.740232 0.67035
vn 0.14073 -0.948933 -0.282348
vn 0.05669 -0.786815 0.61458
vn 0.06131 -0.881625 0.46795
vn 0.056102 -0.90259 0.426831
vn -0.405346 0.874624 0.265945
vn -0.490882 -0.870265 0.040903
vn 0.207957 0.947118 -0.24438
vn -0.503875 -0.863766 0.004246
vn 0.055047 -0.903309 0.425444
vn -0.312265 0.909383 0.274798
vn -0.529383 0.844203 -0.084109
vn -0.194622 -0.885 0.422963
vn 0.231636 0.937172 -0.260871
vn 0.770534 0.637167 -0.017177
vn -0.518803 -0.728459 0.447427
vn -0.047539 -0.996216 -0.072762
vn -0.450818 -0.820893 0.350569
vn -0.022517 -0.734377 -0.678368
vn 0.040848 -0.873943 -0.48431
vn -0.128577 -0.973801 -0.187563
vn -0.095985 -0.970772 -0.219972
vn 0.11089 -0.921728 -0.371647
vn -0.697696 -0.716248 0.01444
vn -0.385394 0.912923 0.134328
vn 0.341552 -0.939737 0.015372
vn 0.185508 -0.952998 0.239545
vn 0.131955 -0.943037 0.305399
vn -0.648874 -0.759719 -0.042298
vn 0.376427 -0.553865 -0.742655
vn 0.946884 -0.030535 0.320122
vn -0.556666 0.683208 0.4726
vn 0.690988 -0.011396 0.722776
vn 0.689261 -0.008209 0.724466
vn 0.532236 0.812516 -0.237786
vn -0.566044 0.611787 0.55255
vn -0.638792 0.601538 0.479684
vn -0.720741 0.294726 -0.627431
vn 0.079804 -0.991118 -0.106382
vn -0.685276 0.608781 0.399728
vn -0.564032 -0.722713 0.399442
vn -0.449315 -0.696617 -0.559322
vn -0.640484 0.654841 0.401201
vn -0.457043 0.7662 0.451718
vn 0.26098 0.96298 -0.067515
vn -0.113112 0.933343 -0.340701
vn -0.488035 -0.287313 -0.824181
vn -0.565043 -0.339515 -0.751968
vn -0.510267 -0.720863 -0.469025
vn 0.341369 0.797399 -0.497616
vn -0.998472 -0.021463 -0.050915
vn -0.060648 0.632426 -0.772243
vn -0.190673 0.410589 -0.891662
vn -0.099873 -0.875561 0.472671
vn -0.814997 -0.530709 -0.232656
vn -0.43425 -0.26596 -0.860635
vn -0.039583 0.318529 -0.947086
vn 0.349621 0.232215 -0.907657
vn -0.584123 0.202195 -0.786078
vn -0.630789 0.628308 -0.455341
vn -0.628852 0.632911 -0.451629
vn -0.488851 0.516676 -0.702902
vn 0.36286 -0.704567 -0.609851
vn -0.256279 0.943241 -0.211229
vn 0.712522 -0.123421 0.69071
vn 0.75285 -0.020691 0.657866
vn 0.765421 -0.003118 0.643522
vn 0.894181 -0.023259 0.447101
vn 0.391047 0.77768 0.492236
vn 0.32674 0.926338 0.187454
vn -0.643085 0.513921 -0.567738
vn 0.108467 -0.965948 -0.234903
vn -0.114284 -0.851971 -0.510964
vn -0.760835 0.337921 -0.554021
vn -0.772305 0.434087 -0.463804
vn -0.059694 -0.916507 -0.395539
vn -0.809135 0.450822 -0.376909
vn -0.391177 0.912655 -0.118496
vn 0.962413 0.262462 -0.069823
vn -0.104712 -0.981274 -0.161669
vn 0.895947 0.434179 -0.093634
vn -0.202867 -0.974173 -0.099157
vn -0.570283 0.777803 -0.264196
vn -0.531133 -0.846974 0.023093
vn -0.504846 -0.834793 0.219661
vn -0.915753 -0.198538 0.349255
vn -0.313502 -0.911207 0.267242
vn -0.788185 -0.54465 0.286569
vn -0.61663 0.568276 -0.544821
vn -0.726319 0.686327 -0.037639
vn -0.952681 -0.099043 0.287382
vn -0.730861 0.682155 -0.022525
vn -0.251539 -0.870419 0.423201
vn 0.961672 0.193244 -0.194536
vn -0.346367 0.936057 -0.061867
vn -0.327061 0.943035 -0.060958
vn -0.503707 0.840116 -0.201208
vn -0.326529 -0.914416 0.239211
vn -0.431753 -0.850884 0.29931
vn 0.351694 0.934419 -0.056316
vn 0.318222 -0.933674 0.164281
vn -0.170262 -0.870485 -0.461808
vn -0.713062 -0.374463 0.592723
vn -0.507201 0.780898 -0.364617
vn -0.80466 0.593735 -0.000527
vn -0.694948 0.709028 -0.119694
vn -0.357071 0.928457 0.102311
vn 0.471494 -0.867172 0.160331
vn 0.286745 -0.850638 0.440673
vn -0.844849 0.534597 -0.020878
vn 0.345959 -0.851358 0.394337
vn -0.578253 0.805712 -0.128263
vn -0.637611 0.731382 -0.241935
vn -0.911951 0.35705 0.202142
vn -0.830956 0.555744 -0.0257
vn -0.945595 -0.019931 0.324734
vn -0.172363 0.743821 -0.645772
vn -0.743857 -0.235961 -0.625299
vn -0.234548 0.802843 -0.548116
vn -0.705034 -0.585338 -0.400383
vn -0.579034 0.693877 -0.428082
vn -0.572938 0.463308 -0.676083
vn -0.022998 -0.892275 0.450907
vn -0.206221 -0.772965 0.599998
vn 0.309265 -0.854462 0.417432
vn 0.463782 -0.852132 0.24244
vn 0.058647 0.075238 0.995439
vn -0.396836 -0.809605 0.432506
vn -0.127744 0.035654 0.991166
vn -0.666054 -0.696535 0.266853
vn -0.788804 -0.52511 0.319449
vn 0.529232 -0.314353 -0.788096
vn 0.313213 -0.211355 -0.925865
vn -0.999028 -0.039312 0.019934
vn -0.739266 -0.148304 0.65688
vn 0.751416 -0.028518 0.659212
vn -0.44624 -0.48838 -0.749903
vn 0.419466 -0.461305 -0.781822
vn -0.18834 -0.250218 -0.949694
vn 0.186681 0.237591 0.953258
vn -0.426413 0.452675 0.783108
vn -0.208542 -0.873022 0.440844
vn -0.56917 -0.814773 0.11041
vn 0.426413 -0.452675 -0.783108
vn -0.186681 -0.237591 -0.953258
vn -0.999434 -0.026985 0.020094
vn -0.733904 -0.124227 0.667797
vn 0.751071 -0.032073 0.659441
vn 0.426927 -0.454046 -0.782033
vn -0.188414 -0.248974 -0.950006
vn -0.307454 0.226954 0.924102
vn -0.521076 0.32503 0.789199
vn 0.521076 -0.32503 -0.789199
vn 0.307454 -0.226954 -0.924102
vn -0.914998 0.068348 0.397627
vn -0.706127 -0.045721 0.706607
vn 0.657881 0.322834 -0.680419
vn 0.991293 -0.127824 -0.031617
vn 0.473439 -0.382758 -0.793317
vn -0.569522 -0.215027 -0.793352
vn -0.999388 -0.030604 0.016928
vn -0.736078 -0.20387 0.645466
vn 0.75036 -0.107289 0.652264
vn 0.413231 -0.385281 -0.825105
vn -0.189532 -0.155401 -0.969499
vn -0.915139 0.030703 0.401967
vn 0.652379 0.421374 -0.629956
vn 0.435709 -0.080343 -0.896495
vn 0.406211 0.0635 0.91157
vn -0.707743 -0.11244 0.697465
vn -0.043328 0.995042 -0.089523
vn 0.043328 -0.995042 0.089523
vn 0.823666 -0.41335 0.388221
vn 0.529638 0.146987 0.835391
vn -0.138622 0.913924 0.381479
vn 0.805601 -0.592278 -0.01465
vn 0.755289 -0.645671 -0.112464
vn -0.149609 0.912835 0.379935
vn -0.540087 0.837699 0.081033
vn 0.991186 -0.125182 -0.043361
vn 0.474467 -0.308212 -0.824552
vn -0.568769 -0.140313 -0.810441
vn 0.189469 0.152791 0.969926
vn -0.414861 0.379366 0.827026
vn 0.384542 0.877984 0.285081
vn 0.959212 -0.181488 -0.216736
vn 0.086809 -0.895911 -0.43567
vn -0.631995 -0.761549 -0.143616
vn -0.509691 0.856212 0.084359
vn 0.414861 -0.379366 -0.827026
vn -0.189469 -0.152791 -0.969926
vn -0.915485 0.026812 0.401457
vn 0.072573 0.811514 -0.579809
vn -0.709854 -0.123382 0.693458
vn -0.10214 0.904083 -0.414972
vn 0.990732 -0.128589 -0.043749
vn 0.679106 -0.257792 -0.687284
vn 0.473143 -0.308108 -0.825351
vn -0.569187 -0.135153 -0.811024
vn 0.226541 0.784144 -0.577752
vn -0.343286 0.938708 -0.031348
vn -0.915481 0.02735 0.401429
vn 0.465242 0.883891 0.047827
vn -0.166842 0.969776 0.17804
vn -0.710551 -0.120491 0.693253
vn 0.626448 0.733201 -0.264536
vn 0.391336 0.91938 0.039949
vn 0.960485 -0.094938 -0.261638
vn 0.960165 -0.103154 -0.259697
vn 0.429696 0.017265 -0.902809
vn 0.710551 0.120491 -0.693253
vn 0.556367 -0.798006 -0.231607
vn 0.52142 -0.818722 -0.24045
vn 0.195471 0.742977 -0.640137
vn 0.983976 -0.171543 -0.048628
vn 0.491441 -0.841699 -0.223671
vn -0.569181 -0.135479 -0.810974
vn -0.915051 0.031064 0.402141
vn -0.70688 -0.114039 0.69808
vn 0.649208 -0.759271 -0.045135
vn 0.746605 -0.269509 -0.608231
vn 0.70688 0.114039 -0.69808
vn 0.185992 0.602711 -0.775981
vn 0.984209 -0.170239 -0.048501
vn -0.569267 -0.141751 -0.809841
vn -0.915069 0.030887 0.402113
vn -0.707854 -0.112876 0.697282
vn 0.707854 0.112876 -0.697282
vn 0.98438 -0.169288 -0.048343
vn -0.569335 -0.140983 -0.809927
vn -0.915029 0.031316 0.40217
vn 0.374535 0.338485 0.863221
vn 0.471115 0.231058 0.851272
vn -0.708372 -0.114201 0.69654
vn 0.404366 0.292981 0.866401
vn 0.65763 0.39165 0.643531
vn 0.973537 -0.227964 0.016089
vn -0.07698 0.967643 0.240293
vn 0.446109 0.884356 0.137483
vn -0.501053 0.840423 -0.206484
vn -0.722145 0.652442 -0.229837
vn -0.359375 0.715796 -0.598737
vn -0.469214 0.855355 -0.219558
vn -0.373393 0.926229 -0.05174
vn 0.501814 0.837807 -0.215087
vn 0.076242 0.435462 -0.896973
vn 0.093933 0.4399 -0.893121
vn 0.708372 0.114201 -0.69654
vn 0.982983 0.072001 -0.168999
vn 0.915029 -0.031316 -0.40217
vn 0.789813 -0.054989 -0.610878
vn -0.915045 0.031139 0.402147
vn -0.706899 -0.114303 0.698017
vn 0.670337 -0.740312 0.050862
vn 0.67546 -0.735816 0.048252
vn 0.683716 -0.729273 0.026339
vn 0.588653 -0.800279 0.114199
vn 0.395741 -0.7867 -0.473807
vn 0.52806 -0.772328 -0.353074
vn 0.559812 -0.818842 -0.126922
vn 0.665869 -0.736812 0.117157
vn 0.237719 -0.904121 0.355041
vn 0.490866 -0.870274 0.040907
vn -0.104009 0.700025 -0.706503
vn 0.252596 0.710498 0.656802
vn 0.86863 -0.492812 0.051168
vn 0.900624 -0.225426 0.371564
vn 0.946842 -0.134009 0.29246
vn -0.240294 0.970542 -0.017545
vn 0.898601 -0.239942 0.367349
vn -0.083012 0.996 -0.033048
vn 0.468755 -0.882875 0.028299
vn 0.977182 0.138234 0.161268
vn 0.172572 0.965866 -0.193188
vn 0.181822 0.943447 -0.277217
vn -0.220559 0.405127 -0.887257
vn -0.453971 -0.881264 0.131469
vn 0.856275 -0.427428 -0.289998
vn -0.061329 0.653838 -0.754145
vn -0.215517 0.552966 -0.804849
vn 0.503541 -0.863957 0.004979
vn -0.207964 0.947101 -0.244437
vn 0.89595 0.265156 -0.356323
vn -0.231535 0.937201 -0.260855
vn 0.412895 -0.381675 -0.826947
vn -0.189655 -0.15394 -0.969708
vn 0.188874 0.151698 0.970214
vn 0.85931 0.339219 -0.382775
vn 0.750767 -0.660519 0.008015
vn 0.631854 -0.703276 0.325827
vn 0.62375 -0.73183 0.274521
vn -0.416944 0.377041 0.827042
vn 0.820334 -0.321909 -0.472681
vn -0.371568 0.795819 -0.478131
vn 0.794526 -0.286046 -0.535636
vn 0.536416 -0.798353 0.27366
vn 0.569217 -0.814769 0.110201
vn 0.926552 -0.063612 -0.370749
vn 0.416944 -0.377041 -0.827042
vn -0.188874 -0.151698 -0.970214
vn -0.99938 -0.030902 0.016887
vn 0.428723 0.841599 -0.328493
vn 0.197773 0.97262 0.122048
vn -0.735687 -0.205779 0.645306
vn 0.948663 -0.102851 -0.299098
vn -0.035918 0.956372 0.289935
vn 0.608357 0.790134 -0.074762
vn -0.254539 -0.869365 -0.423573
vn 0.17594 -0.745412 -0.642967
vn 0.665213 0.743436 -0.069242
vn 0.545447 0.795673 -0.263422
vn 0.544757 -0.65604 -0.522352
vn 0.320621 -0.675443 -0.664062
vn 0.423241 0.439265 -0.79241
vn 0.247917 -0.475335 -0.844153
vn 0.545366 0.334272 -0.76866
vn 0.438947 0.710026 -0.550625
vn 0.401471 0.092366 -0.911202
vn -0.170063 0.907824 -0.38332
vn -0.086817 0.891152 -0.44532
vn 0.750262 -0.108315 0.652207
vn -0.181862 0.958317 -0.220354
vn 0.407941 -0.387486 -0.826704
vn -0.190129 -0.156846 -0.969149
vn -0.035511 -0.999363 0.00363
vn -0.915067 0.030919 0.402115
vn -0.706656 -0.113618 0.698376
vn 0.706656 0.113618 -0.698376
vn 0.915067 -0.030919 -0.402115
vn -0.999386 -0.030707 0.016902
vn -0.735658 -0.204564 0.645725
vn 0.750339 -0.107614 0.652236
vn 0.036287 0.963979 -0.26349
vn -0.104387 0.964375 -0.243074
vn -0.094663 0.705569 -0.70229
vn -0.392972 0.736575 -0.550481
vn -0.535707 0.533865 -0.654221
vn 0.410309 -0.385886 -0.82628
vn -0.189767 -0.156035 -0.969351
vn 0.144317 0.9792 -0.142621
vn 0.253841 -0.172988 0.951651
vn 0.029023 0.792454 -0.609241
vn 0.390241 0.798806 -0.457843
vn 0.270361 0.74948 -0.604304
vn 0.169021 0.977215 -0.128384
vn 0.259961 0.95806 -0.120587
vn -0.071253 0.970713 -0.229433
vn 0.204297 -0.178519 0.962494
vn 0.198677 -0.132607 0.971053
vn 0.198669 -0.133334 0.970954
vn 0.177266 0.873963 0.45251
vn -0.4152 0.903695 -0.104613
vn 0.196235 -0.174474 0.96491
vn 0.204489 -0.145165 0.968045
vn 0.182893 0.929281 0.320916
vn 0.19724 -0.162807 0.966742
vn 0.200077 0.896815 0.394579
vn 0.284597 -0.157647 0.945596
vn 0.287912 -0.169189 0.942593
vn 0.269218 0.891064 0.365413
vn -0.001896 -0.103839 0.994592
vn 0.011171 -0.238859 0.97099
vn 0.011173 -0.262382 0.964899
vn 0.00979 -0.295528 0.955284
vn 0.012814 -0.24787 0.968709
vn 0.033377 -0.170785 0.984743
vn 0.123449 0.952442 0.278595
vn 0.052666 -0.121634 0.991177
vn 0.089884 -0.119057 0.988811
vn 0.092847 -0.143008 0.985357
vn 0.135683 0.754141 0.642543
vn 0.094972 -0.333389 0.937994
vn 0.163386 -0.229182 0.959573
vn 0.17889 0.942198 0.283305
vn -0.655677 -0.556988 -0.509756
vn -0.650262 0.068422 -0.756623
vn -0.629449 0.335963 -0.700659
vn -0.435709 -0.080345 -0.896495
vn -0.041526 -0.064285 0.997067
vn -0.03196 -0.114017 0.992965
vn -0.022275 -0.113622 0.993274
vn 0.064984 0.871573 0.48594
vn -0.021696 -0.115677 0.99305
vn -0.035628 -0.153394 0.987523
vn -0.006124 0.953782 0.300438
vn 0.107381 0.953987 0.279961
vn -0.024069 -0.152295 0.988042
vn -0.025291 -0.141997 0.989544
vn -0.023854 -0.141852 0.9896
vn 0.10993 0.947752 0.299467
vn -0.024212 -0.138397 0.990081
vn -0.024219 -0.090594 0.995593
vn 0.118935 0.87673 0.466046
vn -0.034671 -0.381473 0.923729
vn 0.051783 -0.234211 0.970806
vn 0.137097 0.924162 0.35655
vn 0.244411 0.909543 -0.336148
vn 0.094675 0.705655 -0.702202
vn -0.040444 0.934047 -0.354853
vn 0.6685 -0.105369 -0.73621
vn 0.622623 -0.076017 -0.778821
vn -0.622623 0.076017 0.778821
vn -0.222084 0.747966 0.625481
vn -0.331394 -0.084282 0.93972
vn -0.92414 -0.095718 -0.369868
vn 0.302317 -0.25011 -0.919809
vn 0.510034 -0.341863 -0.7893
vn 0.431891 -0.064562 0.899612
vn -0.730199 -0.114681 0.673542
vn -0.999425 -0.027296 0.020091
vn -0.137195 0.924394 0.355912
vn -0.56919 -0.210989 -0.794674
vn 0.481228 -0.382306 -0.788836
vn 0.034468 -0.375249 0.926283
vn -0.118935 0.876728 0.46605
vn 0.024219 -0.090604 0.995592
vn 0.024212 -0.138398 0.990081
vn -0.10993 0.947751 0.29947
vn 0.023854 -0.141848 0.989601
vn 0.025292 -0.141993 0.989545
vn 0.024069 -0.152295 0.988042
vn -0.107381 0.953986 0.279965
vn 0.035628 -0.153394 0.987523
vn 0.021695 -0.115674 0.99305
vn -0.076743 0.955186 0.285886
vn -0.006148 0.869032 0.494718
vn 0.022274 -0.113618 0.993275
vn 0.031967 -0.114014 0.992965
vn 0.041529 -0.064297 0.997066
vn 0.992719 -0.116713 -0.029779
vn -0.178904 0.942157 0.283432
vn -0.163347 -0.229254 0.959563
vn -0.094964 -0.333431 0.93798
vn -0.092846 -0.143056 0.98535
vn -0.089855 -0.118868 0.988836
vn -0.117285 0.668345 0.734547
vn -0.052748 -0.121438 0.991196
vn -0.022642 -0.19785 0.979971
vn -0.140323 0.898676 0.41556
vn -0.013116 -0.320848 0.94704
vn -0.01876 -0.230017 0.973006
vn -0.019724 -0.200098 0.979577
vn -0.705875 -0.036146 0.707414
vn -0.019069 -0.17876 0.983708
vn -0.914867 0.075361 0.39666
vn 0.462275 0.456425 -0.760248
vn 0.468644 0.457892 -0.755452
vn -0.468644 -0.457892 0.755452
vn -0.462275 -0.456425 0.760248
vn 0.48077 0.44071 -0.758047
vn -0.333387 0.527467 -0.781429
vn -0.17218 -0.314461 0.933525
vn -0.190617 0.947823 0.255532
vn -0.189382 -0.266939 0.944922
vn -0.213319 0.848073 0.485044
vn -0.194617 -0.209591 0.958225
vn 0.894765 -0.054058 0.443252
vn -0.617647 -0.184315 0.764552
vn 0.062935 0.942304 -0.328789
vn -0.163341 0.84684 0.506144
vn -0.197256 -0.143443 0.969801
vn -0.197233 -0.14316 0.969848
vn -0.20955 -0.14177 0.967466
vn -0.245702 0.667734 0.702682
vn -0.262177 0.016028 0.964887
vn -0.951451 -0.125119 0.281224
vn 0.472983 0.444748 -0.760583
vn -0.330573 0.529052 -0.781554
vn -0.260959 0.031747 0.964828
vn 0.894046 -0.051981 0.44495
vn -0.309523 -0.122837 0.942924
vn -0.615692 -0.184342 0.766121
vn -0.95108 -0.120579 0.284442
vn -0.327433 0.525184 -0.785474
vn -0.834846 0.35605 -0.419834
vn 0.834846 -0.35605 0.419834
vn 0.327433 -0.525184 0.785474
vn -0.324316 0.516319 -0.792612
vn -0.545272 0.443952 -0.711045
vn -0.428726 0.841602 -0.328482
vn -0.673368 0.73882 0.026856
vn -0.998303 0.043217 -0.039027
vn -0.743743 -0.426755 -0.514516
vn -0.94745 0.319155 -0.021865
vn 0.254825 -0.869328 -0.423477
vn -0.665216 0.743434 -0.069241
vn -0.545449 0.795673 -0.263419
vn 0.222419 -0.867397 -0.445143
vn -0.3279 -0.696596 -0.63815
vn -0.743394 -0.316583 -0.589187
vn -0.109553 -0.122976 -0.986344
vn -0.70046 0.16122 -0.695244
vn -0.545368 0.33427 -0.768659
vn -0.403441 0.095328 -0.910026
vn -0.438945 0.710035 -0.550617
vn 0.274433 0.675604 -0.684285
vn 0.170116 0.907822 -0.3833
vn 0.012403 0.763965 -0.645138
vn 0.698938 -0.298138 0.650076
vn -0.586137 -0.24591 0.771992
vn 0.930424 0.069214 0.359891
vn 0.29109 0.930528 -0.222227
vn -0.202013 0.969426 -0.139301
vn -0.999173 0.031347 0.025883
vn 0.470872 0.4479 -0.760043
vn -0.327001 0.530131 -0.782325
vn -0.607575 0.258801 0.750916
vn -0.385002 0.878963 0.281422
vn -0.526284 0.139569 0.838776
vn -0.432717 0.829147 0.353935
vn -0.513298 0.237077 0.824815
vn -0.455662 0.237265 0.857949
vn -0.421253 0.114919 0.899633
vn -0.384046 -0.054117 0.921726
vn -0.426179 0.214303 0.878889
vn -0.398984 0.391658 0.829105
vn -0.29601 0.842634 0.449829
vn -0.376958 0.669027 0.640551
vn -0.453796 0.204493 0.867324
vn -0.014488 0.97894 -0.203634
vn -0.061676 0.991301 -0.116269
vn -0.494585 0.205875 0.844394
vn -0.437771 0.667036 0.602843
vn -0.504863 0.02765 0.862757
vn -0.501258 0.054755 0.863564
vn -0.433073 0.694438 0.574633
vn -0.166155 0.986082 0.005889
vn -0.377521 0.056735 0.924261
vn -0.360772 0.127689 0.923872
vn -0.175848 0.297293 0.938453
vn -0.251832 0.727549 0.638164
vn -0.050812 0.995386 0.081391
vn -0.005128 0.363998 0.931385
vn 0.022064 0.168497 0.985455
vn 0.198648 0.384017 0.901704
vn -0.47314 0.148971 0.868301
vn -0.175224 0.414096 0.893208
vn -0.586868 0.406578 0.7002
vn -0.06436 0.831628 0.55159
vn 0.894226 -0.055883 0.444114
vn -0.759951 0.564919 0.321466
vn -0.611692 -0.193165 0.767151
vn -0.950014 -0.130938 0.283422
vn -0.322762 0.516575 -0.79308
vn 0.272516 0.675784 -0.684873
vn 0.893951 -0.054869 0.444794
vn -0.612285 -0.187297 0.768132
vn -0.950035 -0.12814 0.284628
vn -0.325722 0.528855 -0.78372
vn 0.258392 0.688137 -0.678012
vn 0.894276 -0.056919 0.443881
vn -0.611195 -0.188281 0.768759
vn -0.950128 -0.126543 0.285033
vn -0.318976 0.504958 -0.802042
vn 0.28805 0.660028 -0.693823
vn 0.893258 -0.050734 0.446673
vn -0.61188 -0.187511 0.768402
vn -0.950048 -0.12709 0.285055
vn 0.077256 0.523816 -0.848321
vn 0.35165 0.593512 -0.723937
vn 0.378086 0.859769 -0.34329
vn 0.140634 0.975504 -0.169154
vn 0.431277 0.811871 -0.39353
vn -0.35165 -0.593512 0.723937
vn -0.077256 -0.523816 0.848321
vn 0.482572 0.432019 -0.761895
vn -0.323224 0.517066 -0.792571
vn 0.893292 -0.050714 0.446607
vn -0.61607 -0.184051 0.765887
vn -0.950321 -0.121456 0.286598
vn -0.117418 0.980594 -0.157
vn -0.319798 0.504928 -0.801734
vn 0.286083 0.663396 -0.69142
vn 0.892827 -0.047821 0.447854
vn -0.61701 -0.176648 0.766873
vn -0.950387 -0.122322 0.286011
vn 0.462035 0.44526 -0.766986
vn 0.470781 0.446922 -0.760674
vn -0.470781 -0.446922 0.760674
vn -0.462035 -0.44526 0.766986
vn -0.326239 0.525807 -0.785554
vn 0.286255 0.668766 -0.686156
vn 0.897005 -0.074498 0.435698
vn -0.382515 0.859237 -0.339698
vn -0.466866 0.766233 -0.441501
vn -0.616006 -0.178326 0.767292
vn -0.951384 -0.103055 0.290254
vn 0.461867 0.45441 -0.761703
vn -0.706779 0.43465 -0.55816
vn 0.99701 0.011403 0.076422
vn -0.604036 -0.203072 0.770651
vn -0.951022 -0.116711 0.286243
vn 0.456115 0.460066 -0.761773
vn -0.332936 0.544186 -0.770075
vn 0.89577 -0.06324 0.439996
vn -0.60922 -0.190001 0.769903
vn -0.951204 -0.117467 0.285327
vn 0.473894 0.447735 -0.758259
vn -0.333646 0.535238 -0.776016
vn 0.286534 -0.203933 -0.936114
vn -0.300044 -0.262185 -0.917187
vn 0.23232 0.354136 -0.905878
vn 0.896479 -0.064334 0.438391
vn -0.61228 -0.19108 0.767204
vn -0.951897 -0.11683 0.28327
vn -0.33752 0.550327 -0.763688
vn 0.897449 -0.070903 0.435383
vn 0.58982 0.245332 -0.769366
vn -0.58982 -0.245332 0.769366
vn -0.951311 -0.129809 0.279566
vn -0.290015 0.529461 -0.797222
vn -0.841589 0.339041 -0.420452
vn -0.46604 -0.473519 0.747387
vn 0.910374 0.189149 0.368025
vn 0.921951 0.367978 -0.120822
vn 0.997383 0.072036 -0.006217
vn 0.982403 0.17032 -0.076655
vn 0.95651 0.290492 -0.026502
vn 0.514747 0.807745 0.287375
vn 0.985933 0.144554 0.08391
vn 0.53134 0.733344 0.424127
vn 0.988616 0.1146 0.097497
vn -0.330931 -0.942126 0.053692
vn 0.986192 0.144945 0.080099
vn -0.067872 0.835979 0.544547
vn 0.983883 0.148769 0.099208
vn 0.552785 0.687366 0.471123
vn 0.983726 0.150314 0.09843
vn 0.547676 0.641994 0.536558
vn 0.826276 0.419028 0.376408
vn 0.838717 0.46704 0.28005
vn 0.333085 -0.369346 -0.867547
vn 0.19039 0.079671 -0.97847
vn 0.077046 0.057252 -0.995382
vn 0.522832 -0.061607 -0.850207
vn -0.787675 -0.579401 0.209432
vn -0.998277 0.023832 0.053624
vn -0.999812 0.018245 0.006506
vn -0.953174 -0.095283 0.287018
vn 0.499304 -0.059483 -0.864383
vn 0.301184 -0.19518 -0.933377
vn -0.981249 -0.192619 -0.006909
vn -0.866036 -0.460089 0.195704
vn -0.566529 -0.533296 -0.628204
vn -0.405233 -0.599804 0.689943
vn 0.109589 -0.901394 -0.418903
vn -0.235525 -0.798909 0.553419
vn 0.82222 0.0326 -0.568236
vn 0.711247 -0.663077 -0.23336
vn -0.272775 -0.942958 -0.190851
vn 0.053908 -0.877624 -0.476309
vn 0.690296 -0.206547 -0.693419
vn 0.100404 -0.398473 -0.911668
vn 0.488956 -0.113615 -0.864878
vn 0.540322 -0.005473 -0.841441
vn 0.57056 0.234803 -0.786974
vn -0.139567 -0.411866 -0.900493
vn -0.849371 -0.517042 -0.106004
vn -0.665556 -0.44397 0.599938
vn -0.015858 0.897101 0.441541
vn -0.883026 -0.339209 0.324348
vn -0.904319 -0.426104 0.025356
vn -0.767001 -0.154897 0.622669
vn -0.50519 -0.688511 -0.520322
vn 0.649716 0.734421 0.196201
vn 0.762658 0.642584 0.073748
vn 0.413996 0.892257 0.180233
vn -0.95184 -0.296959 0.076265
vn 0.703253 0.701624 0.114717
vn 0.711362 0.699642 0.066816
vn -0.46848 0.883311 0.016984
vn 0.096522 0.992584 -0.073894
vn 0.317494 0.942817 -0.10146
vn 0.753808 0.630975 0.18342
vn 0.204558 0.969003 0.138521
vn 0.857622 0.509089 0.072892
vn -0.032757 0.97292 0.22881
vn 0.83528 0.546255 0.062555
vn 0.706163 0.68808 0.166976
vn 0.026696 0.95297 0.301888
vn 0.218447 0.93835 0.267918
vn 0.235175 0.918489 0.317915
vn -0.067414 0.9053 0.419389
vn -0.842704 -0.522445 0.130009
vn -0.006401 0.910587 0.413267
vn -0.700146 -0.703807 -0.120212
vn -0.808392 -0.587647 -0.034266
vn -0.387514 0.832301 0.396369
vn -0.87487 -0.477939 0.078593
vn -0.480948 -0.86757 -0.126534
vn -0.96323 -0.265632 0.040348
vn -0.499445 -0.85428 -0.144086
vn -0.970115 -0.236025 0.056296
vn -0.36853 -0.915798 -0.159686
vn -0.562019 -0.821653 -0.094981
vn -0.317538 -0.943622 -0.093526
vn -0.209598 -0.968639 -0.133443
vn -0.24609 -0.967489 0.058352
vn -0.281878 -0.954128 0.100916
vn -0.631907 -0.737146 0.239394
vn -0.276453 -0.955553 0.102428
vn -0.553284 -0.822785 0.130008
vn -0.646143 -0.743872 0.170743
vn -0.698089 -0.69441 0.174546
vn -0.757015 -0.630788 0.170396
vn 0.170523 0.82965 -0.531604
vn 0.562454 -0.560561 -0.607797
vn 0.476577 -0.874217 -0.092836
vn -0.552319 -0.822968 0.132919
vn -0.556092 -0.583937 0.591421
vn -0.431569 -0.708146 0.558818
vn 0.821154 -0.532497 -0.205314
vn -0.981331 -0.095834 0.166748
vn 0.015119 -0.790935 0.611713
vn 0.766671 -0.640146 0.049286
vn -0.928906 -0.289258 0.231222
vn -0.16554 0.813923 0.556889
vn 0.262284 0.718899 0.643732
vn -0.828669 0.426613 0.362365
vn -0.818034 0.328193 0.472346
vn -0.886621 -0.067664 0.457521
vn -0.26057 0.927875 0.266741
vn -0.967072 0.199153 0.158461
vn -0.944457 -0.078339 0.319163
vn -0.900068 -0.222568 0.37462
vn -0.530314 -0.84395 -0.080719
vn -0.885875 -0.46333 0.02347
vn -0.556658 -0.826128 -0.087432
vn -0.96515 -0.245799 0.089821
vn -0.994662 -0.007449 0.102918
vn -0.970762 -0.178328 0.160684
vn -0.132479 0.95204 0.275805
vn 0.422337 0.888972 0.177088
vn -0.096568 0.948748 0.300917
vn 0.611862 0.77053 0.17863
vn -0.992641 0.022837 0.118925
vn -0.246123 0.91053 0.332202
vn -0.376637 0.870962 0.315545
vn -0.082479 0.773304 -0.628648
vn 0.228201 0.470944 -0.852136
vn 0.27692 0.475415 -0.835042
vn 0.44244 0.505697 -0.740619
vn -0.073391 0.614057 -0.785842
vn -0.596269 -0.545737 -0.588756
vn -0.537931 0.835338 0.113315
vn 0.35276 -0.313941 -0.881477
vn -0.561778 0.756416 -0.335023
vn -0.968451 0.233191 0.087893
vn -0.06053 -0.913257 0.402862
vn -0.893822 0.018016 0.448059
vn -0.90864 -0.137142 0.394418
vn -0.751368 -0.659877 -0.002876
vn -0.326803 -0.890068 0.317771
vn -0.765897 -0.04088 0.641662
vn -0.690522 0.721572 -0.050134
vn 0.980981 0.020757 0.192992
vn 0.97234 0.201493 0.118138
vn 0.747732 0.420667 0.513747
vn 0.984036 0.013718 0.17744
vn 0.745809 -0.58076 -0.326324
vn 0.794525 0.533607 0.289815
vn 0.16234 -0.211244 -0.963858
vn 0.967106 -0.045809 0.250216
vn -0.289735 0.917769 0.271575
vn 0.993833 0.064118 0.090472
vn 0.991021 -0.025373 0.131278
vn 0.799408 0.107279 -0.591133
vn 0.816226 0.237159 -0.526812
vn 0.457145 0.634157 -0.623589
vn 0.741035 0.297176 -0.602125
vn 0.738275 0.264418 -0.620511
vn 0.655177 0.231105 -0.719259
vn 0.534245 0.318703 -0.78295
vn -0.226092 0.675225 0.702106
vn -0.389123 0.471532 0.791354
vn -0.335609 0.491082 0.803869
vn -0.929129 0.35765 0.093842
vn -0.371097 0.189661 0.909019
vn -0.929764 0.142563 0.339432
vn -0.451176 0.167756 0.876526
vn -0.970204 0.23519 0.05823
vn -0.471921 -0.078937 0.8781
vn -0.974116 0.029181 0.224159
vn -0.987731 0.142601 0.06366
vn -0.902079 0.399656 0.162877
vn -0.993432 0.114246 -0.006445
vn -0.710233 0.661322 0.241293
vn -0.711182 0.67923 0.181293
vn -0.993819 0.111003 0.00127
vn -0.825562 0.549652 0.127788
vn -0.999294 0.036909 0.006969
vn -0.282012 0.925492 0.252849
vn 0 0.968434 0.249272
vn 0 0.921551 0.388258
vn -0.99969 0.018061 -0.017111
vn 0.225245 0.946937 0.229291
vn 0.859996 0.482422 0.166361
vn 0.925505 0.378708 0.004563
vn 0.233086 0.970432 -0.062706
vn 0.949675 0.312733 -0.017757
vn 0.878118 -0.117129 -0.463885
vn 0.54981 -0.797426 -0.248637
vn 0.992802 0.115553 0.031485
vn 0.912605 -0.403919 0.063254
vn 0.884448 -0.465109 0.037746
vn 0.984601 -0.021628 0.173475
vn 0.98114 -0.154515 0.116141
vn 0.64703 0.691192 0.321878
vn 0.820657 0.482507 0.30612
vn 0.793749 0.499264 0.347416
vn 0.209483 0.889848 0.405323
vn 0.810947 0.42998 0.39684
vn 0.546732 0.797516 0.255054
vn 0.988298 0.020344 -0.151172
vn -0.154017 0.958886 0.238364
vn 0.049081 0.959713 0.276662
vn 0.66198 0.687 0.29969
vn 0.71654 0.670036 0.193965
vn 0.692371 0.691931 0.204583
vn -0.191346 0.96348 0.187329
vn 0.894703 0.445691 -0.029435
vn -0.165538 0.969027 0.183261
vn 0.015858 0.897101 0.441541
vn 0.542007 0.802627 0.249035
vn -0.670622 0.721501 0.172344
vn -0.704484 0.706547 0.06704
vn -0.711869 0.699012 0.068013
vn -0.096522 0.992584 -0.073894
vn -0.322039 0.941216 -0.101992
vn -0.752892 0.632933 0.180417
vn -0.209219 0.968028 0.138382
vn 0.013431 0.974557 0.223739
vn -0.86472 0.498615 0.060356
vn -0.85899 0.509534 0.050114
vn -0.134564 0.955411 0.262836
vn -0.07551 0.947068 0.312025
vn 0.121723 0.951917 0.281138
vn 0.969717 -0.233663 0.071068
vn 0.566079 -0.817227 -0.108141
vn 0.299841 -0.948521 -0.101993
vn 0.573083 -0.814623 -0.089247
vn 0.392959 -0.905888 -0.157958
vn 0.970912 -0.229771 0.067351
vn 0.988857 0.067322 0.132776
vn 0.238325 0.913619 0.329396
vn -0.059757 0.947579 0.313883
vn -0.726229 0.668029 0.162259
vn 0.203209 0.904381 0.375236
vn 0.248832 0.893709 0.373318
vn 0.991037 -0.094015 0.094909
vn 0.972762 -0.220059 0.072862
vn 0.528146 -0.84099 -0.117464
vn 0.586245 -0.802329 -0.112186
vn 0.480623 -0.867746 -0.12656
vn 0.972392 -0.221459 0.073554
vn 0.194192 0.886756 0.419468
vn 0.899792 -0.428505 0.082203
vn -0.049887 0.905015 0.422444
vn 0.683128 -0.730254 -0.008093
vn 0.811618 -0.583198 -0.034007
vn 0.341288 -0.656084 0.67311
vn 0.318527 0.917201 -0.239339
vn 0.955989 0.2713 0.111718
vn 0.96737 0.189201 0.168518
vn 0.957389 0.253073 0.139144
vn -0.338603 0.639554 -0.690158
vn -0.318901 0.799069 -0.509697
vn 0.996121 0.059117 0.065185
vn 0.88802 0.436292 0.145156
vn 0.983361 -0.14229 0.112936
vn 0.813651 0.263462 -0.518227
vn 0.692199 -0.631274 0.349791
vn 0.726612 0.661215 -0.186629
vn 0.794363 0.607192 0.017477
vn -0.086874 -0.925961 0.36749
vn 0.978799 0.16029 0.127511
vn -0.420126 -0.182411 -0.888944
vn -0.305857 -0.365457 -0.879143
vn -0.729724 0.328907 -0.599436
vn -0.550153 0.723955 -0.416198
vn -0.712506 0.111001 -0.69283
vn -0.738297 0.264649 -0.620386
vn -0.654955 0.231283 -0.719404
vn 0.426021 0.867364 0.257266
vn -0.501472 0.339503 -0.795778
vn -0.132933 0.747271 -0.651087
vn 0.857692 0.461645 0.226382
vn 0.331097 -0.098113 -0.938482
vn 0.967539 0.227619 0.109809
vn 0.960638 0.253752 0.113073
vn -0.733826 -0.018621 -0.679082
vn 0.730567 0.671554 0.123637
vn 0.887336 0.454806 0.076076
vn 0.946855 0.313087 0.073771
vn 0.992983 -0.041379 0.110784
vn 0.13095 -0.99138 0.004275
vn 0.183205 -0.982974 0.014081
vn -0.37097 -0.928229 -0.027807
vn -0.671659 -0.725256 0.151254
vn 0.261428 -0.964332 -0.041464
vn -0.945976 0.246525 -0.210605
vn -0.944848 -0.313853 -0.09359
vn 0.073617 -0.994679 -0.072068
vn 0.986643 -0.14095 0.081663
vn 0.958539 0.223372 0.17694
vn 0.95732 0.222587 0.184374
vn 0.896811 -0.439334 0.052108
vn 0.947531 0.268357 0.173693
vn 0.197609 -0.977842 -0.069113
vn 0.331738 -0.942047 -0.049978
vn 0.961863 0.12989 0.240723
vn 0.363046 -0.887992 -0.282256
vn 0.767525 -0.637556 -0.066539
vn 0.236453 -0.937179 -0.256486
vn 0.291731 -0.925749 -0.240584
vn -0.087961 -0.990009 -0.110204
vn 0.954698 0.082738 0.285843
vn 0.005826 -0.987666 -0.156464
vn 0.043315 0.938664 0.342102
vn 0.576269 0.40803 0.708114
vn 0.175243 0.414096 0.893205
vn 0.473109 0.149063 0.868302
vn -0.283414 0.161313 0.945333
vn -0.041965 0.370012 0.928079
vn 0.005125 0.363995 0.931387
vn 0.37179 0.563585 0.737661
vn 0.061691 0.993719 0.093363
vn 0.316893 0.693087 0.647464
vn 0.331021 -0.914338 -0.233262
vn 0.175849 0.297289 0.938454
vn 0.360732 0.127727 0.923882
vn 0.377525 0.056583 0.924269
vn 0.501278 0.054614 0.863561
vn -0.755371 0.200952 -0.623725
vn 0.504863 0.027654 0.862757
vn 0.413588 0.695132 0.587993
vn 0.474602 0.345356 0.809618
vn 0.151353 0.988308 0.018427
vn -0.069925 0.925611 -0.371961
vn 0.332791 0.835464 0.437321
vn 0.454061 0.257891 0.852831
vn 0.401278 0.258443 0.87874
vn 0.403732 0.249063 0.880323
vn 0.355889 0.726992 0.587219
vn 0.418134 0.0983 0.903051
vn -0.004478 0.985639 -0.168807
vn 0.280632 0.842675 0.459505
vn 0.421252 0.114919 0.899633
vn 0.455663 0.237269 0.857948
vn 0.229394 0.9619 -0.148753
vn 0.125422 0.950654 -0.283771
vn -0.913741 -0.340849 -0.221131
vn -0.581459 -0.784392 -0.21595
vn 0.513297 0.237082 0.824814
vn -0.931706 -0.298268 -0.20727
vn 0.432717 0.829147 0.353936
vn 0.526284 0.139569 0.838776
vn 0.385306 0.878684 0.281876
vn 0.607957 0.259409 0.750396
vn 0.21489 0.685279 0.695856
vn 0.456356 0.255866 0.852216
vn -0.254295 0.936871 -0.240013
vn -0.343397 -0.885543 -0.312879
vn -0.872579 -0.469358 -0.135311
vn -0.350557 -0.919023 -0.180297
vn -0.634899 -0.761573 -0.130038
vn -0.651359 -0.463656 0.600628
vn -0.711998 -0.697856 -0.077815
vn -0.803192 -0.592326 -0.063501
vn -0.561874 -0.825751 -0.049319
vn -0.123894 -0.428013 0.89524
vn -0.038193 -0.428025 0.90296
vn 0.336921 -0.820564 0.461691
vn 0.045587 -0.47885 0.876712
vn -0.399182 -0.416717 0.816701
vn 0.226092 0.675226 0.702106
vn 0.389123 0.471533 0.791353
vn 0.335608 0.491083 0.803869
vn 0.929128 0.357652 0.093841
vn 0.371096 0.189662 0.909019
vn 0.929764 0.142566 0.339431
vn 0.451176 0.167758 0.876526
vn 0.970203 0.235192 0.05823
vn 0.471921 -0.078936 0.8781
vn 0 -0.057325 0.998356
vn 0 0.782468 0.622691
vn 0.974116 0.029183 0.224159
vn 0.985417 0.168156 0.02603
vn 0.996629 0.064116 0.05119
vn 0.834428 0.492118 0.248094
vn -0.014462 0.939324 0.342725
vn 0.754945 0.633607 0.169115
vn 0.992812 0.119416 0.008056
vn 0.892537 0.43926 0.102122
vn 0.999342 0.035834 0.005592
vn 0.321191 0.912965 0.251657
vn 0.997582 -0.020594 -0.066383
vn -0.092758 0.995203 -0.031099
vn -0.144368 0.899029 -0.413407
vn -0.400582 0.901486 0.163882
vn -0.74505 -0.660125 -0.095579
vn -0.677372 -0.733908 0.050471
vn -0.624636 -0.779107 0.05312
vn -0.230575 -0.961431 0.149953
vn -0.727742 -0.681223 0.079539
vn -0.433427 -0.899165 0.060359
vn -0.359465 -0.554422 0.7506
vn -0.816962 -0.508976 0.27114
vn -0.084468 0.114444 -0.989832
vn -0.494585 0.056014 -0.867322
vn -0.257836 -0.08315 -0.962604
vn -0.637375 -0.350198 0.686378
vn -0.274367 -0.623922 -0.73174
vn -0.642966 0.262187 -0.71962
vn -0.218876 -0.665322 -0.71375
vn -0.231487 -0.666673 -0.708492
vn -0.812918 -0.352622 -0.463489
vn -0.776292 -0.381276 -0.501996
vn -0.481096 -0.574055 -0.662577
vn -0.925913 -0.218639 -0.308029
vn -0.812403 -0.352735 -0.464305
vn -0.37751 -0.57089 -0.729089
vn -0.586412 -0.462346 -0.665099
vn -0.854778 -0.27031 -0.443042
vn -0.947383 -0.121148 -0.296292
vn -0.26669 -0.358656 -0.894563
vn -0.705793 0.556243 0.438691
vn -0.341237 0.759571 0.553724
vn -0.983456 0.168939 0.065368
vn -0.423184 0.737129 0.526836
vn -0.960712 0.259403 0.098707
vn -0.996166 0.047444 -0.073502
vn -0.308932 0.806732 0.503731
vn -0.18787 0.821287 0.538696
vn -0.96615 0.254716 0.040907
vn -0.856721 0.453264 0.24613
vn -0.949835 0.30463 0.070816
vn -0.97669 -0.03285 -0.212128
vn -0.978665 -0.018453 -0.20463
vn -0.321525 0.839067 0.438849
vn -0.103481 0.849373 0.517549
vn -0.836146 0.531101 0.137079
vn -0.967913 0.14689 -0.20388
vn -0.116065 0.874093 0.471688
vn -0.811488 0.555288 0.182051
vn -0.063902 0.87016 0.488609
vn -0.054456 0.931672 0.359196
vn 0.209075 0.951029 0.227667
vn -0.309359 0.920365 0.239217
vn -0.866447 0.498314 -0.030878
vn -0.107894 0.994141 -0.006502
vn 0.202213 0.906546 0.370519
vn -0.051486 0.285378 -0.957031
vn 0.238897 0.907284 0.34607
vn -0.039529 -0.165032 0.985496
vn -0.936498 0.347594 0.046367
vn -0.99956 0.025925 0.014414
vn -0.989026 -0.0137 0.147107
vn -0.825585 0.491304 0.277543
vn -0.830796 0.555993 0.025493
vn -0.110927 0.913559 0.391287
vn 0.161399 0.915031 0.369686
vn -0.90397 0.411506 -0.116197
vn -0.933428 0.185181 -0.307279
vn -0.741277 0.071538 -0.667377
vn -0.842741 0.200354 -0.499645
vn -0.209484 0.889848 0.405323
vn 0.154017 0.958886 0.238364
vn -0.049081 0.959713 0.276662
vn -0.546735 0.797514 0.255054
vn -0.526309 0.813619 0.247029
vn -0.442375 0.534597 0.720077
vn -0.779418 0.604286 0.165365
vn 0.204605 0.961796 0.181893
vn -0.51262 0.826961 0.23099
vn -0.541422 0.803133 0.248674
vn -0.681007 0.686995 0.253508
vn -0.674388 0.657291 0.336405
vn -0.804799 0.45357 0.382849
vn -0.498279 -0.860609 0.105215
vn -0.910158 0.249602 0.330622
vn -0.015113 -0.986846 -0.160954
vn -0.960045 0.115031 0.255109
vn -0.961864 0.129888 0.240723
vn -0.682248 0.685409 0.254463
vn -0.952603 0.23861 0.188712
vn -0.957311 0.231096 0.173641
vn -0.940642 0.319635 0.114135
vn -0.793761 0.585352 0.165248
vn -0.805408 0.570174 0.161927
vn -0.964518 0.255301 0.06728
vn -0.991937 0.125199 -0.019669
vn -0.810947 0.429981 0.39684
vn -0.813486 0.416654 0.405758
vn -0.66399 0.655036 0.360617
vn -0.98648 0.146971 0.072502
vn -0.794013 -0.607855 0.007434
vn -0.718705 -0.683667 -0.126736
vn -0.964954 -0.25973 0.037483
vn -0.89797 0.435342 0.064241
vn -0.338853 -0.098658 -0.935652
vn -0.10039 -0.079714 -0.99175
vn -0.961563 0.274256 0.01344
vn -0.116576 0.990834 -0.068248
vn -0.870486 0.464424 0.162985
vn 0.124136 0.991681 -0.034033
vn -0.359319 0.904767 0.228661
vn -0.959473 -0.179788 0.216996
vn -0.982878 -0.151272 0.105205
vn -0.792342 0.524512 0.311579
vn -0.940038 0.13645 0.312585
vn 0.068227 0.937743 0.340563
vn -0.747731 0.420667 0.513748
vn -0.984036 0.013718 0.17744
vn -0.994267 0.069285 0.08144
vn -0.956573 0.283255 0.06881
vn -0.477774 -0.455911 0.750917
vn -0.62546 -0.74016 0.246909
vn -0.957396 0.134784 0.255395
vn -0.10148 -0.806933 0.58186
vn -0.933562 0.32275 0.155869
vn -0.932602 0.335579 0.132816
vn -0.973 0.051177 0.225058
vn -0.967326 0.229783 0.107142
vn -0.916537 0.398263 0.036696
vn -0.985684 0.125066 -0.113073
vn -0.493685 0.821895 0.28419
vn -0.868233 0.410455 0.278745
vn -0.989135 0.095471 0.111789
vn -0.961588 0.23312 0.144924
vn -0.971129 -0.23821 -0.012839
vn -0.951872 0.2758 0.133691
vn -0.530033 -0.847789 -0.017824
vn 0.838189 -0.503864 -0.20871
vn -0.975979 0.142019 0.165214
vn -0.389881 -0.920254 -0.033548
vn 0.932854 -0.293309 -0.209173
vn 0.912354 -0.350579 -0.211434
vn 0.179575 -0.96862 -0.171835
vn 0.343397 -0.885542 -0.312879
vn 0.350557 -0.919023 -0.180298
vn 0.056078 -0.990429 -0.126119
vn 0.634968 -0.761518 -0.130023
vn 0.872568 -0.469381 -0.1353
vn 0.631683 -0.767294 -0.110619
vn -0.323755 -0.945517 -0.03437
vn -0.206063 -0.978006 -0.032268
vn 0.244224 -0.965245 -0.093038
vn 0.94483 -0.313905 -0.093593
vn 0.744809 -0.665155 -0.053184
vn 0.607457 -0.79294 -0.047359
vn 0.753934 -0.652882 -0.073
vn 0.370962 -0.928232 -0.027805
vn -0.183205 -0.982974 0.014081
vn -0.130768 -0.991404 0.004241
vn 0.77034 -0.634088 -0.067141
vn 0.50654 -0.851917 0.132872
vn 0.393968 -0.915734 0.078874
vn 0.776572 -0.626193 0.06941
vn 0.704711 -0.707965 0.04657
vn 0.433427 -0.899165 0.060359
vn 0.359466 -0.554422 0.7506
vn 0.822163 -0.5196 0.232515
vn 0.477774 -0.455911 0.750918
vn 0.635819 -0.351393 0.687209
vn 0.10148 -0.806932 0.581861
vn 0.622331 -0.741796 0.249887
vn -0.010512 -0.94229 0.334634
vn 0.159286 -0.97091 0.178779
vn 0.889014 -0.214826 0.404356
vn -0.159286 -0.97091 0.17878
vn 0.010512 -0.94229 0.334634
vn -0.771574 -0.541585 0.333705
vn -0.813679 -0.204227 0.544259
vn -0.377001 -0.123679 0.917918
vn -0.163452 -0.462082 0.871644
vn -0.314446 -0.943445 0.105047
vn 0.360109 0.925209 0.119621
vn 0.323628 -0.925554 0.196505
vn 0.08844 -0.739696 0.667104
vn 0.998226 0.041351 0.042847
vn 0.630081 -0.771719 0.086299
vn 0.235708 -0.967644 0.090039
vn 0.624458 -0.777668 -0.072705
vn -0.302309 -0.938296 0.167957
vn -0.998406 0.038326 0.041422
vn -0.986113 0.138608 0.091479
vn 0.863097 -0.50415 -0.029938
vn 0.983841 0.178397 0.015209
vn 0.929394 0.199116 0.310774
vn 0.921829 0.236323 0.307218
vn 0.931171 0.296881 0.211617
vn 0.848472 -0.435352 0.300939
vn 0.126762 0.979696 -0.15533
vn 0.108874 0.964995 -0.238602
vn 0.108945 0.966598 -0.231989
vn 0.837838 -0.464028 0.287585
vn 0.127743 0.035659 0.991166
vn 0.701918 -0.566308 0.431979
vn 0.917733 -0.033918 0.395747
vn 0.954908 -0.198926 0.220406
vn 0.965781 -0.09724 0.24044
vn 0.97022 -0.069983 0.231897
vn 0.922432 0.207472 -0.325691
vn 0.879455 0.267875 -0.393448
vn 0.838044 0.193067 -0.510301
vn 0.899079 0.413344 -0.144236
vn 0.730111 0.617678 -0.292253
vn 0.9209 0.388304 -0.034093
vn 0.995626 0.002428 0.093393
vn 0.934156 0.35676 -0.008669
vn 0.039529 -0.165032 0.985496
vn 0.110927 0.913559 0.391286
vn -0.161399 0.915031 0.369686
vn -0.238897 0.907284 0.34607
vn -0.202213 0.906546 0.370519
vn 0.051486 0.285378 -0.957031
vn 0.107894 0.994141 -0.006502
vn 0.309359 0.920365 0.239217
vn 0.840464 0.541769 -0.010269
vn -0.209075 0.951029 0.227667
vn 0.054456 0.931672 0.359196
vn 0.84409 0.522292 0.121337
vn 0.731934 0.637413 0.240786
vn 0.967831 0.166249 -0.188853
vn 0.836144 0.531104 0.137081
vn 0.066045 0.852093 0.519207
vn 0.349729 0.839813 0.415216
vn 0.963633 -0.06033 -0.260329
vn 0.941876 0.33245 0.048443
vn 0.964401 -0.056046 -0.258437
vn 0.856829 0.452556 0.247058
vn 0.22275 0.828073 0.514469
vn 0.968509 0.248261 0.018873
vn 0.349615 0.783408 0.51385
vn 0.946664 0.28918 0.142136
vn 0.976313 -0.044688 -0.211699
vn 0.995123 0.088355 -0.04387
vn 0.35067 0.761907 0.544544
vn 0.995589 0.093339 -0.009484
vn 0.95157 0.276256 0.134899
vn -0.166961 0.77417 0.610562
vn -0.976227 0.060085 -0.208255
vn 0.9307 0.319606 0.177903
vn 0.374191 -0.402911 -0.835251
vn 0.37993 -0.482899 -0.788963
vn 0.913582 -0.210587 -0.34788
vn 0.675272 -0.416011 -0.60905
vn 0.396763 -0.565906 -0.722724
vn -0.812764 0.413313 -0.410594
vn 0.915523 -0.233979 -0.327219
vn 0.866721 -0.292072 -0.404338
vn 0.397785 -0.603612 -0.690955
vn 0.188355 -0.673021 -0.715238
vn 0.888659 -0.226897 -0.398501
vn 0.774439 -0.398719 -0.491189
vn 0.207371 -0.673411 -0.709588
vn 0.793832 0.21986 -0.567004
vn 0.64298 0.262187 -0.719607
vn 0.274415 -0.623913 -0.731731
vn 0.257844 -0.083149 -0.962602
vn 0.494585 0.056014 -0.867322
vn 0.660563 0.741572 0.117163
vn 0.525117 0.829681 0.189427
vn 0.384159 0.914086 0.129881
vn 0.181059 0.983077 -0.027874
vn 0.171732 0.98493 0.020535
vn 0.192802 -0.174515 -0.965594
vn -0.396278 -0.402141 -0.825377
vn -0.751393 -0.098508 0.65246
vn 0.765899 -0.040881 0.64166
vn 0.733881 -0.198187 0.649724
vn 0.999377 -0.030993 0.016884
vn 0.569482 -0.241006 -0.785879
vn -0.460338 -0.408703 -0.788068
vn -0.991192 -0.129017 -0.029883
vn 0.861642 0.020811 0.50709
vn 0.799367 0.025297 0.60031
vn 0.701227 -0.023122 0.712563
vn 0.914145 0.08209 0.39699
vn 0.963281 0.267679 0.020914
vn 0.907134 0.370214 -0.200122
vn 0.942981 0.29681 0.150632
vn 0.888931 0.388204 0.243101
vn 0.329191 0.726089 -0.603679
vn -0.034327 0.845015 -0.533639
vn 0.484517 0.821515 0.300594
vn -0.476682 -0.874158 -0.092861
vn 0.552328 -0.822962 0.13292
vn -0.235226 -0.854272 -0.46356
vn -0.59681 -0.175211 -0.783019
vn 0.109642 0.633842 -0.765652
vn -0.726107 0.340989 -0.597072
vn -0.813426 0.055009 -0.579061
vn 0.187109 -0.240509 -0.952442
vn -0.763089 -0.643522 0.059783
vn -0.766677 -0.64014 0.049266
vn -0.015118 -0.790935 0.611713
vn 0.431576 -0.708141 0.558819
vn 0.5561 -0.583929 0.591422
vn -0.426598 -0.451292 -0.783805
vn -0.752094 -0.022578 0.658669
vn 0.562901 -0.703298 -0.434183
vn 0.121033 -0.48919 -0.863738
vn 0.733031 -0.1248 0.668649
vn 0.999598 -0.019988 0.020132
vn -0.073639 0.530935 -0.844207
vn 0.754992 -0.088022 0.649799
vn 0.975858 0.217572 -0.019084
vn -0.355131 0.603757 -0.713694
vn 0.861607 0.228668 0.45315
vn 0.858113 0.26589 0.439254
vn 0.80126 0.588721 0.10672
vn 0.024223 0.800841 -0.598387
vn 0.927251 -0.086214 0.36438
vn -0.685203 -0.119664 0.718455
vn 0.771318 0.307337 -0.557326
vn 0.939261 -0.309602 -0.148107
vn 0.226432 0.332824 -0.9154
vn -0.017102 0.766915 -0.641521
vn 0.937542 -0.315424 0.146709
vn 0.887481 0.357883 0.29034
vn 0.671206 0.591583 0.446668
vn 0.453264 0.837312 -0.305713
vn 0.700683 0.339804 0.627357
vn 0.939368 0.297854 0.169913
vn 0.530261 0.593958 0.60501
vn 0.544158 0.554784 0.62937
vn -0.251064 0.492143 -0.833524
vn -0.549957 0.670109 -0.498499
vn -0.569884 0.353628 -0.741741
vn -0.129365 0.967922 -0.215387
vn -0.571235 0.364638 -0.735344
vn -0.184549 0.706132 -0.683608
vn -0.584391 0.352685 -0.730822
vn -0.480303 0.313593 -0.819127
vn -0.011273 -0.904292 -0.426765
vn 0.327851 0.556984 -0.763074
vn -0.315599 0.145098 -0.937733
vn -0.477517 0.159865 -0.863956
vn -0.66503 0.325544 -0.672128
vn -0.621909 0.3501 -0.70047
vn 0.671718 0.092366 0.735026
vn 0.805512 -0.151165 0.572975
vn 0.759891 0.151791 0.63208
vn 0.755145 0.631908 0.174497
vn 0.617322 -0.183645 0.764976
vn 0.828174 0.262805 0.495037
vn 0.951426 -0.125901 0.280959
vn 0.708297 0.395892 -0.584452
vn 0.882748 -0.047878 0.467402
vn 0.917068 -0.372425 -0.142425
vn 0.187056 0.8854 -0.42553
vn 0.761882 0.549432 -0.343015
vn 0.587205 -0.457196 0.667954
vn 0.838145 -0.328783 -0.435217
vn 0.802237 0.489608 0.341614
vn 0.71547 0.403833 0.570107
vn 0.714039 -0.274273 0.644145
vn 0.705462 0.033129 0.707973
vn 0.369262 0.634259 0.679236
vn 0.260404 0.832541 0.488943
vn -0.082619 0.996175 0.028468
vn -0.452021 0.833384 -0.318038
vn -0.452644 0.504963 -0.734932
vn 0.679922 0.028536 0.732729
vn -0.440761 0.652226 -0.616711
vn -0.311266 0.694502 -0.648675
vn -0.259566 0.690138 -0.675526
vn 0.344961 -0.180408 -0.921116
vn 0.070967 -0.183969 -0.980367
vn -0.427335 0.077769 -0.900743
vn 0.454327 0.595892 -0.662193
vn -0.442239 0.482832 -0.755842
vn 0.002469 0.677554 -0.735469
vn -0.484375 0.412375 -0.771575
vn -0.471792 0.24802 -0.846108
vn 0.230454 0.389265 -0.891832
vn 0.957604 0.239025 -0.160818
vn -0.632768 0.250757 -0.732616
vn 0.196762 0.814447 -0.545858
vn -0.310176 0.642648 -0.700567
vn 0.568967 -0.10854 0.815166
vn -0.729402 -0.052977 0.68203
vn -0.850329 -0.019009 0.525909
vn -0.604755 -0.340693 0.719861
vn -0.850134 -0.48993 0.192977
vn 0.476138 -0.594775 -0.647715
vn 0.238222 -0.462062 -0.854254
vn -0.927874 -0.190232 0.320722
vn -0.093245 -0.43234 -0.896877
vn 0.740628 0.663895 0.103502
vn 0.592173 -0.235197 0.770723
vn 0.999083 0.033334 0.026889
vn 0.962019 0.232619 0.142856
vn 0.513231 -0.422355 0.747135
vn 0.646549 -0.090039 0.757541
vn 0.509891 0.032751 0.859615
vn 0.497921 0.331131 -0.801515
vn 0.982217 0.183577 -0.039367
vn 0.55105 0.406866 -0.728563
vn 0.296931 0.812562 -0.501573
vn 0.591118 0.0593 0.804403
vn 0.299508 0.811836 -0.501215
vn 0.743817 0.644542 0.176921
vn 0.730744 0.663521 0.160476
vn 0.28311 0.768473 -0.573844
vn 0.591199 0.04881 0.805048
vn 0.853794 -0.33727 0.396592
vn 0.966839 0.215834 -0.13652
vn 0.899206 0.208734 0.384524
vn 0.41526 0.575208 -0.704766
vn 0.858029 0.123275 -0.498587
vn 0.902758 -0.429893 0.014812
vn -0.550894 -0.309599 -0.775025
vn -0.466946 -0.257095 -0.846087
vn 0.552587 0.827025 0.103328
vn -0.433414 -0.026697 -0.900799
vn 0.813569 -0.083221 0.575482
vn 0.608685 -0.078787 0.789491
vn 0.50809 0.858416 0.070478
vn 0.541131 -0.132515 0.830432
vn 0.535698 0.056205 0.842537
vn -0.094424 0.99363 -0.061516
vn -0.003379 0.658845 0.752271
vn -0.113039 0.841302 0.528614
vn 0.216851 0.473614 0.853619
vn -0.979159 0.151579 0.135175
vn -0.547676 0.641993 0.536559
vn -0.987574 0.091811 0.127546
vn -0.553502 0.697853 0.454574
vn -0.983883 0.148766 0.099208
vn -0.986193 0.144942 0.0801
vn 0.382209 0.76074 0.524586
vn -0.988616 0.114598 0.097497
vn -0.97505 0.216099 0.050784
vn -0.956511 0.29049 -0.026503
vn -0.970898 0.234142 -0.050345
vn -0.994401 0.087538 0.059191
vn 0 0.947712 0.319126
vn 0 0.807826 -0.589421
vn -0.894826 -0.073275 0.440361
vn -0.910835 -0.064995 0.407622
vn 0.996194 -0.029826 -0.081898
vn 0.864574 0.276569 -0.419549
vn -0.190496 0.633268 -0.750122
vn 0.95131 -0.12981 0.27957
vn 0.589591 -0.245366 0.769531
vn -0.901538 -0.10108 0.420728
vn 0.341087 0.565066 -0.751239
vn -0.447057 0.488225 -0.749517
vn 0.951897 -0.11683 0.28327
vn 0.612037 -0.191102 0.767392
vn -0.996669 0.018341 0.079462
vn -0.317355 0.643505 -0.696554
vn 0.712066 0.407305 -0.571896
vn 0.951888 -0.116872 0.283285
vn 0.61301 -0.189302 0.767062
vn -0.896294 -0.062926 0.438974
vn 0.336831 0.546461 -0.766762
vn -0.466366 0.458836 -0.756289
vn 0.463306 -0.454716 0.760645
vn 0.466942 -0.455283 0.758079
vn -0.466942 0.455283 -0.758079
vn -0.463306 0.454716 -0.760645
vn 0.951629 -0.102858 0.289522
vn 0.615369 -0.178277 0.767814
vn -0.897085 -0.074403 0.435549
vn 0.327868 0.542866 -0.773175
vn -0.470275 0.444565 -0.762367
vn 0.95115 -0.11389 0.286955
vn 0.61738 -0.184293 0.764773
vn -0.895396 -0.063367 0.440739
vn 0.32404 0.532941 -0.781647
vn -0.481133 0.439777 -0.758358
vn 0.950802 -0.12184 0.284835
vn 0.619655 -0.176049 0.764875
vn -0.892867 -0.047717 0.447785
vn 0.320547 0.526317 -0.787553
vn -0.481841 0.436731 -0.759667
vn 0.950754 -0.121051 0.285329
vn 0.617648 -0.183653 0.764711
vn -0.996201 0.028167 0.082407
vn 0.702476 0.416326 -0.577235
vn -0.486362 0.431799 -0.759606
vn 0.950247 -0.125853 0.284943
vn 0.612271 -0.184917 0.768719
vn -0.893642 -0.052977 0.445642
vn -0.276457 0.670993 -0.687997
vn 0.320812 0.513593 -0.795803
vn 0.950077 -0.127056 0.284974
vn 0.612186 -0.187476 0.768167
vn -0.996148 0.029362 0.08263
vn -0.313931 0.635367 -0.705519
vn 0.703376 0.395133 -0.590874
vn 0.950091 -0.126639 0.285113
vn 0.611248 -0.188398 0.768688
vn -0.996437 0.024283 0.080765
vn -0.282978 0.665468 -0.690706
vn 0.703253 0.417174 -0.575675
vn 0.457245 -0.456144 0.763452
vn 0.459486 -0.456661 0.761796
vn -0.459486 0.456661 -0.761796
vn -0.457245 0.456144 -0.763452
vn 0.07757 -0.521595 0.84966
vn 0.355813 -0.590035 0.724746
vn -0.355813 0.590035 -0.724746
vn -0.07757 0.521595 -0.84966
vn 0.074254 -0.530316 0.844542
vn 0.348589 -0.599696 0.720312
vn -0.069382 0.542683 -0.837067
vn -0.461081 0.458301 -0.759845
vn -0.772951 0.537082 -0.337772
vn -0.909382 0.196961 0.366375
vn -0.684563 -0.125774 0.718022
vn 0.912784 0.047854 -0.40563
vn 0.894143 0.055096 -0.444379
vn 0.461645 -0.448765 0.765176
vn 0.467374 -0.449967 0.76098
vn -0.467374 0.449967 -0.76098
vn -0.461645 0.448765 -0.765176
vn -0.924654 -0.12852 -0.358466
vn 0.610245 0.700798 0.369437
vn 0.505185 0.765394 -0.398697
vn -0.432264 -0.865157 0.254266
vn -0.94147 -0.336641 0.017506
vn -0.646825 -0.32185 0.691397
vn -0.926087 -0.134839 0.352395
vn -0.532919 0.802953 0.266953
vn -0.945196 0.196407 0.260822
vn -0.286781 -0.765341 0.576203
vn 0.761726 0.639146 0.106139
vn -0.541654 0.123287 -0.831511
vn 0.411409 0.521607 -0.747442
vn -0.589762 0.395596 -0.704049
vn 0.691011 0.716084 0.09863
vn 0.830222 0.538567 0.143793
vn 0.919406 0.324401 -0.222386
vn 0.829272 0.196002 0.523345
vn 0.869814 0.025215 0.492735
vn -0.531017 -0.39283 0.750803
vn -0.777505 0.013247 -0.628737
vn -0.747487 0.086832 -0.658577
vn -0.73038 0.242682 -0.638475
vn -0.794913 0.290591 -0.532607
vn 0.228045 0.467763 -0.853928
vn 0.815627 0.51727 0.2592
vn 0.972183 0.232963 -0.024247
vn 0.740275 -0.072015 0.668436
vn 0.274249 0.953728 0.123251
vn 0.805088 0.54942 0.223545
vn 0.060132 0.995008 -0.079647
vn 0.802005 0.243056 0.54563
vn -0.453602 -0.884478 0.109287
vn 0.81891 -0.572337 0.042626
vn 0.898882 -0.241449 -0.365669
vn -0.43598 -0.829838 0.348269
vn 0.791641 -0.558864 -0.246934
vn 0.833845 -0.156535 0.529339
vn 0.898459 -0.438757 0.016217
vn 0.857545 -0.080753 0.508032
vn 0.945784 -0.322003 0.042518
vn 0.768643 -0.081431 0.634473
vn 0.82009 -0.284319 0.496604
vn 0.587822 0.16193 0.792619
vn 0.589542 0.157491 0.792235
vn 0.936519 -0.161951 0.310974
vn 0.920823 -0.215728 0.324879
vn 0.963811 0.169021 -0.206157
vn 0.92972 0.179118 -0.321773
vn 0.669174 0.311857 -0.6745
vn 0.528434 0.247321 -0.812151
vn 0.007213 0.236584 -0.971584
vn -0.491416 -0.125431 -0.861845
vn -0.496078 -0.14268 -0.856475
vn -0.863842 -0.352041 0.360338
vn -0.900307 -0.412469 0.138987
vn -0.069644 -0.575899 0.814549
vn -0.199585 -0.965215 -0.168896
vn -0.080534 -0.583343 0.808223
vn 0.780025 -0.158403 0.605368
vn 0.803014 -0.187913 0.565559
vn 0.664311 -0.381523 0.642753
vn 0.645717 -0.421071 0.636984
vn -0.974944 0.033021 0.219986
vn -0.9762 0.03705 0.213682
vn 0.144368 0.899029 -0.413407
vn -0.449752 0.892924 -0.020252
vn -0.646986 -0.496379 0.578807
vn 0.452003 0.870681 -0.193927
vn 0.56929 0.740211 -0.357764
vn 0.382775 0.739608 -0.553591
vn 0.467972 0.626435 -0.623363
vn -0.450187 0.892708 -0.020124
vn 0.930373 0.314828 0.187855
vn 0.691559 0.659717 -0.294142
vn 0.643974 0.709063 -0.287277
vn 0.701082 0.533654 -0.472965
vn 0.751693 0.366031 -0.548615
vn 0.230555 0.641493 -0.731663
vn 0.723903 0.344664 -0.597638
vn 0.39354 0.379632 -0.837261
vn -0.994211 0.001149 0.107441
vn -0.96694 -0.254514 -0.015799
vn -0.663437 -0.746979 -0.043284
vn 0.231246 0.264958 -0.936121
vn 0.264912 0.325942 -0.907515
vn 0.792767 0.05643 -0.606907
vn 0.764488 0.096052 -0.637442
vn 0.084463 0.11444 -0.989833
vn -0.750456 -0.660917 -0.002081
vn -0.962957 -0.244219 -0.11433
vn -0.94025 -0.327085 -0.094578
vn -0.918636 -0.385981 -0.084413
vn -0.920592 -0.381433 -0.08378
vn -0.753804 -0.652438 -0.078129
vn -0.878395 -0.466815 -0.102502
vn -0.77224 -0.630186 -0.080689
vn -0.985843 -0.162398 0.041707
vn -0.908089 -0.117124 0.402065
vn -0.905094 -0.07531 0.418489
vn -0.662811 -0.627087 0.409198
vn -0.656135 -0.640344 0.399306
vn -0.565974 -0.355914 -0.743639
vn -0.048477 -0.686535 -0.725479
vn -0.386262 -0.85212 -0.353119
vn -0.790888 0.611734 0.016691
vn 0.750349 0.629083 0.203055
vn -0.811611 0.584169 -0.005815
vn -0.987196 0.011575 -0.159092
vn -0.844639 0.124084 -0.520757
vn -0.963651 -0.011378 -0.266922
vn 0.230065 0.901637 -0.366226
vn -0.918847 0.275794 -0.282238
vn -0.759931 0.322938 -0.564107
vn -0.897958 0.20976 -0.386874
vn -0.654352 0.632556 -0.414361
vn -0.540997 0.74148 -0.396899
vn -0.999964 0.007999 -0.002986
vn -0.993023 0.083767 -0.083001
vn -0.973211 -0.001543 -0.229907
vn -0.990809 -0.122688 -0.056968
vn -0.946617 -0.144791 -0.288015
vn -0.117616 -0.921191 -0.37091
vn -0.486392 -0.852408 0.191895
vn -0.486467 -0.855413 0.177819
vn -0.287231 -0.846198 0.448829
vn -0.004087 -0.886004 0.463659
vn 0.099679 -0.928464 0.357797
vn -0.369209 -0.927594 -0.057041
vn 0.035698 -0.998698 -0.036455
vn -0.284201 -0.848617 -0.446183
vn -0.141153 -0.886361 0.440953
vn -0.371723 -0.83261 0.410588
vn -0.249878 -0.811684 0.527949
vn -0.034202 -0.846123 0.531889
vn -0.437528 -0.859107 -0.265527
vn -0.428255 -0.860105 -0.277158
vn -0.06095 -0.880486 0.470137
vn -0.69236 -0.627548 0.356119
vn -0.449137 -0.877283 -0.169265
vn 0.112437 0.215469 0.970016
vn 0.037888 0.414057 0.909462
vn 0.115964 0.267433 0.956573
vn 0.587413 0.153395 0.794617
vn 0.964321 0.06895 0.255598
vn 0.823434 -0.380995 0.420475
vn 0.739055 -0.664746 0.109135
vn 0.458555 -0.728877 0.508395
vn 0.686727 -0.681179 -0.253774
vn 0.744607 -0.630517 -0.21911
vn 0.687099 -0.621489 -0.376359
vn -0.006729 -0.6597 -0.751499
vn -0.065856 -0.295698 -0.953009
vn -0.808476 -0.548776 -0.212631
vn -0.464994 0.343185 -0.816091
vn -0.271092 0.096286 -0.957725
vn -0.423627 0.141754 -0.894676
vn -0.90369 -0.417547 -0.094863
vn -0.950634 -0.120199 -0.28609
vn 0.239396 0.739004 -0.629732
vn -0.688388 -0.548179 0.474996
vn -0.223798 -0.963293 0.148259
vn -0.948957 0.240068 0.204569
vn -0.790738 -0.139958 0.595941
vn -0.243823 -0.967853 0.061728
vn -0.229318 -0.972182 -0.047706
vn -0.08079 0.582034 -0.809141
vn 0.11992 -0.475787 0.871347
vn -0.900975 0.370906 0.225108
vn -0.668131 -0.170989 0.724129
vn -0.707136 0.527187 0.471203
vn -0.933581 -0.081449 0.348988
vn -0.912367 -0.118315 0.391904
vn -0.813102 -0.539051 0.219747
vn -0.794055 -0.024678 -0.607344
vn -0.141612 -0.817095 -0.558839
vn 0.192541 -0.976181 0.099989
vn 0.179562 -0.969856 0.16473
vn -0.336923 -0.820565 0.461687
vn -0.123253 -0.974113 -0.189505
vn 0.762792 0.158004 0.627044
vn 0.609096 -0.255271 0.750892
vn 0.548849 -0.067009 0.833231
vn -0.225608 0.210114 0.95129
vn -0.097915 -0.979762 -0.174582
vn -0.920506 0.340473 0.191695
vn -0.355635 0.861815 0.361662
vn 0.457026 -0.242641 -0.855718
vn 0.527368 0.417792 -0.739819
vn 0.571971 0.030789 -0.819696
vn 0.889687 0.084069 -0.448764
vn -0.60787 0.225094 -0.761464
vn 0.245434 -0.963538 -0.106567
vn 0.967286 0.141459 -0.210589
vn 0.459249 -0.847055 -0.267561
vn 0.930234 0.267606 -0.251102
vn 0.426194 -0.808224 0.406366
vn 0.973181 0.097696 -0.208265
vn 0.964725 0.096392 -0.244978
vn 0.942978 -0.245669 -0.224587
vn 0.991385 -0.130859 0.005587
vn 0.296085 -0.794859 0.529653
vn -0.032004 -0.949249 -0.312893
vn 0.054934 -0.979676 -0.192919
vn 0.069969 -0.841354 0.535937
vn -0.11471 -0.903199 0.413609
vn 0.937588 -0.343539 0.053936
vn 0.923085 -0.349029 -0.161534
vn -0.560269 -0.696086 0.448958
vn -0.00682 -0.963894 -0.2662
vn 0.397419 -0.814294 0.423065
vn 0.648492 -0.655893 0.386346
vn -0.247894 -0.911677 -0.327711
vn 0.652154 0.755653 -0.060694
vn 0.651697 0.665458 0.363946
vn 0.933234 -0.355779 0.049947
vn 0.551784 0.793546 0.256553
vn 0.80183 -0.540658 0.254474
vn -0.288998 -0.945547 -0.149737
vn -0.238902 0.152989 0.958916
vn -0.595481 -0.324514 0.73491
vn 0.60939 0.666823 0.428942
vn -0.523232 -0.233684 0.819524
vn 0.349087 0.32703 0.878174
vn 0.842817 0.193661 -0.502151
vn 0.691635 0.663272 0.285852
vn 0.656909 0.683889 0.317436
vn 0.709733 0.124535 -0.693376
vn 0.758406 0.585613 -0.286143
vn -0.976944 0.213454 -0.004299
vn -0.306713 -0.92206 -0.236076
vn -0.306918 -0.922043 -0.235879
vn -0.236412 -0.937216 -0.256391
vn 0.880794 -0.46917 0.06389
vn -0.702042 -0.431452 -0.566556
vn 0.661791 -0.692917 0.286179
vn 0.60733 0.634162 0.478528
vn 0.339932 -0.939812 -0.03463
vn 0.126689 0.48793 0.86364
vn -0.581617 0.079609 0.809558
vn -0.191277 0.421311 0.886516
vn 0.955507 0.002876 -0.294955
vn -0.66056 0.030063 0.750171
vn -0.616213 0.040823 0.786521
vn -0.549919 -0.074093 0.831925
vn -0.514102 0.208831 0.831919
vn -0.265722 0.409474 0.872767
vn -0.526451 0.192266 0.82818
vn -0.241451 0.471988 0.847897
vn 0.182845 0.73119 0.657212
vn 0.98443 0.028066 -0.17352
vn 0.861398 0.486489 0.146019
vn 0.97046 0.240517 -0.018948
vn 0.492087 0.181652 -0.851383
vn 0.644509 0.170408 -0.745365
vn -0.971683 -0.081847 0.22166
vn 0.511635 -0.843025 -0.165947
vn 0.961294 -0.216117 -0.170902
vn -0.361406 -0.293258 -0.885091
vn 0.035213 0.99938 -0.000023
vn -0.542105 0.824068 -0.164422
vn -0.491151 -0.547556 0.677461
vn -0.16629 -0.388491 -0.906324
vn 0.949165 0.308714 0.0615
vn 0.944413 0.324468 0.052968
vn 0.851297 0.30244 -0.428747
vn 0.850585 0.364169 -0.379323
vn 0.559076 0.098097 -0.823293
vn 0.447968 0.398346 -0.800403
vn 0.932705 -0.197603 -0.301686
vn -0.364648 -0.302414 -0.880669
vn 0.876904 -0.428667 0.217449
vn -0.467524 -0.87035 0.154633
vn -0.776734 -0.429347 0.460809
vn 0.81955 -0.513163 0.254953
vn -0.601986 -0.558627 0.570569
vn 0.390169 -0.712749 -0.582887
vn -0.060683 -0.997667 0.031288
vn -0.159946 -0.435762 -0.885736
vn 0.034497 -0.524752 -0.850556
vn -0.139458 -0.96133 -0.237477
vn 0.282077 -0.458948 -0.842496
vn -0.634354 -0.659765 -0.40287
vn -0.012104 -0.314865 -0.949059
vn 0.725288 -0.081364 -0.683621
vn 0.871066 0.10259 0.480332
vn 0.771109 -0.31017 -0.556044
vn 0.062408 -0.129834 0.98957
vn -0.074621 -0.593654 0.801253
vn 0.093703 -0.986113 -0.137114
vn -0.858061 -0.277262 0.43227
vn 0.141685 -0.986145 0.086278
vn -0.472712 -0.881187 0.007344
vn 0.396969 -0.917832 0.000627
vn -0.278328 -0.956918 -0.08271
vn 0.022713 -0.999722 -0.006278
vn -0.387002 -0.918991 -0.075404
vn -0.271409 -0.944228 0.186468
vn 0.462201 -0.781053 0.419913
vn 0.103444 -0.981246 0.162651
vn 0.904353 0.02156 0.42624
vn 0.916629 0.372438 0.145195
vn 0.696981 0.715313 0.050451
vn -0.22039 -0.92297 0.315522
vn 0.64379 -0.66639 0.37611
vn 0.469252 0.871098 0.144881
vn 0.455182 -0.826905 0.330207
vn 0.818864 0.245185 0.518986
vn 0.815017 0.321279 0.48221
vn 0.43043 0.870465 0.238789
vn 0.514142 0.79894 0.312013
vn 0.62029 -0.692594 0.368177
vn -0.147446 -0.922817 -0.355906
vn 0.716634 0.493938 0.492402
vn 0.949579 0.31242 0.026325
vn 0.487626 -0.801969 -0.345061
vn -0.452815 0.881485 0.13395
vn 0.456975 0.766189 0.451805
vn 0.975172 -0.221093 -0.01252
vn 0.50223 -0.517711 0.692633
vn 0.87457 0.082139 0.477892
vn 0.755156 -0.637892 0.151104
vn 0.975941 -0.133937 0.172044
vn -0.080403 -0.913911 -0.397872
vn 0.377203 -0.852174 -0.362653
vn 0.331901 -0.897039 -0.291827
vn 0.663252 -0.611969 0.430803
vn 0.841223 -0.435883 0.319923
vn -0.397207 0.914332 -0.078887
vn 0.302926 -0.933238 -0.193141
vn -0.287005 0.957916 -0.005044
vn 0.771234 -0.607927 0.188738
vn -0.006977 -0.991758 0.127934
vn 0.948105 0.2616 0.180726
vn -0.003877 -0.968358 0.249537
vn -0.578495 -0.623882 0.525467
vn -0.874822 0.076285 0.478401
vn -0.687223 -0.577615 0.440551
vn -0.837206 -0.429189 0.338945
vn -0.887176 -0.421621 0.187495
vn -0.574961 -0.576045 0.581027
vn -0.71288 0.595887 0.369758
vn -0.897094 -0.385641 0.215646
vn -0.640498 -0.69609 0.324377
vn -0.792917 -0.60865 -0.028779
vn 0.075032 -0.749697 0.657514
vn 0.861029 -0.446363 0.243697
vn 0.904651 0.176676 0.387805
vn 0.895479 0.197551 0.398862
vn 0.916853 0.187168 0.352632
vn -0.598214 -0.395274 0.697064
vn -0.962756 -0.031632 0.268517
vn -0.897101 0.199715 0.39411
vn -0.88455 0.3258 0.333804
vn -0.916604 0.190032 0.351746
vn -0.930474 0.310637 0.194223
vn -0.874082 0.422044 0.240539
vn 0.924528 0.220856 0.310597
vn -0.848419 0.438219 0.296899
vn -0.83774 0.357743 0.412567
vn -0.159009 0.405312 0.900244
vn 0.902256 0.05254 0.427987
vn 0.908256 0.306782 0.284526
vn 0.08553 0.456631 0.885535
vn 0.743392 -0.58221 0.329242
vn -0.768634 -0.539811 0.343228
vn -0.955114 0.153579 0.253319
vn -0.734017 0.060842 -0.6764
vn -0.76301 0.116937 -0.635721
vn -0.376374 0.205256 -0.903445
vn -0.370982 0.370601 -0.851485
vn -0.231245 0.264957 -0.936122
vn -0.705687 0.405563 -0.580969
vn -0.630292 0.461347 -0.624413
vn -0.220701 0.488962 -0.843924
vn -0.484678 0.763556 -0.426695
vn -0.650859 0.661498 -0.372562
vn -0.724256 0.660562 -0.197763
vn -0.673245 0.729578 0.120239
vn -0.467973 0.626434 -0.623363
vn -0.492515 0.834295 -0.24775
vn -0.452005 0.870681 -0.193926
vn 0.978157 -0.132066 0.160525
vn -0.382778 0.739607 -0.55359
vn -0.378038 -0.699616 0.60632
vn 0.104967 0.988546 -0.108441
vn 0.886274 0.379396 0.265662
vn 0.861926 0.417923 0.287096
vn 0.918661 -0.20161 0.339727
vn -0.481708 -0.865783 0.135563
vn 0.592021 0.79599 0.126139
vn 0.470676 0.880305 0.059393
vn 0.785586 -0.277073 0.55325
vn 0.813535 -0.330325 0.478588
vn 0.888705 0.438851 0.132717
vn 0.930761 0.365093 -0.019772
vn -0.321406 -0.946941 0.001373
vn -0.130434 -0.788222 0.601409
vn 0.118039 0.806859 0.578831
vn -0.319589 -0.947515 -0.008791
vn 0.019947 0.71205 0.701845
vn -0.206177 -0.811099 0.547366
vn 0.037301 0.762948 0.645382
vn -0.272838 -0.960867 -0.047899
vn -0.929297 0.113263 0.351537
vn 0.00879 -0.908752 0.417243
vn 0.033817 -0.999034 -0.028078
vn -0.504867 -0.820681 -0.267566
vn 0.143379 -0.972875 0.181537
vn 0.18704 -0.963372 0.192171
vn -0.859631 -0.492852 -0.134653
vn -0.333233 -0.938696 0.088345
vn -0.077246 -0.965749 -0.247714
vn -0.082033 -0.974588 -0.208443
vn -0.520325 -0.844287 -0.128224
vn -0.100988 -0.989199 -0.106241
vn 0.061213 -0.967436 -0.245603
vn 0.499219 -0.003344 0.86647
vn -0.464238 -0.775271 -0.428296
vn 0.20251 0.829282 0.520846
vn 0.228619 -0.95869 -0.169256
vn 0.25079 -0.900143 -0.356155
vn 0.182767 0.913999 -0.362219
vn -0.00723 0.999822 0.017407
vn -0.031263 0.970737 -0.238102
vn 0.064362 0.831615 0.551611
vn 0.223218 0.407925 -0.885308
vn 0.220161 -0.923075 0.315375
vn 0.42061 -0.774307 -0.472797
vn 0.490943 -0.736958 -0.464615
vn 0.428023 0.802248 0.416166
vn 0.702017 -0.431535 -0.566524
vn 0.738054 -0.54201 -0.401873
vn -0.103714 -0.981243 0.1625
vn 0.386731 -0.919093 -0.07554
vn 0.27799 -0.957004 -0.082858
vn -0.323009 -0.936744 -0.134818
vn -0.894168 -0.023372 0.447122
vn -0.895262 -0.027608 0.444684
vn -0.422887 0.905899 0.022657
vn -0.319474 -0.897073 -0.30528
vn 0.263191 0.827852 -0.49537
vn 0.510488 0.768746 -0.385269
vn 0.683506 0.726886 0.066756
vn 0.691412 0.720061 0.058833
vn 0.123019 0.979971 0.156598
vn 0.015451 0.883752 -0.4677
vn 0.066106 0.997802 -0.0047
vn 0.401594 0.910985 0.09396
vn -0.594923 0.803392 -0.025061
vn -0.035139 0.999382 0.000093
vn -0.892608 0.006186 0.450791
vn -0.915145 -0.388838 0.106369
vn -0.928355 0.349093 -0.127635
vn -0.931546 0.363458 -0.010937
vn -0.992656 -0.034927 -0.115816
vn -0.753019 -0.562713 0.341052
vn 0.138729 0.954548 -0.263805
vn 0.410996 0.683067 -0.603739
vn 0.558423 0.826292 -0.073516
vn -0.988362 0.117564 -0.096541
vn 0.085906 -0.580282 0.809872
vn 0.35672 0.906384 -0.226315
vn 0.82608 -0.398408 0.398575
vn -0.971088 0.223277 -0.084477
vn -0.452949 -0.891138 -0.026651
vn -0.379614 0.915996 -0.12979
vn 0.669851 0.727416 0.148882
vn -0.698357 -0.688356 -0.196123
vn 0.73404 0.64322 -0.217838
vn -0.832819 -0.398585 -0.384113
vn -0.169919 0.976564 -0.132097
vn 0.81863 0.561931 0.118652
vn -0.936127 0.344365 -0.071271
vn -0.733146 -0.588632 -0.340602
vn -0.581855 -0.75265 -0.30816
vn -0.8821 0.457705 -0.111376
vn -0.894699 0.036623 -0.445165
vn -0.725919 -0.077378 -0.683413
vn -0.965842 0.2519 0.060798
vn -0.955432 0.285839 0.073799
vn -0.944383 0.324554 0.052969
vn -0.789205 0.006746 -0.614093
vn -0.851277 0.30252 -0.42873
vn -0.767549 0.228959 -0.598703
vn -0.949055 0.315111 -0.000246
vn -0.672961 0.736426 -0.069278
vn 0.900674 -0.400442 0.168623
vn -0.353755 -0.935242 -0.013413
vn 0.604326 0.782619 -0.149324
vn -0.220593 -0.969975 0.10241
vn -0.32395 -0.922789 -0.208607
vn 0.293297 -0.907017 0.302155
vn -0.657979 -0.69387 0.29259
vn -0.938861 -0.113331 -0.32511
vn -0.688732 0.720984 -0.076355
vn -0.853447 0.436695 -0.284474
vn -0.313673 -0.221206 -0.923405
vn -0.892307 0.337058 0.3003
vn 0.380675 0.782021 -0.493487
vn -0.624312 -0.111379 -0.773194
vn -0.022981 -0.999715 -0.006444
vn -0.557843 -0.826464 -0.075945
vn -0.918603 -0.14169 -0.368907
vn -0.898001 -0.206211 -0.388679
vn -0.257399 0.376541 -0.889923
vn -0.400163 0.750058 -0.526577
vn -0.357317 0.758506 -0.544971
vn -0.633959 0.489791 -0.598499
vn 0.511173 0.819349 0.259558
vn -0.049882 0.95813 0.281955
vn -0.703976 0.700923 0.114567
vn -0.123196 -0.992371 -0.004689
vn -0.179069 0.930775 -0.318735
vn -0.203058 0.903381 -0.377716
vn -0.384155 0.923246 0.006393
vn -0.482602 0.849298 -0.213982
vn -0.562317 0.826758 0.016443
vn -0.58958 0.806672 -0.040928
vn -0.621049 0.778216 0.093155
vn -0.034051 0.879337 0.474982
vn 0.27908 0.892963 0.353174
vn 0.453804 0.834508 0.312502
vn 0.643721 -0.764727 -0.028557
vn 0.535565 -0.842525 -0.05763
vn -0.419459 -0.904668 0.075039
vn -0.551311 -0.831629 0.066712
vn -0.543893 0.161339 -0.823499
vn -0.660854 0.265938 -0.701818
vn -0.400115 -0.866202 -0.299337
vn -0.994641 -0.100285 -0.025137
vn -0.332075 -0.89695 -0.291902
vn 0.534385 0.53363 -0.655493
vn 0.812559 0.518236 0.266793
vn 0.369492 0.902787 -0.220118
vn -0.303062 -0.933206 -0.19308
vn 0.007029 -0.99173 0.128151
vn 0.07305 0.997118 -0.020499
vn 0.462843 -0.849839 -0.252091
vn 0.006816 -0.963898 -0.266185
vn 0.004034 -0.96838 0.249446
vn 0.579256 -0.623304 0.525314
vn -0.571128 -0.246322 0.783032
vn 0.944853 -0.326732 -0.022346
vn 0.762429 -0.405187 0.504505
vn 0.88759 -0.459967 0.024797
vn -0.493579 -0.26688 -0.827741
vn -0.495015 -0.837699 -0.230696
vn 0.460279 0.037281 -0.886991
vn -0.153432 -0.18528 0.970634
vn 0.728131 -0.679616 -0.089149
vn -0.163788 -0.028168 0.986093
vn -0.208088 0.104864 0.972473
vn -0.530844 0.094571 0.842176
vn -0.597802 -0.761683 -0.249943
vn -0.701494 -0.699948 -0.134085
vn -0.647872 -0.708298 -0.280313
vn -0.839574 0.373999 0.394005
vn -0.907661 0.419684 -0.004141
vn 0.520413 0.852241 -0.053431
vn 0.865434 0.478514 0.148489
vn 0.917175 -0.03043 0.397321
vn 0.638591 -0.7626 -0.103164
vn -0.042962 -0.970929 -0.23548
vn 0.936286 0.345669 0.062298
vn 0.262841 0.953064 -0.150277
vn 0.341189 0.938832 0.046732
vn 0.943829 -0.060127 0.324918
vn 0.686581 0.727052 0.001035
vn 0.291806 0.832592 -0.470786
vn 0.309841 0.836733 -0.451526
vn 0.057481 0.969044 -0.240105
vn 0.862798 -0.016546 -0.505278
vn 0.726551 -0.001138 -0.687112
vn 0.796936 -0.499631 -0.339502
vn 0.144042 -0.342617 -0.928367
vn 0.599681 -0.338468 0.725136
vn 0.874281 -0.138643 0.4652
vn 0.705064 -0.56026 0.434735
vn 0.874456 -0.139604 0.464583
vn 0.978655 -0.125615 -0.162647
vn 0.968895 -0.247468 0.001521
vn -0.56879 -0.017118 -0.822305
vn 0.800233 0.579606 0.153896
vn 0.961876 0.166509 0.216953
vn 0.972577 -0.232531 -0.00477
vn 0.750337 -0.661055 0.000128
vn 0.750094 -0.661331 0.000056
vn 0.966873 -0.254766 -0.015852
vn 0.940329 -0.32684 -0.09464
vn 0.645746 0.376251 -0.664415
vn 0.918616 -0.386023 -0.084438
vn 0.92044 -0.381784 -0.083847
vn 0.753603 -0.652662 -0.078198
vn 0.878215 -0.467135 -0.102582
vn 0.772191 -0.630235 -0.080774
vn 0.985792 -0.162708 0.041705
vn 0.908059 -0.11741 0.402049
vn 0.904664 -0.071297 0.420119
vn 0.662652 -0.627321 0.409098
vn 0.655999 -0.640526 0.39924
vn 0.54022 -0.392821 -0.744214
vn 0.031302 -0.671065 -0.740737
vn 0.562131 -0.680321 -0.47029
vn 0.759924 -0.533428 -0.371444
vn 0.684514 0.715728 0.138468
vn -0.295926 -0.138086 0.945177
vn 0.995215 -0.024298 0.094639
vn 0.989675 0.044501 0.13625
vn -0.7167 0.678123 -0.162758
vn -0.664307 -0.381535 0.642749
vn -0.803031 -0.187895 0.565541
vn -0.78002 -0.158359 0.605385
vn 0.30519 0.380968 -0.872767
vn 0.083926 -0.583759 0.807578
vn 0.331924 -0.922206 -0.198398
vn 0.769265 -0.556859 0.313272
vn 0.069991 -0.574276 0.815665
vn 0.84726 -0.467134 0.252855
vn -0.823021 -0.224859 -0.521607
vn -0.423621 -0.849172 0.31536
vn 0.74754 -0.124279 -0.652486
vn 0.487548 0.86129 0.143097
vn 0.306017 0.802009 0.512967
vn 0.548916 0.609795 -0.5717
vn 0.501963 0.318533 -0.804096
vn 0.491561 -0.125292 -0.861783
vn -0.744847 0.219671 -0.630038
vn -0.964043 0.168577 -0.205433
vn -0.94358 -0.133221 0.303166
vn -0.93652 -0.161964 0.310962
vn -0.861624 0.020835 0.507119
vn -0.965593 -0.063272 0.252244
vn -0.265735 -0.888268 0.374654
vn -0.338413 0.778041 -0.529272
vn 0.385601 -0.909908 0.152904
vn 0.753882 -0.630372 0.185184
vn 0.586 -0.798028 0.140553
vn 0.928245 -0.13143 -0.347976
vn 0.857015 0.405289 -0.318225
vn -0.020542 -0.219522 -0.975391
vn -0.219304 -0.951725 -0.21477
vn 0.636404 -0.763492 0.109862
vn 0.532243 -0.789723 0.305048
vn 0.428916 0.004459 -0.903333
vn 0.879684 -0.181806 -0.439435
vn -0.211141 -0.078979 0.97426
vn 0.329397 0.748453 -0.5756
vn 0.911563 -0.095532 -0.399908
vn 0.65969 0.370141 -0.654068
vn -0.836578 0.433069 0.335543
vn -0.760777 0.605324 0.234096
vn -0.926421 -0.156794 0.342286
vn -0.639383 0.758311 0.127095
vn -0.384892 0.92281 -0.016735
vn -0.942665 -0.186563 0.276726
vn -0.960072 0.27379 0.057462
vn -0.449262 -0.741284 0.498661
vn -0.798668 0.594194 -0.095204
vn -0.95276 0.119067 0.279412
vn 0.83908 0.528686 -0.128202
vn 0.818508 0.540071 0.195876
vn 0.667245 0.619943 0.412862
vn 0.200304 0.885794 -0.418625
vn -0.024112 0.988139 -0.151659
vn -0.969061 -0.236106 -0.071928
vn 0.159269 -0.910065 0.382643
vn -0.838145 -0.544572 -0.030894
vn -0.183676 -0.967823 -0.171996
vn -0.755896 -0.637806 0.147733
vn 0.117565 0.929606 0.349302
vn -0.58807 0.161409 0.792541
vn -0.587852 0.161969 0.792588
vn -0.587478 0.162375 0.792782
vn -0.829995 -0.269834 0.488158
vn -0.914475 -0.40463 0.003271
vn -0.83379 -0.13013 0.536526
vn -0.753634 -0.26907 0.599698
vn 0.718943 0.667793 0.192806
vn -0.816905 -0.513539 -0.262572
vn 0.650558 0.732512 0.200501
vn 0.389851 -0.920306 0.032437
vn 0.340251 0.91979 -0.195486
vn -0.200737 -0.958288 0.203443
vn 0.171338 0.937243 -0.303675
vn 0.201713 0.903513 -0.378123
vn 0.33733 0.677168 0.653951
vn -0.784664 -0.5711 0.241139
vn -0.784091 -0.570691 0.243954
vn 0.383552 0.923488 0.007594
vn -0.642074 -0.7422 0.192041
vn 0.482608 0.849292 -0.213994
vn 0.562328 0.826751 0.016447
vn -0.870864 -0.332845 0.361677
vn 0.589584 0.80667 -0.04091
vn 0.621048 0.778217 0.093153
vn 0.034049 0.879337 0.47498
vn 0.100199 -0.737458 -0.667919
vn 0.129051 -0.647232 -0.75129
vn 0.571836 -0.245853 0.782662
vn 0.373893 -0.62766 0.682823
vn -0.944852 -0.326734 -0.022347
vn -0.007422 -0.909558 0.415511
vn 0.316318 -0.948601 -0.009997
vn 0.809808 0.110193 -0.576254
vn 0.626704 0.11569 -0.770622
vn 0.815199 0.114532 -0.567744
vn 0.206216 -0.810891 0.547659
vn 0.317634 -0.948209 -0.002744
vn 0.218193 -0.813913 0.538458
vn -0.290199 -0.939314 -0.182961
vn -0.865733 -0.495676 -0.069364
vn 0.104841 -0.957039 -0.270342
vn 0.099255 -0.979928 -0.172888
vn 0.097454 -0.979418 -0.176755
vn 0.14372 -0.980015 -0.137532
vn 0.216956 -0.952424 -0.214055
vn 0.633039 -0.459631 0.622897
vn -0.398417 -0.902381 -0.164231
vn -0.8587 -0.511874 -0.024893
vn -0.952649 -0.254608 0.166235
vn -0.123059 -0.992027 -0.027172
vn -0.402486 0.876514 0.26406
vn 0.551892 -0.739161 0.386078
vn -0.740616 0.603907 0.294592
vn -0.222738 0.895961 0.384241
vn -0.411014 -0.716841 0.56321
vn -0.819639 -0.284853 0.497041
vn -0.584908 0.155162 0.796121
vn -0.738985 -0.664825 0.10913
vn -0.70199 -0.684952 -0.195069
vn -0.128393 0.258511 0.957438
vn -0.988652 0.091349 0.119256
vn -0.714305 -0.627543 -0.30977
vn -0.080708 0.352411 0.932359
vn -0.26302 0.952788 -0.15171
vn -0.156861 0.220373 0.96272
vn -0.209885 0.140129 0.967632
vn -0.271778 0.092326 0.957921
vn 0.025505 -0.887489 0.460122
vn -0.117719 0.767115 -0.630616
vn -0.000008 0.91995 -0.392035
vn -0.000008 0.97392 -0.22689
vn -0.05174 0.991421 -0.12003
vn 0.489506 -0.675928 -0.550914
vn -0.501254 -0.5441 -0.67283
vn -0.491028 -0.738919 -0.4614
vn 0.059809 -0.419205 -0.90592
vn 0.216289 -0.975479 0.040737
vn -0.029498 0.997317 0.066998
vn 0.11338 0.989428 0.09043
vn 0.007869 0.99938 0.034307
vn 0.024113 0.988138 -0.151662
vn 0.083551 0.971541 -0.221647
vn -0.45552 0.886713 0.079007
vn -0.500381 0.865129 0.034215
vn 0.874482 0.279479 -0.396451
vn -0.036375 0.997289 -0.063971
vn -0.242557 0.970125 -0.004891
vn 0.785184 0.45131 -0.424035
vn -0.415494 0.898386 -0.142362
vn 0.191137 -0.963059 -0.189693
vn -0.61034 0.678989 -0.407993
vn -0.62416 0.713604 -0.318109
vn -0.019744 0.99254 0.120311
vn 0.074362 -0.98523 -0.154246
vn 0.208342 -0.967124 -0.145828
vn 0.234756 -0.949874 -0.206469
vn 0.152101 -0.97762 -0.145339
vn 0.615938 -0.749963 -0.241199
vn -0.061701 -0.928986 -0.364936
vn 0.089501 0.989684 0.111874
vn 0.043741 0.996882 0.065673
vn 0.019528 0.992529 0.120432
vn 0.523405 0.818646 -0.23636
vn 0.609198 0.6807 -0.40685
vn 0.181677 -0.941263 0.284637
vn -0.775345 0.09199 -0.624803
vn -0.360031 0.387824 -0.848511
vn -0.958212 -0.219371 -0.183593
vn 0.31886 0.799123 -0.509639
vn 0.342843 0.872834 -0.347304
vn 0.005846 0.999965 -0.005956
vn -0.098165 0.983488 -0.152039
vn -0.697984 -0.6403 0.320677
vn -0.857849 -0.498464 0.125016
vn 0.045378 0.994993 0.089051
vn 0.010409 -0.559794 0.828567
vn -0.758249 -0.405977 0.510139
vn 0.659293 -0.174948 0.73125
vn -0.501491 -0.058772 0.863164
vn -0.157938 -0.654634 0.739263
vn -0.260965 -0.195947 0.945252
vn 0.71264 -0.152733 0.684702
vn 0.538687 -0.279604 0.794756
vn -0.399645 0.279579 0.872994
vn 0.53711 -0.273102 0.798078
vn 0.282405 -0.1487 0.9477
vn 0.465397 0.213222 0.859036
vn 0.158492 0.970938 0.17933
vn 0.283118 0.361126 0.8885
vn 0.457872 0.223172 0.860551
vn 0.098268 0.990639 0.094751
vn 0.236841 0.483409 0.842747
vn -0.448387 0.67672 0.583951
vn -0.415402 0.705223 0.574545
vn 0.396995 0.896283 0.197665
vn 0.704596 0.636797 0.313105
vn -0.50535 0.686201 0.523211
vn 0.001031 0.995535 -0.094391
vn -0.389116 0.867346 0.310322
vn -0.752391 0.655141 -0.068542
vn -0.386791 -0.892458 0.232189
vn -0.586134 0.536267 -0.607342
vn 0.176506 -0.885527 0.429753
vn 0.188174 -0.91614 0.353946
vn 0.249545 -0.918368 0.307128
vn 0.236035 -0.92507 0.297543
vn 0.122707 -0.87702 0.46452
vn -0.564597 0.825172 -0.017951
vn -0.610586 0.728224 -0.311247
vn -0.142413 0.926993 -0.346991
vn 0.61061 0.231312 -0.757397
vn -0.632567 0.715064 -0.29756
vn -0.606568 0.24097 -0.757634
vn -0.120979 0.980235 0.156537
vn -0.463589 -0.702461 -0.540031
vn -0.367204 0.562265 -0.740958
vn -0.25708 0.839988 -0.477839
vn -0.420272 0.808754 0.411446
vn -0.042475 0.941675 0.333833
vn -0.316692 0.830207 0.458762
vn -0.061705 0.993717 0.093378
vn -0.278621 0.689932 0.668105
vn 0.216561 0.976158 0.014754
vn -0.320862 0.277665 0.905511
vn -0.036246 0.775044 0.630867
vn -0.033239 0.771322 0.635576
vn -0.520841 -0.168185 -0.836922
vn -0.608576 0.209349 -0.765381
vn -0.541876 -0.777637 -0.318828
vn -0.442008 0.395741 -0.804995
vn 0.324719 0.911755 -0.251516
vn -0.234312 -0.950041 -0.206203
vn -0.530683 -0.847561 -0.004049
vn 0.061163 -0.928796 -0.365509
vn -0.896718 0.313057 0.312878
vn -0.468293 0.871463 0.145786
vn 0.212925 -0.967591 -0.13576
vn 0.113856 -0.499857 -0.858592
vn 0.259269 -0.959666 -0.108726
vn 0.293082 -0.955314 -0.038445
vn -0.194997 -0.904217 0.379958
vn -0.289395 -0.890428 0.351268
vn -0.805532 0.267396 0.528789
vn -0.803283 0.321493 0.501378
vn -0.128658 0.044981 0.990668
vn -0.42901 0.871128 0.238927
vn -0.449342 0.830617 0.328888
vn -0.266287 0.729429 0.630098
vn -0.178165 0.785245 0.592999
vn -0.012023 0.954861 -0.296808
vn 0.42149 -0.904899 -0.059185
vn 0.135846 -0.922629 -0.360973
vn -0.099679 -0.928464 0.357796
vn 0.004086 -0.886005 0.463657
vn 0.287227 -0.846198 0.448832
vn 0.479092 -0.877763 0.001718
vn 0.486395 -0.852407 0.191889
vn -0.068504 -0.988265 -0.136527
vn -0.895784 0.22121 0.385535
vn 0.710053 -0.68379 0.168095
vn 0.790934 0.364322 0.491623
vn -0.616496 0.591146 0.520076
vn -0.291182 -0.096945 0.951743
vn 0.474195 0.769694 0.427447
vn 0.291507 0.848966 0.440773
vn -0.754637 -0.016475 -0.655936
vn -0.182772 0.913998 -0.362217
vn -0.490127 -0.838674 0.237491
vn -0.387569 0.729209 0.563954
vn -0.245877 -0.117426 0.962162
vn -0.046235 -0.110843 0.992762
vn 0.073725 -0.002105 0.997276
vn -0.008942 0.839902 0.542665
vn 0.157619 -0.068887 0.985094
vn 0.00899 -0.075237 0.997125
vn 0.034787 0.892526 0.449651
vn -0.752783 -0.013995 -0.658119
vn -0.928345 0.022158 -0.371058
vn -0.378591 -0.001605 0.925563
vn -0.107397 -0.013607 0.994123
vn 0.159372 0.253438 0.954133
vn -0.397115 0.824849 0.402399
vn 0.00439 0.997292 0.073418
vn -0.732017 0.360844 0.577878
vn -0.570602 -0.231441 -0.78794
vn -0.083558 0.971538 -0.221658
vn 0.186566 0.977046 -0.102826
vn -0.412978 0.909395 0.049499
vn -0.559948 0.70971 -0.427515
vn -0.66555 -0.16254 -0.728439
vn 0.37145 0.796918 -0.476389
vn 0.895278 -0.027507 0.444657
vn 0.505711 0.849889 -0.148142
vn 0.892645 0.006017 0.450719
vn 0.475057 0.878233 0.055021
vn 0.928515 0.348776 -0.127336
vn 0.030664 -0.078053 0.996477
vn 0.160567 0.084849 0.983371
vn 0.145378 0.022985 0.989109
vn 0.289316 0.931748 0.219412
vn 0.931694 0.363083 -0.010847
vn -0.726906 0.56117 -0.395847
vn 0.957373 -0.288416 -0.015917
vn 0.87465 0.474695 -0.098245
vn 0.911356 0.402295 -0.087118
vn 0.926433 0.367955 -0.079566
vn 0.882214 0.457504 -0.111304
vn 0.088791 0.727642 0.680186
vn 0.949147 0.314834 -0.00017
vn 0.891667 0.336793 0.30249
vn 0.648247 0.755566 0.094315
vn 0.510298 0.167772 -0.843474
vn -0.22457 0.785793 -0.576279
vn 0.346736 0.933195 0.09445
vn -0.061496 0.998086 0.006565
vn 0.996783 0.024098 -0.076439
vn -0.14517 0.735448 0.661847
vn 0.226025 0.924524 -0.306868
vn 0.272925 0.732614 0.62353
vn -0.03823 -0.075481 0.996414
vn -0.545953 0.837391 -0.026693
vn 0.222998 -0.057661 0.973112
vn 0.173904 -0.0416 0.983884
vn 0.219646 -0.052022 0.974192
vn -0.938464 -0.122417 0.322955
vn 0.74137 0.658271 -0.130578
vn -0.926114 0.076778 0.369348
vn 0.329379 0.93625 -0.122251
vn -0.057796 0.978579 0.197594
vn 0.240851 0.126253 0.962315
vn 0.261531 -0.951194 0.163803
vn 0.741853 0.063561 0.667544
vn 0.149862 0.864134 0.48043
vn 0.610516 -0.753172 -0.244955
vn 0.397124 0.824893 0.402298
vn -0.159381 0.253414 0.954138
vn -0.742548 -0.298522 0.599589
vn -0.747756 -0.454776 0.483776
vn -0.578883 0.758436 -0.299449
vn 0.424901 0.901161 0.085841
vn -0.645834 0.734268 -0.209164
vn 0.107394 -0.0136 0.994124
vn -0.019887 0.762399 -0.646801
vn 0.727069 0.310204 0.61249
vn 0.909631 0.415417 0.001159
vn 0.644666 -0.713041 -0.275641
vn 0.695897 -0.705374 -0.134816
vn -0.005869 0.657221 -0.753675
vn 0.125281 -0.21259 -0.969077
vn -0.756159 0.227151 -0.613698
vn -0.672979 -0.495156 -0.549472
vn -0.053479 0.998257 0.024956
vn -0.451481 0.543332 -0.707782
vn -0.860656 -0.437141 0.26111
vn -0.349785 -0.852084 0.389363
vn -0.305862 0.474758 -0.82526
vn -0.691321 0.720147 0.058856
vn -0.173625 0.319634 -0.931498
vn -0.000623 0.657274 -0.753651
vn 0.378593 -0.001603 0.925562
vn -0.683441 0.726947 0.066753
vn -0.510321 0.768839 -0.385304
vn -0.263203 0.827875 -0.495325
vn -0.147123 0.73603 -0.660768
vn -0.195852 0.809485 -0.553512
vn -0.131239 0.961273 -0.242344
vn 0.596088 -0.769018 0.230847
vn 0.424655 -0.876072 0.228399
vn -0.550123 0.746943 -0.373419
vn -0.655075 -0.669657 0.349909
vn -0.837834 -0.464034 0.287588
vn -0.487706 0.853834 -0.181962
vn 0.013036 0.833201 0.552817
vn -0.055811 0.050616 0.997158
vn 0.323992 0.827473 0.458605
vn -0.917733 -0.033918 0.395746
vn 0.115277 -0.129624 0.98484
vn -0.974076 -0.142648 0.175579
vn -0.967384 -0.147727 0.20578
vn -0.954888 0.012867 0.296689
vn 0.337069 -0.123482 0.933347
vn -0.931982 0.290962 0.216219
vn 0.015835 0.999803 0.012009
vn -0.975878 0.217297 0.021078
vn 0.166022 0.756205 -0.632922
vn -0.057145 0.998228 -0.01658
vn -0.907547 0.403693 -0.115719
vn -0.959093 -0.250773 0.13135
vn -0.195393 0.933131 -0.30181
vn -0.229888 0.893926 -0.384771
vn 0.217741 0.815384 0.536412
vn 0.247096 -0.07064 0.966413
vn -0.883572 -0.464055 0.062879
vn -0.522213 -0.834241 -0.177018
vn -0.623368 0.541288 -0.564287
vn -0.261374 0.961304 -0.087048
vn -0.224634 0.711902 -0.665383
vn 0.173562 0.319648 -0.931505
vn 0.305989 0.474924 -0.825117
vn 0.610762 0.684301 -0.398375
vn -0.007351 0.800679 -0.599048
vn 0.43627 0.459299 -0.773765
vn -0.08558 0.745114 -0.661423
vn -0.11629 0.839062 -0.531462
vn 0.282576 0.75888 -0.58673
vn -0.045873 0.996316 0.072464
vn 0.009063 0.060279 -0.99814
vn -0.0854 0.990015 0.112148
vn -0.398509 0.787382 -0.470341
vn -0.647074 0.760238 -0.057741
vn -0.53637 0.842147 -0.055632
vn -0.505367 0.853256 -0.128675
vn -0.636434 0.759419 0.135038
vn -0.757278 0.605608 0.244478
vn -0.050965 0.956666 -0.286691
vn -0.361838 0.928607 -0.08223
vn 0.628067 0.773359 0.086302
vn 0.546835 0.834314 -0.069933
vn 0.113239 0.757627 -0.642789
vn 0.672971 -0.495196 -0.549446
vn 0.583625 0.684538 0.436795
vn 0.604255 0.782075 -0.152432
vn 0.208676 -0.873054 0.440716
vn 0.195582 0.400977 -0.894967
vn 0.060651 0.632422 -0.772246
vn 0.889525 -0.238543 0.389669
vn 0.630718 0.29639 -0.71718
vn 0.660987 0.22578 -0.715625
vn -0.532031 0.812606 -0.237938
vn 0.398568 0.787321 -0.470392
vn -0.770544 0.637155 -0.017168
vn 0.122578 0.972797 -0.196571
vn -0.746018 0.609432 0.268422
vn 0.6629 0.730673 -0.163345
vn -0.769454 0.570427 0.287321
vn -0.668749 0.720331 -0.184113
vn 0.67366 0.717169 -0.17847
vn 0.397793 0.915308 -0.063024
vn -0.337902 0.931403 0.135316
vn 0.239234 0.839157 0.488449
vn 0.459774 -0.811852 -0.359868
vn -0.160422 0.860515 0.483506
vn 0.11658 0.675333 0.728241
vn -0.213641 0.976875 0.008517
vn 0.227446 0.635357 -0.737964
vn 0.207504 0.867707 -0.451693
vn 0.594071 -0.78834 -0.159997
vn 0.559931 -0.827505 -0.041383
vn 0.743811 -0.284958 -0.604602
vn 0.981735 -0.070477 -0.176717
vn 0.399851 0.887834 -0.22775
vn -0.236772 0.971424 -0.016557
vn 0.160462 0.860528 0.483471
vn -0.260522 0.46145 0.848052
vn -0.121675 0.983316 -0.13522
vn 0.680521 0.729929 -0.063987
vn 0.505566 0.304325 -0.807335
vn -0.350255 0.880727 -0.318813
vn -0.12037 0.983048 -0.138307
vn -0.458701 0.031693 -0.888026
vn 0.870402 0.488285 0.063073
vn 0.225365 0.586816 -0.777726
vn -0.268224 0.831198 -0.486997
vn 0.495228 -0.838487 -0.227352
vn -0.443777 0.891129 -0.094607
vn 0.744487 0.651848 -0.144336
vn 0.638436 0.137453 -0.757302
vn 0.262334 0.95736 -0.121006
vn 0.004575 0.926719 0.375726
vn 0.048543 0.917537 0.394676
vn 0.468585 0.815481 0.339733
vn 0.5381 0.739465 0.404524
vn 0.153751 0.760059 0.631404
vn 0.816486 0.345399 0.462655
vn 0.828109 0.366557 0.424113
vn 0.465752 0.836499 -0.288695
vn 0.53708 -0.785576 -0.30727
vn -0.286571 0.794874 0.534839
vn -0.228931 0.837662 0.495895
vn 0.51404 -0.168306 -0.841092
vn -0.182423 0.980756 0.069567
vn -0.811588 0.544378 -0.212076
vn 0.561345 -0.245506 -0.790328
vn -0.10777 0.843695 0.525894
vn -0.236567 0.970483 -0.046903
vn -0.121561 0.991821 -0.038906
vn -0.205578 0.871296 -0.445624
vn 0.599153 0.784259 -0.161102
vn 0.427902 0.767628 -0.477124
vn -0.599278 0.784165 -0.161093
vn -0.342585 0.853836 -0.391919
vn -0.871066 0.491135 -0.005455
vn 0.857932 0.206995 -0.470219
vn 0.379773 0.65637 -0.651882
vn -0.118385 -0.491079 -0.863033
vn -0.369216 -0.562588 -0.739712
vn -0.155691 0.758423 0.632894
vn -0.006036 0.972474 0.232934
vn 0.229504 0.837749 0.495484
vn 0.182697 0.980746 0.068989
vn 0.237922 0.970004 -0.049861
vn 0.168766 0.904191 -0.392373
vn 0.484373 0.748398 -0.453081
vn 0.467159 0.755137 -0.459924
vn 0.481362 0.740683 -0.468699
vn 0.934995 -0.01423 -0.354376
vn 0.201604 0.978128 -0.051197
vn 0.181844 0.947938 0.261432
vn -0.121137 0.985841 -0.115949
vn 0.703619 0.648099 0.291355
vn 0.377849 0.898466 -0.223581
vn -0.165688 0.064214 -0.984085
vn -0.370204 0.897756 -0.238713
vn -0.035014 0.097313 -0.994638
vn -0.401583 0.768731 -0.497779
vn 0.000521 0.8041 -0.594493
vn 0.648124 0.146392 -0.747332
vn 0.354463 0.895241 -0.27
vn -0.216051 0.921601 -0.322449
vn 0.647227 0.348413 -0.678016
vn 0.446876 0.583627 -0.677998
vn 0.136308 0.693219 -0.70772
vn 0.073722 0.742315 -0.665983
vn 0.190596 0.924161 -0.331057
vn 0.513045 0.526674 -0.677791
vn 0.451474 0.543379 -0.70775
vn -0.628404 -0.587255 -0.510138
vn -0.02461 0.774511 -0.632081
vn -0.197497 0.72455 -0.66032
vn 0.03388 0.999117 0.024848
vn 0.454984 0.742344 -0.491848
vn 0.757326 0.421107 -0.499125
vn 0.24143 0.764136 -0.598171
vn 0.487982 0.740758 -0.461683
vn -0.236961 0.698013 -0.675742
vn -0.235361 0.775457 -0.585894
vn 0.025924 0.996097 -0.084371
vn -0.283919 0.890289 -0.356057
vn -0.039297 0.974781 -0.219678
vn 0.043707 0.998836 0.020401
vn -0.371579 0.740407 -0.560113
vn -0.545544 0.836472 0.051921
vn -0.311995 0.94356 -0.11115
vn -0.269276 0.947884 -0.170313
vn 0.009391 0.050837 0.998663
vn -0.276495 -0.957311 0.084296
vn -0.327764 -0.938399 0.109448
vn -0.362068 -0.932145 -0.003659
vn -0.532414 -0.838547 0.115649
vn 0.271581 -0.123755 0.954426
vn -0.663334 -0.690249 0.28904
vn -0.487639 -0.87266 0.025955
vn -0.874832 -0.450463 -0.178191
vn -0.536296 -0.843876 -0.016133
vn -0.593309 -0.804891 -0.011641
vn -0.90067 -0.376319 -0.217203
vn -0.934682 -0.331814 -0.127552
vn 0.017882 0.812264 -0.583016
vn -0.963242 -0.259338 -0.070061
vn 0.083482 0.97548 -0.203641
vn 0.484927 0.557086 -0.674167
vn 0.549317 -0.168572 -0.818434
vn 0.046721 -0.025047 -0.998594
vn -0.920099 -0.055293 0.387764
vn -0.126154 0.991651 -0.026706
vn -0.669143 -0.699736 0.250234
vn -0.666553 -0.699787 0.256916
vn -0.635281 0.567683 -0.523597
vn 0.273825 -0.201033 -0.940535
vn -0.484829 0.557255 -0.674097
vn -0.42699 0.804955 -0.41198
vn -0.089332 0.988866 -0.119015
vn -0.392296 -0.810773 0.434455
vn -0.347772 -0.851449 0.392542
vn -0.874312 0.279953 -0.396491
vn -0.095723 0.99478 -0.035341
vn -0.306586 0.919794 -0.244916
vn -0.111698 0.991651 -0.064428
vn -0.032821 0.942068 0.333812
vn -0.411548 0.772033 -0.484349
vn -0.513106 0.526614 -0.67779
vn -0.655071 0.532725 -0.535804
vn -0.353807 0.779779 -0.516493
vn -0.467163 0.710905 -0.525712
vn -0.770266 -0.389796 0.504728
vn 0.473329 -0.880845 0.008524
vn 0.392108 -0.896704 0.205362
vn 0.21692 0.198188 0.955859
vn -0.306485 0.856535 -0.415229
vn 0.090484 0.994101 -0.059799
vn -0.013917 0.841606 0.539912
vn -0.038444 0.900554 0.433041
vn -0.789075 -0.514833 0.335123
vn 0.128253 0.143153 0.981355
vn -0.649309 -0.66823 0.363135
vn -0.394773 0.915075 -0.082408
vn -0.745143 -0.386315 0.54362
vn 0.125385 0.156999 0.979607
vn 0.138464 0.017617 0.990211
vn 0.146063 -0.0961 0.984597
vn -0.112474 0.970009 0.215483
vn 0.142031 -0.011675 0.989793
vn -0.00458 0.926719 0.375728
vn -0.262418 0.87395 0.409083
vn -0.048531 0.91754 0.39467
vn -0.287008 0.869446 0.402107
vn 0.143094 -0.057664 0.988028
vn -0.333977 0.500807 0.798531
vn -0.538104 0.739459 0.404531
vn -0.828111 0.366549 0.424116
vn -0.816489 0.345392 0.462656
vn -0.138365 0.987996 -0.068691
vn -0.535963 0.792968 -0.289732
vn 0.295086 0.929223 0.222417
vn -0.105935 0.975182 -0.194418
vn -0.054265 0.967511 -0.246937
vn 0.11343 0.93388 -0.33912
vn 0.336207 0.841911 -0.422078
vn 0.280568 0.886865 -0.367085
vn -0.215178 0.831438 -0.51226
vn 0.39827 0.907588 0.132914
vn -0.139771 -0.051929 0.988821
vn -0.005344 0.99907 0.042779
vn -0.043107 -0.202486 0.978336
vn -0.246718 0.951714 -0.182677
vn -0.100902 0.971417 -0.214865
vn -0.111469 0.991094 -0.072847
vn -0.087483 0.978713 -0.185652
vn -0.06791 -0.968045 -0.241407
vn -0.007562 0.960582 -0.277893
vn 0.473116 -0.851719 0.225246
vn -0.017183 0.964206 -0.264597
vn -0.096074 0.992082 -0.080886
vn -0.136824 0.989666 -0.042904
vn -0.035698 -0.998697 -0.036456
vn 0.198777 -0.941537 -0.272022
vn -0.7506 -0.471039 0.463381
vn -0.723709 -0.522096 0.451289
vn -0.753628 -0.4559 0.473497
vn -0.505048 0.803438 0.3153
vn 0.174124 -0.984114 -0.034655
vn -0.252963 -0.912389 0.3218
vn 0.087684 -0.215612 -0.972534
vn -0.178093 -0.86263 0.473447
vn 0.065867 -0.997103 -0.038036
vn -0.183443 -0.902651 0.38932
vn -0.168007 -0.94175 0.291344
vn -0.166618 -0.944298 0.283794
vn -0.151151 -0.965371 0.212629
vn -0.613484 -0.752646 -0.239084
vn 0.121395 -0.990084 0.070693
vn 0.127163 -0.987126 0.097011
vn -0.135013 0.9811 -0.138617
vn 0.072334 0.979767 -0.186614
vn -0.014008 0.999891 0.00456
vn -0.217915 0.68802 0.692201
vn -0.308302 0.292508 0.905201
vn -0.443284 0.648126 0.619219
vn -0.706312 0.677027 0.206781
vn -0.439253 0.600801 0.667903
vn -0.102946 0.938339 -0.330034
vn -0.000287 -0.92774 -0.373226
vn -0.033159 -0.963809 -0.264524
vn -0.003601 -0.828423 0.560091
vn -0.04032 -0.860611 0.507664
vn -0.175319 0.98275 0.058874
vn 0.226886 -0.960116 -0.163399
vn -0.095931 0.995354 -0.008237
vn 0.124549 0.836576 -0.533506
vn -0.158232 0.970202 0.183495
vn -0.256428 0.964991 -0.055102
vn -0.363456 0.093288 -0.926929
vn -0.286406 0.955343 0.072739
vn -0.105661 0.988366 0.109404
vn -0.584786 0.367782 -0.723023
vn -0.390865 0.857537 0.334448
vn 0.532663 0.760645 0.371065
vn 0.011389 0.999249 -0.037026
vn 0.121574 0.97731 -0.17345
vn 0.212167 0.9736 -0.084192
vn 0.08918 -0.978195 -0.187566
vn -0.237941 0.765395 0.597958
vn -0.092069 0.994868 0.041961
vn 0.307619 0.942087 0.13358
vn 0.014091 0.885691 -0.464062
vn -0.156904 0.787135 -0.596489
vn 0.17796 -0.896705 0.405278
vn 0.260712 0.956561 0.130461
vn -0.375495 0.877954 0.296984
vn -0.39043 0.86868 0.304894
vn -0.642227 0.72306 0.254418
vn -0.764891 0.476394 0.43358
vn 0.194051 0.964846 0.177244
vn -0.104963 0.983697 -0.146021
vn 0.176914 -0.871487 0.457396
vn 0.176384 -0.839332 0.514208
vn 0.151657 -0.986167 0.066891
vn 0.153303 -0.973421 0.170146
vn 0.117205 0.980625 -0.156962
vn 0.575033 0.721511 0.385692
vn -0.22854 0.959991 -0.161826
vn 0.042228 0.868481 0.49392
vn 0.130643 -0.982709 -0.131211
vn 0.126416 -0.98355 -0.129032
vn 0.155897 -0.973674 -0.166296
vn 0.150874 -0.966437 -0.207934
vn 0.213995 -0.972971 -0.0868
vn 0.107766 -0.993542 -0.035517
vn 0.146872 -0.983568 -0.104991
vn 0.131734 -0.991183 0.014237
vn -0.01714 0.997669 -0.066052
vn 0.134385 -0.989334 -0.056213
vn 0.14014 -0.985853 -0.091953
vn -0.493536 0.772743 -0.399112
vn -0.283963 0.901921 -0.325428
vn -0.404118 0.778206 -0.480712
vn 0.421709 0.862066 -0.281078
vn 0.225095 -0.974332 -0.002893
vn 0.30017 0.953058 0.039714
vn 0.207107 0.97639 -0.061388
vn 0.42707 0.804861 -0.41208
vn 0.312126 0.943505 -0.111245
vn 0.263408 0.872085 -0.412411
vn 0.550228 0.746825 -0.3735
vn 0.306732 0.919715 -0.24503
vn 0.359138 0.919467 -0.160001
vn -0.357553 0.933705 -0.018733
vn -0.289325 0.931745 0.219414
vn 0.170627 0.979569 -0.10645
vn -0.084599 0.897757 0.432291
vn 0.305829 0.107349 -0.946015
vn 0.346545 0.20166 -0.9161
vn 0.805195 -0.33862 -0.486823
vn 0.405405 -0.890659 -0.205849
vn -0.291806 0.832592 -0.470786
vn -0.343202 0.939224 -0.008467
vn 0.508856 -0.776628 0.371368
vn -0.165492 -0.482588 0.860071
vn 0.352113 -0.204857 0.913263
vn -0.306435 0.948722 0.07762
vn 0.352144 -0.204869 0.913249
vn -0.341954 0.938555 0.046718
vn -0.171527 0.606206 0.77659
vn -0.208469 0.962121 0.175681
vn 0.009833 0.972527 0.232582
vn -0.841654 0.520975 0.142143
vn -0.125494 -0.980543 0.150951
vn -0.708811 -0.520034 -0.476604
vn 0.13685 -0.990111 -0.030876
vn -0.047594 -0.998147 0.037924
vn -0.468038 -0.802292 0.370498
vn -0.242125 -0.941554 0.234204
vn 0.048097 -0.998842 0.001307
vn -0.467108 0.822228 0.325194
vn 0.185126 -0.968563 0.166176
vn 0.084058 -0.979812 0.181389
vn 0.314663 -0.942258 -0.114615
vn 0.279436 -0.959197 -0.043093
vn 0.65458 -0.381052 0.652935
vn 0.535008 -0.453881 0.712572
vn 0.254331 -0.966176 -0.042652
vn 0.608914 -0.192855 0.769435
vn -0.065862 -0.997678 -0.017366
vn -0.961777 -0.273602 0.011224
vn -0.254177 -0.940995 -0.223432
vn -0.519936 -0.81631 -0.251603
vn 0.252046 -0.918359 0.305105
vn 0.461344 -0.807779 0.366953
vn 0.58722 -0.468381 0.660145
vn 0.307641 -0.947883 0.082912
vn 0.518605 -0.792691 0.320453
vn 0.580105 -0.793027 0.185972
vn 0.300938 -0.053249 0.952156
vn 0.418942 -0.900037 0.12009
vn 0.451845 -0.659064 0.601224
vn 0.270499 -0.960731 -0.061864
vn 0.474844 -0.622095 0.622511
vn 0.476405 -0.005648 0.879208
vn 0.550177 -0.080427 0.831166
vn 0.352212 -0.67232 0.651101
vn -0.066138 -0.739334 -0.670083
vn -0.869343 -0.483431 -0.10265
vn -0.436452 -0.85976 -0.265183
vn -0.102005 -0.953799 -0.282601
vn 0.07944 -0.936142 -0.342532
vn 0.034554 -0.972269 0.231299
vn -0.29968 -0.886695 -0.352084
vn -0.098826 -0.994336 0.039113
vn 0.074454 -0.885288 0.459044
vn 0.171361 -0.716355 0.676366
vn -0.834305 -0.546286 -0.074216
vn -0.57947 -0.81152 -0.075161
vn 0.474554 0.40897 0.77945
vn -0.650316 -0.718544 -0.246544
vn -0.329147 -0.820388 0.467574
vn -0.645893 -0.35036 0.678285
vn -0.873673 -0.485652 0.02896
vn -0.743169 -0.539461 -0.39583
vn -0.871323 -0.486453 0.064498
vn -0.887589 -0.459968 0.024796
vn -0.747128 -0.5792 -0.326078
vn -0.085834 -0.571969 -0.815772
vn 0.300319 0.842123 0.447926
vn -0.827298 0.55749 0.069152
vn 0.703307 0.701413 0.115669
vn 0.049882 0.95813 0.281955
vn -0.259337 -0.901545 0.346353
vn -0.082589 -0.95326 0.290646
vn 0.352003 -0.930081 -0.105089
vn -0.128168 -0.979992 0.152277
vn 0.124864 -0.990222 -0.062211
vn -0.36139 -0.927227 0.098219
vn -0.973605 -0.227737 -0.015151
vn 0.198991 -0.979932 -0.011632
vn 0.090897 -0.992714 0.079105
vn 0.415914 -0.890097 0.186394
vn -0.932505 -0.324734 -0.158058
vn -0.907733 -0.158052 -0.38864
vn -0.996843 -0.079391 -0.001032
vn -0.995146 -0.098405 -0.0004
vn -0.97901 0.070833 0.191106
vn 0.155599 -0.98745 -0.027035
vn -0.951612 0.271655 0.143662
vn 0.019384 0.778362 -0.627517
vn 0.890683 -0.146704 -0.430304
vn 0.54166 -0.837366 -0.073646
vn -0.387558 0.769393 -0.507773
vn 0.331823 0.610214 -0.719397
vn -0.365883 -0.925616 -0.096777
vn -0.101901 -0.939961 0.325714
vn 0.937667 -0.263312 -0.226822
vn 0.993269 0.068475 -0.093423
vn -0.256047 -0.96571 -0.042934
vn 0.44498 -0.891805 0.081708
vn -0.273266 -0.869143 -0.412208
vn 0.026258 -0.985982 -0.164772
vn 0.511229 -0.787963 -0.343162
vn -0.401967 -0.334495 -0.852371
vn -0.170322 -0.871369 -0.460115
vn -0.24704 -0.808324 -0.5344
vn 0.378462 -0.856157 -0.351798
vn 0.789989 -0.612391 -0.029921
vn 0.507539 -0.470854 -0.721596
vn -0.235405 -0.688325 -0.686144
vn 0.045029 -0.440569 -0.896589
vn 0.06015 -0.415011 -0.907826
vn 0.196948 -0.95323 0.229266
vn 0.431073 -0.894891 0.115527
vn 0.281306 -0.922597 0.263972
vn 0.744441 -0.012365 0.667573
vn 0.49793 -0.568102 0.65523
vn 0.743419 -0.035018 0.667909
vn 0.963584 -0.049607 0.262766
vn 0.935581 -0.345105 0.074767
vn 0.246599 -0.956491 0.15593
vn -0.765661 0.641453 0.047962
vn 0.392641 -0.919453 -0.020961
vn 0.911305 0.256286 -0.322245
vn 0.375868 -0.92632 0.025591
vn 0.96161 0.015884 0.273959
vn 0.824006 0.483594 0.295213
vn -0.618783 0.76295 -0.18712
vn -0.767275 -0.363096 0.52863
vn -0.47013 -0.529723 -0.705954
vn 0.371778 -0.927331 -0.042873
vn 0.397837 -0.913906 -0.080636
vn 0.660422 -0.582631 0.473692
vn 0.501693 -0.701018 -0.506831
vn 0.578672 -0.814818 -0.034789
vn 0.342666 0.939083 -0.026501
vn 0.679082 0.728038 0.093852
vn 0.293793 0.951831 0.087769
vn 0.001043 -0.917526 -0.397674
vn 0.204896 0.95963 0.192689
vn 0.543014 0.798116 0.261051
vn 0.016596 0.97244 0.232561
vn 0.73379 0.651002 0.194291
vn 0.00558 0.657754 -0.753212
vn 0.002132 0.657799 -0.75319
vn -0.62566 0.48493 0.611058
vn 0.297695 -0.94619 -0.126894
vn 0.860393 -0.497214 -0.11181
vn 0.072241 0.983044 0.168541
vn 0.515624 -0.853163 -0.079018
vn -0.163814 -0.097457 0.981665
vn 0.648849 -0.760691 -0.018533
vn -0.156383 -0.067547 0.985384
vn 0.833437 -0.545985 -0.085341
vn -0.143767 -0.000012 0.989611
vn -0.153658 -0.155 0.975892
vn -0.149198 -0.032127 0.988285
vn 0.045895 0.929435 0.36612
vn 0.115597 0.986854 -0.112942
vn 0.650317 -0.718543 -0.246544
vn 0.329147 -0.820388 0.467575
vn 0.873674 -0.485649 0.02896
vn 0.090055 0.994732 -0.048982
vn 0.743568 -0.538335 -0.396614
vn 0.871324 -0.48645 0.064497
vn 0.021955 0.892524 -0.450465
vn 0.065386 0.993208 -0.096242
vn 0.066239 0.995237 -0.071522
vn 0.079628 0.986153 -0.145471
vn 0.092426 0.977197 -0.191164
vn 0.326194 -0.8983 -0.294372
vn 0.813293 -0.551756 -0.184717
vn 0.747296 -0.630447 -0.209963
vn 0.718629 -0.650167 -0.246688
vn 0.64748 -0.729049 0.22194
vn 0.747667 -0.578809 -0.325538
vn 0.667317 -0.705757 0.237896
vn 0.699145 -0.674437 0.23734
vn -0.370974 -0.629547 0.682678
vn 0.561092 -0.695128 0.449415
vn -0.022167 -0.999565 0.019466
vn 0.311221 -0.883254 -0.350718
vn 0.864443 -0.492254 -0.102096
vn 0.395556 -0.730903 0.556163
vn 0.41398 -0.679031 0.606249
vn -0.190128 -0.972459 0.134813
vn 0.213454 -0.81168 0.543703
vn 0.971794 -0.234816 0.021872
vn 0.268987 0.947901 -0.170675
vn 0.394945 0.73302 -0.553805
vn 0.372418 0.73709 -0.563918
vn 0.248745 -0.942368 -0.223758
vn -0.377304 -0.852146 -0.362614
vn -0.327008 -0.943359 -0.056027
vn -0.542494 -0.629745 -0.555987
vn -0.607736 0.790639 0.074481
vn -0.627057 0.764881 0.147497
vn 0.246326 0.689111 -0.681505
vn 0.226964 0.711189 -0.665355
vn -0.501583 -0.862648 0.065216
vn 0.200507 0.723639 -0.660411
vn 0.118934 0.923311 0.365173
vn 0.506722 0.781796 0.363357
vn 0.001017 0.111406 -0.993774
vn -0.021881 0.094015 -0.99533
vn -0.55063 -0.64578 -0.528938
vn 0.174275 0.090128 -0.980564
vn -0.291323 -0.956352 0.02282
vn -0.393746 0.638942 -0.660846
vn -0.364502 -0.926201 -0.096384
vn -0.909789 -0.411723 0.05261
vn -0.237652 0.906455 -0.349086
vn -0.167431 -0.943993 0.284332
vn -0.523386 -0.830499 0.190626
vn -0.767908 -0.628669 0.122847
vn -0.310032 0.843305 0.438996
vn -0.684983 0.514314 0.516023
vn 0.826759 0.557505 0.07522
vn -0.62723 0.749739 0.210889
vn -0.719675 0.66721 0.192092
vn -0.707451 0.697808 0.112149
vn -0.117565 0.929606 0.349302
vn -0.200289 0.885792 -0.418637
vn -0.541203 -0.837676 -0.073476
vn 0.405286 0.774165 -0.486222
vn 0.149574 0.96813 -0.200876
vn -0.756745 -0.524523 -0.390144
vn -0.358951 -0.928131 0.098624
vn 0.14645 -0.879341 0.453115
vn 0.917087 0.372754 -0.141446
vn 0.133145 -0.610513 0.780735
vn -0.686055 -0.697823 0.205844
vn -0.973813 -0.16278 -0.158717
vn -0.505066 -0.818908 -0.272576
vn -0.433606 -0.851092 -0.29602
vn -0.415443 -0.853025 -0.31584
vn 0.205816 0.972193 -0.111713
vn 0.676945 0.723006 -0.137873
vn 0.43592 0.61941 0.652921
vn -0.386712 -0.877116 -0.284819
vn 0.702601 0.680814 0.206989
vn -0.321869 -0.897066 -0.302777
vn 0.438709 0.65025 0.62025
vn 0.756921 0.566545 0.325727
vn -0.318391 -0.896854 -0.30705
vn -0.38977 -0.917419 -0.080139
vn -0.334479 -0.9226 -0.192179
vn -0.349804 -0.914885 -0.20155
vn 0.362537 -0.922722 -0.130958
vn -0.2745 0.95579 -0.105428
vn 0.079018 -0.934043 0.34831
vn 0.317604 -0.84211 0.435865
vn -0.706396 0.599057 0.377007
vn 0.060299 -0.989335 -0.132587
vn -0.734371 -0.533254 0.419928
vn -0.195103 -0.973727 0.117437
vn 0.251414 -0.962078 0.105818
vn 0.366671 -0.684192 0.630424
vn 0.292338 -0.746107 0.598217
vn -0.885918 -0.417812 -0.201452
vn 0.473437 -0.711276 0.519562
vn 0.650884 -0.64963 0.392849
vn -0.098218 -0.975943 -0.194651
vn 0.640827 -0.65231 0.404762
vn -0.14042 -0.785939 0.602148
vn 0.382509 -0.624002 0.681402
vn -0.147953 -0.867668 0.474618
vn 0.757838 -0.360898 0.543538
vn 0.544877 -0.185456 0.81775
vn 0.198945 -0.914879 0.351308
vn 0.733525 0.076572 0.675335
vn 0.85766 0.077021 0.508417
vn 0.771344 0.199153 0.604456
vn 0.40594 0.236413 0.882792
vn 0.454793 -0.228367 0.860821
vn 0.104457 0.212726 0.971512
vn 0.276187 -0.187574 0.942622
vn -0.723662 -0.370631 -0.58219
vn 0.134534 0.245187 0.960096
vn -0.758968 -0.534437 -0.371947
vn 0.224766 0.161889 0.960871
vn -0.059762 -0.43862 0.896683
vn -0.188618 -0.436532 0.879695
vn 0.099412 -0.994368 0.036737
vn -0.297938 -0.645946 0.702841
vn -0.119565 -0.909498 0.398143
vn 0.257213 -0.959587 0.114169
vn -0.072677 -0.789336 0.609645
vn 0.854201 0.499621 -0.143943
vn -0.293784 -0.661383 0.690118
vn 0.86204 0.505242 -0.040222
vn -0.311128 -0.669766 0.674249
vn -0.007064 -0.954776 0.297241
vn 0.103026 0.988521 -0.110506
vn -0.617074 -0.143897 0.773636
vn -0.373946 -0.637552 0.673566
vn -0.085749 -0.992539 -0.086678
vn -0.481494 -0.838656 -0.254596
vn -0.783246 -0.596695 0.174588
vn 0.147771 -0.9586 -0.243414
vn -0.227075 -0.961561 0.154391
vn -0.319491 -0.941092 0.110773
vn -0.310754 -0.535454 0.785316
vn -0.181047 0.983079 -0.027884
vn -0.554285 0.827438 0.090082
vn -0.664065 0.740173 0.105644
vn -0.930374 0.31482 0.187863
vn -0.11165 0.545197 -0.83084
vn 0.377001 -0.123678 0.917918
vn 0.159008 0.405312 0.900244
vn -0.08553 0.456632 0.885535
vn -0.631978 -0.478389 0.609711
vn -0.854316 -0.274661 0.441254
vn 0.796425 -0.577171 0.180501
vn -0.422877 -0.644346 -0.637176
vn 0.916051 0.354261 0.188016
vn 0.873328 0.383445 0.300446
vn 0.982516 0.183995 0.028428
vn 0.837023 -0.546582 -0.025331
vn 0.849874 -0.282154 0.445088
vn 0.975034 -0.217973 -0.042377
vn 0.965518 -0.092584 -0.243317
vn 0.520295 -0.849893 0.08352
vn 0.885824 -0.309409 0.345806
vn 0.485363 -0.524943 0.699184
vn 0.231986 -0.715715 -0.658737
vn -0.087564 -0.98997 -0.110872
vn 0.994615 -0.103418 0.006746
vn 0.527956 -0.761714 -0.375572
vn 0.326835 -0.943423 -0.05597
vn 0.881717 0.459163 0.108374
vn 0.189989 -0.972521 0.134563
vn 0.981695 0.099971 0.162111
vn -0.203844 -0.939204 -0.276302
vn -0.395053 -0.731177 0.556159
vn -0.413109 -0.680325 0.605391
vn -0.646796 -0.395879 0.65187
vn 0.582631 -0.756023 0.29828
vn 0.468253 -0.848953 0.244984
vn 0.45394 0.828776 0.327213
vn 0.958043 0.179007 -0.223853
vn -0.56551 -0.367616 0.73828
vn -0.534489 -0.455935 0.711649
vn -0.214149 -0.811787 0.543269
vn -0.732324 -0.081596 0.67605
vn -0.31777 -0.842009 0.43594
vn -0.586237 -0.470112 0.659789
vn -0.07933 -0.933968 0.34844
vn 0.194849 -0.97376 0.117582
vn 0.721685 -0.462648 0.514905
vn 0.452502 0.862341 -0.227181
vn 0.890093 0.353646 0.287523
vn 0.897089 0.320853 0.303785
vn 0.914369 0.391684 0.102531
vn -0.451449 0.283303 -0.846128
vn 0.156867 0.479136 0.863609
vn 0.796864 0.172936 0.578879
vn 0.90401 0.011435 0.427359
vn 0.763767 -0.101021 -0.637538
vn 0.714773 -0.327593 -0.617886
vn 0.716312 0.589881 0.372742
vn 0.624538 0.727769 0.28338
vn 0.685306 -0.655261 -0.317789
vn 0.994084 0.033422 0.103348
vn 0.425933 -0.648301 0.631099
vn 0.292355 -0.709595 0.641095
vn 0.767484 -0.631875 -0.108177
vn 0.68905 -0.691481 0.216941
vn 0.996759 -0.009336 0.079906
vn 0.644756 -0.538586 0.542416
vn 0.742336 -0.051683 0.668032
vn 0.937437 0.194614 0.288681
vn 0.732397 -0.562565 0.383556
vn 0.713335 -0.695405 0.086982
vn -0.01431 -0.012599 -0.999818
vn -0.978484 0.105959 0.177035
vn -0.848818 0.496705 0.181089
vn 0.904407 0.36922 0.213834
vn -0.167574 -0.981992 -0.087237
vn -0.027248 -0.496544 -0.867584
vn 0.666713 -0.314395 -0.675759
vn 0.893776 0.342891 0.28912
vn -0.251096 0.955722 0.153447
vn 0.588543 0.278052 -0.759147
vn 0.364293 -0.926293 -0.096288
vn 0.355762 0.693762 0.626201
vn 0.551114 -0.831748 0.066846
vn 0.896986 -0.419061 -0.140727
vn 0.961822 0.269627 0.046895
vn 0.767718 -0.628885 0.122932
vn 0.909691 -0.411935 0.052644
vn 0.291861 -0.956184 0.023008
vn 0.453268 -0.848268 -0.273842
vn -0.125172 0.991663 0.030602
vn 0.399868 0.09246 -0.911897
vn 0.482721 -0.774134 -0.409508
vn 0.342921 -0.887499 -0.307817
vn 0.551122 -0.719764 0.422142
vn 0.913754 0.106687 0.392011
vn 0.88222 0.097431 0.460646
vn 0.316522 0.683853 0.657388
vn 0.915347 0.245043 -0.319522
vn 0.989421 0.111446 0.092875
vn 0.983111 0.10554 -0.149513
vn 0.361309 -0.888408 -0.283173
vn 0.980693 0.077086 -0.179721
vn 0.888536 0.038454 -0.457192
vn 0.276495 -0.957311 0.084292
vn 0.532417 -0.838545 0.115645
vn 0.362077 -0.932141 -0.003659
vn 0.32359 -0.943618 0.069821
vn 0.347898 -0.935623 -0.059796
vn 0.523235 -0.834745 -0.17154
vn 0.295002 -0.955438 0.01056
vn -0.318595 0.058911 -0.946058
vn -0.273242 -0.204885 -0.939873
vn 0.487641 -0.872658 0.025953
vn -0.924154 0.330632 0.191367
vn 0.872596 -0.455344 -0.176741
vn 0.903567 -0.354505 -0.24061
vn 0.536284 -0.843884 -0.016123
vn 0.901543 -0.164833 -0.400064
vn 0.593304 -0.804894 -0.01163
vn 0.657739 -0.723302 0.210273
vn 0.72953 -0.63475 0.254715
vn -0.184051 -0.973261 -0.137438
vn -0.294096 -0.905407 -0.30618
vn 0.327771 -0.938396 0.109448
vn 0.658145 0.558347 -0.505067
vn 0.566954 -0.156171 -0.80881
vn 0.145712 -0.933613 -0.327314
vn 0.348126 -0.826293 0.442773
vn -0.22857 -0.958702 -0.169251
vn -0.330311 -0.943418 -0.029293
vn -0.353423 -0.934958 0.030752
vn 0.666067 -0.696571 0.266728
vn -0.753438 -0.423688 0.502812
vn -0.948437 -0.289267 0.129583
vn -0.893734 0.011491 -0.448451
vn -0.976336 0.207892 -0.05957
vn 0.944869 -0.313928 -0.093121
vn 0.792762 -0.46926 0.389004
vn 0.903525 0.051334 0.425451
vn 0.04229 -0.998549 -0.033353
vn 0.769018 0.596176 -0.230618
vn -0.81715 -0.529775 0.227164
vn -0.799246 -0.570367 -0.189439
vn -0.722279 -0.666094 -0.186096
vn -0.675028 -0.705262 -0.216664
vn -0.692483 -0.721184 0.018985
vn -0.266085 -0.748989 0.606806
vn -0.633948 -0.611346 0.473672
vn -0.357637 -0.676267 0.644018
vn -0.55648 -0.531841 0.638337
vn -0.518603 -0.792695 0.320446
vn -0.255299 -0.678862 -0.688454
vn -0.326195 -0.898301 -0.294369
vn -0.17526 -0.971004 -0.162589
vn -0.084027 -0.979808 0.181426
vn -0.185042 -0.96857 0.166226
vn -0.951991 0.151469 0.266028
vn -0.313326 0.732354 -0.604554
vn -0.328122 -0.798699 0.504397
vn -0.474845 -0.622094 0.622512
vn -0.550177 -0.080419 0.831167
vn -0.476385 -0.005621 0.879219
vn -0.418943 -0.900036 0.120095
vn -0.270497 -0.960731 -0.061863
vn -0.451843 -0.659068 0.601222
vn -0.341857 -0.505739 0.792062
vn -0.725235 -0.395329 0.563692
vn -0.757837 -0.360897 0.543541
vn -0.733526 0.076573 0.675335
vn -0.366436 0.204173 0.907765
vn -0.771344 0.199153 0.604456
vn -0.857661 0.07702 0.508416
vn -0.300943 -0.053212 0.952156
vn -0.224793 0.161864 0.960868
vn 0.18586 -0.297075 0.936591
vn -0.467355 -0.195851 0.862103
vn -0.005089 -0.995556 0.094033
vn 0.073812 -0.932487 0.353582
vn -0.165837 -0.972617 0.162831
vn 0.296613 -0.657439 0.692672
vn -0.097081 -0.991687 0.084458
vn 0.030615 -0.972163 0.232297
vn 0.062244 -0.98436 -0.164806
vn 0.353027 -0.844941 -0.401803
vn -0.125182 -0.942741 -0.309141
vn -0.900619 0.32244 0.291407
vn 0.295343 -0.662054 0.688808
vn 0.364119 -0.643016 0.673757
vn 0.644184 -0.465971 0.606546
vn 0.307899 -0.668145 0.677333
vn 0.601738 -0.177659 0.778684
vn 0.225316 -0.967311 0.116373
vn -0.207611 0.953197 0.219803
vn 0.048342 -0.875679 0.480468
vn -0.394426 0.845193 0.360662
vn -0.692301 0.082758 -0.716847
vn -0.182741 -0.651645 -0.736182
vn -0.885464 -0.185906 0.425901
vn 0.131253 -0.967055 -0.21812
vn -0.036688 -0.984239 0.172997
vn 0.141973 -0.94525 -0.293847
vn -0.995 -0.049169 -0.086934
vn 0.371535 -0.843008 -0.388972
vn -0.986508 -0.021212 0.162334
vn 0.157733 -0.977622 -0.139192
vn -0.97507 -0.156048 -0.157759
vn 0.30786 -0.933097 -0.185883
vn -0.506766 0.583362 0.634726
vn -0.979212 0.199602 -0.036105
vn -0.716312 0.589881 0.372743
vn -0.691552 -0.195897 -0.695255
vn -0.394554 -0.900493 0.182864
vn -0.685305 -0.655261 -0.317789
vn -0.914499 0.332256 0.230863
vn -0.940823 0.097752 0.324496
vn -0.816096 -0.541977 0.20062
vn -0.737759 -0.675011 -0.008477
vn -0.128994 -0.991631 0.005323
vn -0.123563 -0.992123 0.020611
vn -0.05764 -0.998161 -0.018795
vn 0.08252 -0.980889 0.1762
vn -0.24212 -0.970024 0.020786
vn -0.523035 -0.660399 -0.538802
vn -0.899892 -0.2045 -0.385193
vn -0.290971 0.066629 -0.954409
vn -0.347453 0.200265 -0.916063
vn -0.486936 -0.551022 0.677693
vn -0.728466 0.059544 0.68249
vn -0.879703 0.454793 0.13887
vn 0.134966 0.630212 0.764603
vn -0.443621 -0.097694 0.890874
vn 0.183001 0.124306 0.975222
vn 0.221346 0.100384 0.970015
vn -0.487679 -0.109193 0.866167
vn 0.100196 -0.456705 0.883958
vn -0.049027 -0.996274 0.070955
vn 0.00063 -0.865786 0.500413
vn -0.011979 -0.903289 0.428866
vn -0.893464 -0.037362 0.447577
vn -0.94478 0.145177 -0.293795
vn -0.935256 0.038992 0.351818
vn -0.980536 0.133388 -0.144074
vn -0.98946 0.135559 0.050919
vn -0.123281 -0.876875 0.464643
vn 0.136654 -0.864489 0.483719
vn -0.008279 -0.785379 0.61896
vn -0.239253 -0.952566 -0.188088
vn 0.043257 -0.940405 -0.337294
vn 0.086248 -0.971898 -0.219031
vn -0.958468 -0.10218 -0.266267
vn -0.928816 0.313459 0.197597
vn -0.144803 -0.973183 -0.178737
vn -0.137772 -0.976247 -0.167214
vn -0.122664 -0.983358 -0.134017
vn -0.138731 -0.983355 -0.11733
vn -0.098394 -0.994987 -0.017884
vn -0.096493 -0.995211 -0.015637
vn -0.618797 -0.785289 0.020277
vn -0.308727 -0.951145 0.003364
vn 0.71643 0.485739 -0.500784
vn 0.12728 -0.970604 -0.204272
vn 0.403707 -0.333249 -0.852036
vn 0.172907 -0.869532 -0.46262
vn 0.252664 -0.803106 -0.539613
vn -0.565855 -0.67856 -0.468363
vn -0.948389 0.119171 0.293867
vn -0.516694 -0.476788 -0.711126
vn -0.082107 -0.450292 -0.889098
vn -0.310831 -0.940236 0.13907
vn -0.645361 -0.758058 0.094118
vn -0.659487 -0.740771 0.127811
vn -0.739322 -0.083441 0.668162
vn -0.783484 0.35377 0.510881
vn -0.498465 -0.56803 0.654885
vn -0.742451 -0.041071 0.66864
vn -0.924122 0.381287 0.024866
vn -0.560175 0.796928 0.226077
vn -0.965012 -0.121751 0.232227
vn -0.954912 -0.294472 0.037793
vn -0.287983 -0.907866 -0.304707
vn 0.220702 0.488962 -0.843923
vn -0.65102 -0.468073 0.597562
vn -0.746709 -0.12603 -0.653102
vn 0.122632 0.992054 -0.028093
vn -0.02322 0.565973 -0.824097
vn 0.625632 0.075511 0.776456
vn 0.08997 0.718543 -0.689639
vn -0.631727 0.251187 -0.733366
vn -0.24562 -0.657568 0.712232
vn 0.324725 -0.1612 0.93197
vn 0.213378 -0.151623 -0.965132
vn -0.522424 0.850905 -0.055075
vn 0.14558 -0.44092 -0.885661
vn 0.658158 0.75277 0.0129
vn 0.966369 -0.103639 0.235352
vn -0.654403 0.740366 0.153674
vn -0.70192 -0.566309 0.431975
vn -0.792763 -0.469261 0.389
vn -0.904758 -0.350879 -0.241449
vn -0.643455 0.71098 -0.283677
vn -0.636432 0.715387 -0.288403
vn -0.726507 0.668286 -0.159939
vn -0.887885 0.432985 -0.15551
vn -0.367475 0.909101 -0.19621
vn -0.869996 0.471562 -0.143997
vn -0.669562 0.735271 -0.10518
vn -0.682132 0.722596 -0.112029
vn -0.756014 0.613965 0.226911
vn -0.607707 0.609589 -0.509012
vn -0.332907 0.820699 -0.464356
vn -0.336212 0.844708 -0.416449
vn -0.192651 0.851679 -0.487369
vn -0.077426 0.984121 -0.159722
vn 0.010176 0.958963 -0.28335
vn -0.003183 0.98035 -0.197242
vn 0.015597 0.985569 -0.168555
vn 0.065897 0.983113 -0.170726
vn -0.010462 0.976848 -0.21368
vn 0.010604 0.971198 -0.238039
vn 0.001474 0.962381 -0.271698
vn 0.026649 0.970687 -0.238866
vn 0.24613 0.910827 -0.331382
vn -0.03727 0.841162 -0.539498
vn 0.0894 0.807987 -0.582379
vn 0.312244 0.391182 -0.865725
vn 0.322441 0.842426 -0.431683
vn -0.024557 0.816688 0.576557
vn 0.199704 0.972398 0.120663
vn 0.152043 0.956109 -0.250479
vn 0.11961 0.93578 -0.331677
vn 0.010916 0.968715 -0.247934
vn 0.187005 0.75255 -0.631425
vn -0.132219 0.991123 0.013865
vn 0.140097 0.955671 -0.258969
vn -0.177774 0.918191 0.354009
vn -0.187054 0.877785 0.441027
vn -0.305954 0.874252 0.376928
vn 0.010745 0.999921 -0.006458
vn 0.006689 0.999922 0.010584
vn 0.007237 0.999898 -0.01228
vn 0.098784 0.977094 0.188492
vn 0.104283 0.978079 0.180243
vn 0.156397 0.863376 0.479711
vn -0.055362 0.984316 0.167505
vn -0.107956 0.994124 -0.007923
vn -0.03387 0.987851 0.151671
vn -0.322825 0.859871 0.395482
vn -0.168221 0.904063 -0.392901
vn -0.692829 0.694776 -0.193067
vn -0.427552 0.846855 -0.316286
vn -0.428545 0.84624 -0.316588
vn -0.342532 0.916865 0.205013
vn -0.009054 0.987257 0.158874
vn -0.094198 0.978097 0.185616
vn 0.038926 0.846273 0.531325
vn 0.107754 0.843691 0.525904
vn -0.116592 0.675318 0.728253
vn -0.239237 0.839157 0.488448
vn -0.376454 0.924668 -0.05719
vn -0.241193 0.941214 0.236522
vn -0.359935 0.732011 0.578452
vn -0.336968 0.930416 0.14415
vn -0.543207 0.827005 0.144874
vn -0.480109 0.87125 0.10207
vn -0.212172 0.965724 -0.149536
vn -0.325192 0.934397 -0.145439
vn -0.466126 0.836263 -0.288775
vn -0.426368 0.855032 -0.295181
vn -0.280925 0.927279 -0.247457
vn -0.159017 0.949591 -0.270168
vn -0.513469 0.818539 -0.257572
vn -0.513288 0.818631 -0.257639
vn -0.897265 0.302497 -0.321577
vn -0.771724 0.504062 -0.387768
vn -0.425122 0.901952 -0.075854
vn -0.777423 0.615146 -0.131181
vn 0.035639 0.999016 0.026399
vn -0.214785 0.95391 -0.209577
vn -0.249408 0.956031 -0.154276
vn -0.160349 0.956907 -0.24211
vn 0.097162 0.972776 -0.210395
vn -0.13606 0.959158 -0.248
vn -0.037927 0.960099 -0.277078
vn -0.156836 0.941924 -0.296953
vn -0.164669 0.938407 -0.303771
vn -0.151096 0.921467 -0.357867
vn 0.012966 0.68228 -0.730976
vn 0.344772 0.478854 -0.80736
vn -0.122056 0.900038 -0.41837
vn -0.184278 0.87054 -0.456292
vn -0.187567 0.870346 -0.45532
vn -0.545516 0.752571 -0.368848
vn -0.514339 0.785231 -0.34477
vn -0.444812 0.769391 -0.458453
vn -0.823994 0.2866 -0.488768
vn -0.432741 0.821257 -0.37185
vn -0.828133 0.190785 -0.527064
vn -0.852085 0.366754 -0.37342
vn -0.733544 0.484804 -0.476317
vn -0.747346 0.436636 -0.500822
vn -0.410512 0.773755 -0.482475
vn -0.416027 0.821086 -0.390818
vn -0.423074 0.767068 -0.482302
vn -0.293298 0.936739 -0.191038
vn -0.216996 0.970841 -0.101889
vn -0.405891 0.913538 -0.026473
vn -0.388922 0.920852 -0.027771
vn -0.082093 0.965224 -0.248201
vn -0.201696 0.951807 -0.231047
vn -0.395506 0.907453 -0.141789
vn -0.041276 0.980047 -0.194435
vn 0.289428 0.94645 -0.143053
vn -0.302221 0.942081 -0.145417
vn -0.008752 0.996975 -0.077231
vn -0.080956 0.995993 -0.037999
vn 0.082625 0.996475 -0.014502
vn -0.000177 0.997982 -0.0635
vn -0.103259 0.989732 0.098834
vn -0.274074 0.903035 0.330773
vn 0.098059 0.994924 0.022591
vn -0.146691 0.928774 0.340382
vn -0.407307 0.784607 0.467433
vn -0.568335 0.680648 0.462291
vn -0.350226 -0.625092 -0.697568
vn -0.969885 -0.135188 0.202602
vn -0.713388 0.192843 -0.673713
vn -0.008279 0.234504 -0.97208
vn -0.645714 -0.421081 0.636981
vn 0.982565 0.175277 -0.061996
vn 0.708199 0.65751 0.257168
vn 0.795474 0.525342 -0.302054
vn 0.134219 0.989175 0.05931
vn 0.259322 0.410477 0.87422
vn 0.44361 0.858055 0.258749
vn 0.092756 0.995203 -0.03109
vn 0.43352 -0.547677 -0.715619
vn 0.963709 -0.099435 0.247746
vn -0.290589 0.496867 0.817729
vn -0.910437 0.305188 -0.279221
vn -0.977945 0.208398 0.013932
vn -0.38417 0.91408 0.129889
vn -0.171747 0.984927 0.020535
vn 0.209801 -0.976938 0.03969
vn -0.250926 -0.936945 0.243248
vn 0.111446 -0.990849 0.07614
vn 0.020302 -0.981841 0.188617
vn -0.313099 -0.601669 0.734822
vn -0.210239 -0.747362 0.630277
vn -0.166244 -0.783477 0.598771
vn -0.045826 -0.824169 0.564488
vn -0.066398 -0.962479 0.263108
vn -0.182328 -0.784562 0.592637
vn 0.100133 -0.810649 0.576907
vn -0.171023 -0.742385 0.647777
vn -0.169389 -0.574882 0.800511
vn -0.218816 -0.363374 0.905582
vn -0.18823 -0.297177 0.936085
vn -0.149349 -0.296659 0.943233
vn -0.104793 0.815579 0.569077
vn 0.341858 -0.505735 0.792064
vn 0.295458 0.402135 0.866598
vn 0.225609 0.210114 0.95129
vn 0.366436 0.204173 0.907765
vn 0.428177 -0.603001 0.673093
vn 0.611296 -0.054234 0.789542
vn 0.610875 -0.015347 0.791578
vn 0.725238 -0.39533 0.563688
vn 0.669544 -0.529284 0.521123
vn 0.489867 -0.703483 0.514919
vn 0.26305 -0.713486 0.649417
vn 0.355669 -0.878551 0.318822
vn 0.395109 -0.918633 -0.001194
vn 0.259149 -0.961327 0.093228
vn 0.315926 -0.945796 -0.075232
vn 0.358973 -0.932976 -0.02636
vn 0.359312 -0.907284 -0.218475
vn 0.305865 -0.929238 -0.207275
vn 0.144925 -0.957297 -0.250158
vn 0.183616 -0.966407 -0.179842
vn 0.138795 -0.97692 -0.162365
vn 0.168646 -0.984368 0.050769
vn 0.330345 -0.943405 -0.029309
vn 0.330016 -0.894493 -0.301615
vn 0.283541 -0.936459 -0.206517
vn 0.321462 -0.940697 -0.108403
vn -0.297195 -0.398127 -0.867854
vn -0.392286 -0.774652 -0.496011
vn -0.412989 -0.850973 -0.324477
vn -0.967819 -0.121048 0.220623
vn -0.671053 -0.547881 0.499514
vn 0.536809 -0.516272 0.667307
vn -0.450913 0.507867 -0.733995
vn -0.024663 0.279643 -0.959787
vn -0.094233 0.270017 -0.958233
vn 0.529906 0.785905 -0.318674
vn 0.714917 -0.437044 -0.54579
vn 0.146691 -0.703255 -0.695639
vn -0.898724 -0.18388 0.398099
vn 0.087989 0.319614 -0.943454
vn 0.059045 0.983729 -0.169679
vn 0.007586 0.346741 -0.93793
vn 0.184357 0.397108 -0.899065
vn 0.388889 0.662031 -0.640687
vn -0.536957 0.776987 -0.328585
vn 0.043435 0.988383 -0.145644
vn 0.078584 0.990651 -0.111513
vn -0.322172 0.9095 -0.262708
vn -0.039715 0.865261 0.499746
vn -0.334035 0.884447 -0.325845
vn 0.118344 0.989061 -0.088056
vn 0.044971 0.996221 -0.074307
vn 0.042652 0.996494 -0.071976
vn 0.081302 0.994351 -0.068238
vn 0.112433 0.993218 -0.029611
vn 0.11159 0.993409 -0.026187
vn 0.13998 0.989375 0.039268
vn 0.141657 0.989785 0.016087
vn 0.13507 0.990829 0.003791
vn 0.121043 0.992643 0.003081
vn 0.187933 0.982182 -0.000131
vn 0.079094 0.994646 -0.066508
vn 0.134949 0.985489 -0.102953
vn 0.143087 0.989599 -0.014827
vn 0.171946 0.985052 0.010329
vn 0.169432 0.985381 -0.017803
vn 0.077594 0.996785 0.019947
vn -0.014828 0.9757 0.218607
vn -0.173866 0.975149 0.137312
vn 0.001855 0.999667 -0.025724
vn 0.641411 0.703241 -0.306665
vn 0.188765 0.980985 -0.045117
vn 0.140286 0.987821 -0.067301
vn 0.188443 0.980677 -0.052549
vn 0.108546 0.992566 -0.055059
vn 0.080542 0.98074 -0.177938
vn 0.129741 0.980908 -0.144871
vn 0.201024 0.938542 0.280584
vn 0.061719 0.998015 0.012539
vn 0.011774 0.959809 -0.280408
vn 0.089718 0.995221 -0.038546
vn 0.322917 0.826688 0.460773
vn -0.028552 0.986581 -0.160755
vn -0.111655 0.99369 -0.010665
vn -0.025577 0.994981 -0.09674
vn -0.088176 0.97455 0.2061
vn -0.025064 0.99597 -0.086117
vn -0.050959 0.995046 -0.085367
vn 0.057179 0.998332 -0.008036
vn -0.047206 0.998831 0.010404
vn -0.088617 0.988621 0.121552
vn -0.242433 0.967171 -0.076202
vn -0.313084 0.789808 -0.527429
vn -0.302442 0.75252 -0.585015
vn -0.311693 0.934529 0.171766
vn 0.051413 0.993396 0.102573
vn 0.13371 0.98952 0.054514
vn 0.174737 0.978076 0.113291
vn 0.084107 0.996299 0.017742
vn 0.085619 0.996317 -0.004578
vn 0.096332 0.995314 -0.008408
vn -0.043444 0.998803 -0.022474
vn 0.069692 0.997551 0.005946
vn 0.048811 0.982339 0.180631
vn 0.052136 0.98171 0.183106
vn -0.077637 0.976898 0.199103
vn 0.110858 0.993727 0.014728
vn -0.10953 0.974431 0.196181
vn -0.154585 0.965165 0.211094
vn -0.100457 0.977117 0.187484
vn -0.07357 0.987073 0.14239
vn -0.085218 0.996352 -0.004436
vn -0.413136 0.229172 0.881362
vn -0.055854 0.994818 -0.084952
vn -0.088318 0.992889 -0.079824
vn -0.087267 0.987296 -0.132785
vn -0.077812 0.98545 -0.151105
vn -0.056214 0.995885 -0.071086
vn -0.114505 0.985147 -0.12796
vn -0.119376 0.99254 0.02476
vn -0.099308 0.994297 -0.038876
vn -0.126495 0.991674 0.024101
vn -0.11913 0.992058 0.040367
vn -0.058803 0.998065 0.020218
vn -0.324796 0.923666 -0.203343
vn -0.016637 0.999658 -0.020169
vn -0.208093 -0.96721 -0.145607
vn 0.000437 0.999983 -0.00579
vn -0.024928 0.999398 -0.024147
vn -0.066748 -0.994406 -0.081857
vn -0.038237 -0.963073 -0.266512
vn -0.188105 -0.976664 0.103649
vn -0.17933 -0.945924 0.270312
vn -0.193711 -0.944347 -0.265866
vn -0.135909 -0.990284 -0.029432
vn -0.168978 -0.946108 0.276271
vn -0.152783 -0.977898 -0.142733
vn -0.118987 -0.980902 -0.153862
vn -0.121227 0.98587 -0.115602
vn -0.167741 -0.947124 0.273531
vn -0.142616 -0.97204 -0.186545
vn -0.12836 -0.980341 -0.14985
vn -0.112919 -0.975351 -0.18958
vn -0.123314 -0.988599 -0.086407
vn -0.194673 0.977553 -0.080574
vn -0.196393 0.977355 -0.078789
vn -0.13301 0.991085 -0.007662
vn -0.12028 0.9925 0.021848
vn -0.101306 0.993642 -0.049113
vn -0.089905 0.995562 -0.027816
vn -0.130107 0.970174 -0.204536
vn -0.093722 0.975216 -0.200423
vn -0.110773 0.992431 -0.053003
vn 0.118922 0.746946 -0.654164
vn -0.183258 0.98302 -0.009424
vn -0.259454 0.840359 0.4759
vn -0.063479 0.979273 -0.192342
vn -0.053923 0.992953 -0.105534
vn -0.060298 0.997516 -0.03641
vn -0.069429 0.992984 -0.095717
vn -0.103792 0.992386 -0.06631
vn -0.190029 0.968144 -0.163055
vn -0.041429 0.997381 -0.059285
vn -0.091104 0.995841 0.000595
vn -0.1267 0.969774 -0.208534
vn -0.08601 0.99037 -0.108487
vn -0.087208 0.981702 -0.169283
vn -0.199575 0.946814 -0.252415
vn -0.246515 0.954663 -0.166882
vn -0.251555 0.938379 -0.236994
vn 0.010406 0.903935 -0.427544
vn -0.072542 0.983578 -0.165265
vn -0.048051 0.94942 -0.31031
vn -0.059534 0.995214 -0.077487
vn -0.064219 0.992532 -0.103716
vn -0.083885 0.996253 0.021038
vn -0.069469 0.991641 -0.108732
vn -0.039888 0.992707 -0.113761
vn -0.009726 0.991019 -0.133367
vn 0.032815 0.995585 -0.087939
vn 0.030488 0.995678 -0.087722
vn -0.017664 0.999836 0.003874
vn 0.031048 0.996075 -0.082891
vn -0.068833 0.996499 -0.047456
vn -0.019342 0.990205 -0.138277
vn -0.010698 0.990215 -0.139138
vn -0.08794 0.9956 -0.032365
vn -0.005819 0.98653 -0.163478
vn -0.008777 0.977136 -0.212433
vn -0.107642 0.993025 -0.048118
vn -0.026424 0.973733 -0.226156
vn 0.000101 0.971778 -0.235896
vn 0.003178 0.974349 -0.225021
vn -0.012009 0.972497 -0.232607
vn -0.143211 0.989441 -0.022284
vn -0.148713 0.98888 0.001089
vn -0.243519 0.969223 0.036132
vn -0.079395 0.994604 -0.066778
vn -0.134786 0.985539 -0.102696
vn -0.141599 0.989438 -0.031035
vn -0.165825 0.985949 0.020179
vn -0.149279 0.987978 -0.040183
vn -0.204281 0.978616 -0.024099
vn -0.267186 0.963014 0.034859
vn -0.015334 0.999444 0.029596
vn -0.042591 0.979006 -0.199334
vn -0.078994 0.981337 -0.175321
vn -0.188883 0.980933 -0.045756
vn -0.108479 0.992553 -0.055423
vn 0.039913 0.993182 -0.109528
vn 0.032015 0.994839 -0.096284
vn 0.034916 0.996514 -0.07577
vn -0.057497 0.998307 -0.008843
vn -0.155103 0.986673 -0.049188
vn -0.138681 0.990193 0.016882
vn 0.041706 0.203004 -0.978289
vn -0.188226 0.9802 -0.061466
vn -0.095592 0.978047 -0.185167
vn -0.091434 0.984426 -0.150153
vn -0.094813 0.97892 -0.180906
vn -0.070549 0.991385 -0.110357
vn -0.083174 0.988451 -0.126678
vn -0.183289 0.982886 0.018459
vn -0.079248 0.988863 -0.125979
vn -0.074101 0.996441 0.040178
vn -0.119705 0.988742 -0.089777
vn -0.220307 0.974117 -0.050612
vn -0.149721 0.987146 -0.05591
vn -0.212138 0.958161 -0.192159
vn -0.372837 0.92376 -0.087524
vn -0.047556 0.973568 -0.223392
vn -0.152261 0.988193 -0.017077
vn 0.256366 0.953617 -0.157768
vn -0.189916 0.981511 -0.02382
vn -0.098566 0.993178 0.062311
vn -0.046859 0.973488 -0.223889
vn -0.061244 0.975872 -0.209578
vn -0.114745 0.993211 0.019145
vn -0.371457 0.901932 -0.220312
vn -0.215118 0.957188 -0.193687
vn -0.363931 0.798052 -0.480279
vn -0.397455 0.673228 -0.623533
vn -0.065363 0.996398 0.054018
vn -0.373245 0.758888 -0.533646
vn -0.373989 0.758016 -0.534363
vn -0.335127 0.763858 -0.551553
vn -0.330196 0.717779 -0.612996
vn -0.268765 0.782543 -0.561597
vn -0.080653 0.979396 -0.185144
vn -0.345541 0.520576 -0.78077
vn -0.193891 0.959775 -0.203069
vn 0.409302 0.670788 -0.618478
vn -0.078769 0.86152 -0.501576
vn 0.364369 0.680977 -0.635221
vn 0.131303 0.883215 -0.450213
vn 0.429339 0.790921 -0.436019
vn -0.158468 0.984898 0.069745
vn 0.086442 0.96724 -0.238694
vn 0.093263 0.966581 -0.238794
vn -0.162717 0.984121 0.070918
vn 0.038258 0.988492 -0.146355
vn 0.087772 0.961701 -0.259669
vn -0.106657 0.992866 -0.0533
vn -0.184429 0.794381 -0.578744
vn 0.032485 0.993989 -0.104547
vn 0.058274 0.998245 -0.01052
vn -0.069046 0.972175 -0.223848
vn 0.068899 0.997042 -0.034053
vn 0.055603 0.992943 -0.104752
vn 0.080784 0.980982 -0.176487
vn 0.118331 0.792073 -0.598847
vn 0.192054 0.884697 -0.424767
vn 0.215207 0.847334 0.485502
vn 0.080193 0.973601 0.213704
vn -0.038976 0.846279 0.531312
vn 0.342019 0.917438 0.2033
vn 0.428419 0.845079 -0.319842
vn 0.42532 0.84463 -0.325119
vn 0.644265 0.526232 -0.55498
vn 0.642992 0.519747 -0.562516
vn 0.019673 0.99326 -0.114229
vn 0.017792 0.994253 -0.105563
vn -0.089639 0.968876 -0.230745
vn -0.048453 0.964086 -0.261135
vn 0.077591 0.961498 -0.263631
vn -0.13449 0.966046 -0.220606
vn 0.129733 0.948859 -0.287813
vn 0.064145 0.984133 -0.165432
vn 0.260799 0.956775 -0.128707
vn 0.342891 0.883406 -0.319404
vn 0.341768 0.883751 -0.319654
vn -0.054314 0.969382 -0.239474
vn 0.096274 0.966787 -0.236758
vn 0.380614 0.889256 -0.253688
vn 0.002458 0.986062 -0.16636
vn 0.824858 0.533039 -0.188357
vn 0.695639 0.607979 -0.382685
vn 0.754534 0.609734 -0.242698
vn 0.785518 0.61398 -0.077396
vn 0.890365 0.4297 -0.150359
vn 0.694886 0.692398 -0.194212
vn 0.672602 0.732518 -0.104995
vn 0.683919 0.72102 -0.111285
vn 0.377248 0.924295 -0.057989
vn 0.242935 0.941325 0.234288
vn 0.336892 0.930528 0.143599
vn 0.544037 0.826579 0.144193
vn 0.359934 0.732009 0.578455
vn 0.26052 0.461455 0.84805
vn 0.333975 0.500812 0.798528
vn 0.481747 0.870348 0.102053
vn 0.568336 0.680646 0.462293
vn 0.274076 0.903037 0.330767
vn 0.25395 0.851996 0.457833
vn 0.286993 0.869449 0.402111
vn 0.146677 0.928776 0.340383
vn 0.112473 0.970011 0.215474
vn 0.103259 0.989731 0.098841
vn 0.000172 0.997982 -0.063501
vn 0.008745 0.996975 -0.077229
vn 0.080956 0.995993 -0.037999
vn 0.302218 0.942082 -0.145415
vn -0.289433 0.946448 -0.143051
vn 0.440583 0.890634 -0.112502
vn 0.316924 0.943901 -0.092791
vn 0.393769 0.908447 -0.140254
vn 0.642497 0.721172 -0.259053
vn 0.591569 0.755568 -0.281358
vn 0.36006 0.88699 -0.289144
vn 0.838906 0.443178 -0.315957
vn 0.540921 0.806631 -0.238227
vn 0.237545 0.937012 -0.256088
vn 0.280929 0.927278 -0.247456
vn 0.082097 0.965223 -0.248202
vn 0.044403 0.98001 -0.193931
vn 0.218328 0.948783 -0.228352
vn 0.406009 0.913486 -0.026465
vn 0.4149 0.909502 -0.025777
vn 0.436983 0.818227 -0.373565
vn 0.23155 0.967531 -0.101332
vn 0.31238 0.930784 -0.189892
vn 0.326402 0.846297 -0.421003
vn 0.485123 0.848336 -0.212089
vn 0.444776 0.769367 -0.458529
vn 0.824005 0.286567 -0.488768
vn 0.828141 0.190753 -0.527064
vn 0.410513 0.649263 -0.640263
vn 0.094924 0.831016 -0.548089
vn -0.017621 0.910712 -0.412665
vn 0.275707 0.902656 -0.33045
vn 0.239694 0.877396 -0.4156
vn 0.11816 0.93792 -0.326103
vn 0.433569 0.78882 -0.435638
vn 0.437664 0.793898 -0.42211
vn 0.803115 0.441455 -0.400153
vn 0.504823 0.768571 -0.393005
vn 0.286274 0.885711 -0.365463
vn 0.54546 0.772302 -0.325611
vn 0.005454 0.878397 -0.4779
vn 0.335605 0.886659 -0.318127
vn 0.795349 0.492424 -0.353466
vn 0.637278 0.69479 -0.333382
vn 0.600947 0.674842 -0.428311
vn 0.754719 0.56462 -0.334072
vn 0.350533 0.835389 -0.423381
vn -0.145834 0.768947 -0.622457
vn 0.512533 0.783668 -0.350962
vn -0.121503 0.680304 -0.722788
vn 0.120885 0.899521 -0.41982
vn 0.217648 0.883919 -0.413904
vn 0.221306 0.868286 -0.443963
vn 0.130648 0.847933 -0.513751
vn 0.561436 0.748319 -0.353282
vn 0.8521 0.366737 -0.373403
vn 0.71372 0.500598 -0.489904
vn 0.409385 0.765868 -0.495833
vn 0.415879 0.818116 -0.397154
vn 0.184893 0.845711 -0.500587
vn 0.168962 0.844448 -0.50829
vn 0.092522 0.923327 -0.372703
vn 0.021338 0.939182 -0.342756
vn 0.675877 0.668638 -0.310022
vn 0.825612 0.442381 0.350233
vn 0.810753 0.478942 0.336591
vn -0.194643 0.054545 -0.979356
vn -0.429408 -0.766743 -0.477194
vn 0.031318 0.970744 -0.238064
vn 0.434792 0.805813 0.402022
vn 0.722897 -0.341089 0.600898
vn 0.185872 -0.976513 -0.108969
vn 0.063412 -0.992654 0.103035
vn 0.142237 -0.986919 0.075887
vn 0.158837 -0.984177 0.078533
vn 0.232454 -0.893346 -0.384575
vn 0.221732 -0.973775 0.050961
vn 0.12773 -0.991804 0.003057
vn 0.111614 -0.993281 0.030586
vn 0.130066 -0.988965 -0.070931
vn 0.119635 -0.987496 -0.102663
vn 0.172352 -0.930278 0.323849
vn 0.141328 -0.985617 -0.092663
vn 0.152507 -0.978963 -0.135549
vn 0.143302 -0.984703 0.099115
vn 0.127443 -0.946329 -0.297019
vn 0.145949 -0.95906 -0.242701
vn 0.118591 -0.961082 -0.249516
vn 0.08736 -0.975057 -0.20404
vn 0.130302 -0.982732 -0.131375
vn 0.122893 -0.989722 -0.073122
vn 0.171121 -0.981492 -0.085969
vn 0.102299 -0.994361 -0.027952
vn 0.140358 -0.989685 -0.028676
vn 0.115275 -0.992562 -0.039138
vn 0.126804 -0.985942 -0.10881
vn 0.163791 -0.98585 -0.035671
vn 0.116285 -0.992455 -0.038869
vn 0.163111 -0.986526 0.012729
vn 0.195271 -0.980026 0.037656
vn 0.177468 -0.983956 -0.018322
vn 0.288782 -0.95438 0.075924
vn 0.161424 -0.966611 0.199011
vn 0.332591 -0.940753 0.06609
vn 0.162672 -0.984543 0.064904
vn 0.163746 -0.98404 0.069662
vn 0.093167 -0.995645 0.00325
vn 0.121203 -0.992354 0.023313
vn 0.116989 -0.993133 0.000579
vn 0.13668 -0.990543 -0.011977
vn 0.135095 -0.990617 -0.020664
vn 0.123762 -0.991732 -0.033926
vn 0.081242 -0.996672 0.006607
vn 0.063633 -0.997131 -0.040993
vn 0.044363 -0.99848 -0.032718
vn 0.064785 -0.996964 -0.0432
vn 0.061816 -0.995801 -0.067518
vn 0.108616 -0.994026 -0.010729
vn 0.100045 -0.992246 0.07375
vn 0.15016 -0.98848 0.018939
vn 0.111774 -0.989933 0.086834
vn 0.135256 -0.986138 0.096115
vn -0.079904 -0.98118 0.17579
vn -0.607256 0.424008 -0.671905
vn -0.336183 0.168802 0.926546
vn -0.70259 -0.623484 0.342979
vn 0.105648 -0.980724 0.164374
vn 0.125454 -0.991756 0.026098
vn 0.131495 -0.990866 -0.029883
vn 0.129296 -0.981788 0.139192
vn 0.061198 -0.998031 -0.013773
vn 0.024007 -0.994445 0.102484
vn -0.071716 -0.983608 0.165445
vn -0.12281 -0.991061 -0.05211
vn 0.089334 -0.985738 0.142616
vn 0.202601 -0.963254 0.176338
vn 0.616227 -0.3818 0.688834
vn 0.328266 -0.798623 0.504424
vn 0.161928 -0.684243 -0.711049
vn 0.170882 -0.974656 -0.144376
vn 0.02512 -0.652921 -0.75701
vn 0.149461 -0.712845 -0.685211
vn 0.303055 -0.945965 -0.115361
vn 0.912599 -0.40884 0.003613
vn 0.30711 -0.933022 -0.187493
vn 0.329531 -0.944134 -0.004452
vn 0.376259 -0.925006 0.052842
vn 0.920165 -0.379976 -0.094422
vn 0.558144 -0.829574 -0.016789
vn 0.391159 -0.915803 -0.091106
vn 0.178126 -0.972986 0.146866
vn 0.283941 -0.946523 0.153204
vn 0.862043 -0.454352 -0.224603
vn 0.854321 -0.516845 0.054833
vn 0.833234 -0.533279 -0.146061
vn 0.60606 -0.778622 -0.1626
vn -0.065154 -0.997277 0.034538
vn -0.186209 -0.981462 0.045377
vn 0.310562 -0.931325 -0.190225
vn -0.190454 -0.981451 0.021915
vn -0.189851 -0.981609 0.020023
vn -0.115334 -0.992578 -0.038559
vn -0.017062 -0.999782 -0.012057
vn -0.057956 -0.998275 -0.009396
vn -0.129907 -0.988354 0.079246
vn -0.173732 -0.981203 0.084009
vn -0.007404 -0.994363 0.10577
vn -0.027623 -0.939864 0.34043
vn -0.16278 -0.984792 0.060725
vn -0.098925 -0.995055 -0.008914
vn 0.202065 -0.976138 0.079531
vn 0.235571 -0.968118 0.08517
vn -0.091269 -0.995825 -0.0013
vn 0.277608 -0.943219 0.182405
vn 0.231544 -0.94245 0.241194
vn 0.249297 -0.933365 0.258228
vn 0.356241 -0.783235 0.509544
vn 0.170483 0.980972 0.0929
vn 0.166355 0.984567 -0.054345
vn 0.138317 0.990292 0.0138
vn 0.174927 0.98437 -0.020388
vn 0.12182 0.992231 0.025255
vn 0.107026 0.994197 -0.010884
vn 0.111513 0.980164 -0.163839
vn 0.109224 0.993966 0.010093
vn 0.141848 0.989181 0.037424
vn 0.106644 0.994293 -0.00287
vn 0.122619 0.989282 -0.079288
vn 0.05564 0.993914 -0.095077
vn 0.162531 0.986364 -0.025861
vn 0.124866 0.991987 -0.019241
vn 0.125659 0.991769 -0.024587
vn 0.261109 0.961425 -0.086512
vn 0.130934 0.989268 -0.06485
vn 0.086277 0.996219 0.010207
vn 0.12972 0.991537 -0.005156
vn 0.134467 0.990759 -0.017758
vn 0.024539 -0.948321 0.316363
vn 0.507757 -0.711241 0.486127
vn 0.526049 -0.780087 0.338728
vn 0.386063 -0.892814 0.232033
vn 0.583836 -0.762016 0.28012
vn 0.55265 -0.818926 0.154722
vn 0.47945 -0.866026 0.141866
vn 0.413398 -0.910549 -0.001703
vn 0.72398 -0.689621 0.016597
vn 0.758792 -0.639525 0.12346
vn 0.778871 -0.613509 0.130258
vn -0.000476 -0.978884 0.204416
vn -0.042325 -0.975067 0.217835
vn -0.015316 -0.985188 0.170795
vn 0.432675 -0.11943 0.893605
vn 0.469353 -0.220161 0.855124
vn 0.350125 -0.434645 0.829757
vn 0.009164 -0.980907 0.194261
vn 0.076071 -0.990395 0.11546
vn 0.441457 -0.89127 0.103695
vn 0.096555 -0.954335 0.282706
vn 0.190933 -0.971182 0.142655
vn 0.075475 -0.985921 -0.149206
vn -0.149452 -0.726527 -0.670689
vn 0.046972 -0.99707 -0.060381
vn 0.234977 -0.959208 0.157183
vn 0.124107 -0.991808 0.030253
vn 0.06661 -0.997745 0.008268
vn -0.078532 -0.99142 0.104497
vn -0.002033 -0.979785 0.200042
vn -0.017437 -0.933186 0.358971
vn 0.012179 -0.978776 0.204569
vn 0.024101 -0.953833 0.29937
vn 0.15643 -0.977618 0.140687
vn 0.190916 -0.953099 0.234847
vn 0.041133 -0.994786 -0.093322
vn 0.159294 -0.977502 0.138261
vn 0.08044 -0.994104 -0.072706
vn -0.223007 -0.664434 -0.713299
vn 0.210179 -0.976032 -0.056443
vn 0.471718 -0.376874 0.79715
vn -0.091198 -0.994327 -0.054749
vn 0.071527 -0.994554 0.075807
vn 0.061053 -0.993669 0.094314
vn 0.063193 -0.997137 0.041534
vn 0.130095 -0.98954 0.062339
vn 0.086202 -0.996257 0.006489
vn 0.231591 -0.965846 0.11622
vn 0.075146 -0.978275 0.193212
vn 0.105186 -0.982206 0.155587
vn 0.12585 -0.990076 0.062536
vn 0.157518 -0.987508 0.003931
vn 0.121506 -0.992238 0.026474
vn 0.050555 -0.998412 -0.024836
vn 0.188887 -0.981237 -0.038683
vn 0.194492 -0.980177 -0.037751
vn -0.160283 -0.123614 -0.9793
vn 0.119659 -0.992763 -0.010152
vn 0.116664 -0.993111 -0.010922
vn 0.133529 -0.990892 -0.017388
vn 0.120938 -0.992591 -0.011723
vn 0.150724 -0.988132 -0.029617
vn 0.130241 -0.991409 -0.012105
vn 0.157215 -0.98751 0.010391
vn 0.145639 -0.98923 0.014601
vn -0.060614 0.987306 -0.146806
vn 0.139991 -0.989847 0.024589
vn -0.059042 0.98373 -0.169675
vn 0.167761 -0.985687 0.01663
vn 0.148491 -0.987593 -0.051093
vn 0.163848 -0.986246 -0.021723
vn 0.221234 -0.974332 -0.041624
vn 0.176209 -0.983781 0.033545
vn 0.406467 -0.899535 0.160067
vn -0.431658 -0.88831 -0.156768
vn 0.174646 -0.984271 -0.02665
vn 0.144738 -0.985438 0.089233
vn -0.190114 -0.978724 0.07718
vn 0.063341 -0.997519 0.030732
vn 0.005523 -0.999595 0.027926
vn 0.01768 -0.999796 0.009751
vn 0.114208 -0.992679 -0.0393
vn 0.19063 -0.981416 0.021982
vn 0.193857 -0.981024 0.003223
vn 0.130771 -0.990998 0.028662
vn -0.622722 -0.764403 -0.167049
vn -0.606145 -0.77867 -0.162053
vn 0.221402 -0.953924 -0.202509
vn 0.30873 -0.951144 0.003365
vn 0.441609 -0.064619 -0.894877
vn 0.031009 -0.985329 -0.167828
vn 0.031116 -0.985446 -0.167119
vn 0.065526 -0.990806 -0.118365
vn -0.064256 -0.883657 -0.463703
vn 0.077575 -0.98659 -0.143603
vn 0.027406 -0.986563 -0.161066
vn -0.116806 -0.934601 -0.335971
vn -0.116966 -0.99011 0.07747
vn -0.088088 -0.994972 -0.04765
vn -0.162879 -0.913067 -0.373871
vn -0.163876 -0.91314 -0.373255
vn 0.219625 -0.937213 -0.27092
vn 0.352766 -0.900732 -0.253454
vn 0.470406 -0.630621 -0.617281
vn 0.450354 -0.650556 -0.611522
vn 0.355521 -0.932012 0.070423
vn 0.799606 -0.550973 -0.238869
vn 0.722058 -0.660374 -0.20625
vn 0.509821 -0.856845 0.076809
vn 0.519474 -0.848444 0.101436
vn 0.395474 -0.90716 0.143739
vn 0.274345 -0.932988 0.232957
vn 0.322344 -0.80365 0.50024
vn 0.718977 0.598916 -0.352664
vn 0.968014 -0.247073 -0.043641
vn 0.272836 -0.851401 0.447969
vn 0.76693 0.371592 0.523199
vn 0.858642 -0.414705 0.301253
vn 0.866646 -0.374745 0.329379
vn 0.990438 -0.091107 0.103597
vn 0.789778 -0.487555 0.37221
vn 0.961039 0.165025 0.221743
vn -0.123256 -0.209503 -0.970009
vn 0.504118 0.863445 -0.018087
vn 0.164011 0.972108 -0.167651
vn 0.113776 0.958839 -0.26016
vn 0.07674 0.922803 -0.377552
vn 0.11458 0.978196 -0.173215
vn 0.006179 0.772572 -0.634897
vn -0.240518 0.125079 0.962552
vn -0.172619 0.318194 0.932178
vn 0.087125 0.993655 0.071128
vn -0.184561 0.208568 0.960436
vn -0.18334 -0.101756 0.977769
vn 0.050614 0.983313 -0.174738
vn 0.080737 0.985081 -0.151979
vn 0.11398 0.989904 -0.08425
vn 0.060386 0.981856 -0.179755
vn 0.098756 0.993523 -0.056209
vn 0.212028 0.97211 -0.100232
vn 0.110711 0.993828 -0.007039
vn -0.065702 0.753009 -0.654722
vn 0.056328 0.98893 -0.137275
vn 0.090855 0.995542 -0.02534
vn 0.089259 0.98987 -0.110411
vn 0.052754 0.985918 -0.158693
vn 0.046307 0.993339 -0.105512
vn 0.081493 0.979399 -0.18476
vn 0.019753 0.977917 -0.208059
vn 0.04827 0.980923 -0.188308
vn 0.150193 0.985305 -0.081342
vn 0.097789 0.983903 -0.149576
vn 0.077493 0.987715 -0.135698
vn 0.081016 0.987587 -0.13457
vn 0.070897 0.987207 -0.142815
vn 0.076373 0.995772 -0.051047
vn 0.080466 0.993869 -0.075833
vn 0.093028 0.991758 -0.088098
vn 0.599413 -0.674594 -0.430845
vn 0.067865 0.993434 -0.092104
vn 0.258403 -0.679351 -0.686811
vn 0.827841 -0.512555 -0.227962
vn 0.942677 -0.329957 -0.049876
vn 0.786327 -0.617706 0.011388
vn 0.835129 -0.54845 -0.041984
vn 0.074193 0.993346 -0.088082
vn 0.801782 -0.590046 -0.094827
vn 0.705507 -0.702499 -0.09357
vn 0.563805 -0.818671 -0.109093
vn 0.63331 -0.765976 -0.110448
vn 0.068743 0.993303 -0.09286
vn 0.050517 0.992452 -0.111746
vn 0.824543 -0.551591 -0.125998
vn 0.884112 -0.449212 -0.128664
vn 0.03936 0.984555 -0.170595
vn 0.03951 0.983779 -0.174981
vn 0.926267 -0.328012 0.185574
vn 0.832107 -0.429465 0.350939
vn 0.679133 -0.705324 0.203216
vn 0.059778 0.97889 -0.195451
vn 0.058792 0.978892 -0.19574
vn 0.135219 0.990729 -0.013106
vn 0.007982 0.972394 -0.233208
vn 0.155228 0.987551 -0.025456
vn 0.353427 -0.934957 0.030736
vn 0.007129 0.973119 -0.230193
vn 0.011998 0.972494 -0.232618
vn 0.047553 0.973566 -0.2234
vn 0.05903 0.974787 -0.215187
vn 0.055312 0.977229 -0.20485
vn 0.092342 0.995672 0.010519
vn 0.349499 0.933363 -0.081753
vn 0.414635 0.903971 -0.104468
vn 0.371574 0.92431 -0.087087
vn 0.078817 0.973483 -0.214755
vn 0.211692 0.958181 -0.192552
vn 0.214616 0.957225 -0.194061
vn 0.36505 0.794182 -0.485812
vn 0.384983 0.728201 -0.567019
vn 0.359913 0.767915 -0.529877
vn 0.377345 0.747229 -0.547047
vn -0.505164 -0.79571 -0.334147
vn 0.340052 0.752892 -0.563487
vn 0.33518 0.705003 -0.625
vn 0.277236 0.768657 -0.576461
vn 0.244055 0.760953 -0.601156
vn -0.369535 -0.929131 0.012616
vn -0.564135 -0.82466 -0.041081
vn -0.045776 0.923956 -0.379751
vn -0.288907 -0.952388 0.097417
vn -0.246491 -0.96707 -0.063388
vn -0.345269 -0.933601 -0.095807
vn -0.297215 -0.949445 0.101081
vn -0.256645 0.662984 -0.703267
vn -0.346585 0.739313 -0.577318
vn -0.461747 0.653448 -0.599829
vn -0.055278 0.959185 -0.277324
vn -0.466049 0.742113 -0.481733
vn -0.247339 0.899494 -0.360186
vn -0.709424 0.556626 -0.432303
vn -0.907517 0.195545 -0.371718
vn -0.194694 0.882255 -0.428626
vn -0.19464 0.881541 -0.430118
vn -0.70582 0.57206 -0.417811
vn -0.619555 0.6745 -0.401499
vn -0.649231 0.755195 0.090445
vn -0.827294 0.449839 0.336497
vn -0.821162 0.464879 0.331028
vn -0.382792 0.861981 0.332354
vn 0.579866 0.187331 -0.792883
vn 0.158829 0.032149 -0.986783
vn 0.529205 -0.354248 -0.771007
vn 0.5212 0.721719 -0.455491
vn 0.554036 0.005444 -0.832475
vn -0.381054 0.864443 0.327927
vn -0.719264 -0.678505 0.149301
vn -0.211433 -0.97322 -0.09022
vn -0.072331 -0.681785 -0.727968
vn -0.140681 -0.989475 0.033883
vn -0.023285 -0.614916 -0.788248
vn 0.025284 -0.95816 -0.285113
vn -0.377273 -0.164451 0.911384
vn 0.094929 -0.993852 -0.056978
vn 0.250399 -0.668213 -0.700565
vn -0.080228 -0.99395 -0.075008
vn -0.103435 -0.990126 0.094613
vn -0.22666 -0.973862 -0.014736
vn -0.163117 -0.986338 -0.023025
vn -0.300131 -0.945225 0.128337
vn -0.158221 -0.974091 0.161596
vn -0.409823 -0.911685 -0.029576
vn -0.155203 -0.948221 0.277109
vn -0.267065 -0.945404 0.186779
vn -0.018003 -0.987012 0.159638
vn -0.061143 -0.938991 0.338464
vn 0.394052 -0.91867 -0.027716
vn 0.339687 -0.940518 0.006151
vn 0.754361 -0.037233 -0.655403
vn 0.652298 -0.446293 0.612641
vn 0.930536 0.341877 -0.131234
vn 0.5536 -0.647104 -0.524198
vn 0.288687 -0.957413 0.004381
vn 0.340327 -0.940247 0.010672
vn 0.390427 -0.920113 -0.030972
vn 0.406265 -0.853781 -0.325588
vn 0.426882 -0.83193 -0.354492
vn 0.347428 -0.885986 -0.307121
vn -0.370289 -0.912027 -0.176332
vn 0.022162 -0.999565 0.019471
vn -0.165178 -0.984869 0.052435
vn -0.62415 -0.758239 0.188444
vn -0.686513 -0.702855 0.186264
vn 0.003765 -0.983424 0.181281
vn -0.825943 -0.440546 0.351764
vn -0.77894 -0.626205 0.033456
vn -0.158722 -0.971665 0.175141
vn 0.104938 -0.937269 0.332437
vn 0.021178 -0.992611 0.11948
vn 0.018757 -0.989009 0.146659
vn -0.107006 -0.989691 0.095191
vn -0.137444 -0.972679 0.187097
vn 0.071807 -0.996998 0.028961
vn 0.091203 -0.989913 0.108418
vn -0.120568 -0.991663 0.045481
vn 0.115602 -0.99113 0.065551
vn 0.100191 -0.992128 0.075119
vn 0.056202 -0.974792 0.21592
vn -0.058424 -0.977946 0.200521
vn 0.008486 -0.992669 0.120566
vn -0.905502 -0.324021 -0.274001
vn -0.911658 -0.32431 -0.252394
vn -0.147227 -0.981245 0.124425
vn -0.483815 -0.875058 0.013997
vn -0.449477 -0.891864 0.05048
vn -0.893813 -0.441888 -0.076383
vn 0.232984 -0.972379 -0.014032
vn -0.859404 -0.506213 0.071921
vn -0.858326 -0.493751 -0.139597
vn -0.833029 -0.535809 -0.137738
vn -0.818939 -0.510903 -0.261373
vn -0.358977 -0.932974 -0.026363
vn -0.180129 -0.966524 -0.182716
vn -0.134191 -0.977339 -0.163711
vn -0.140091 -0.957714 -0.251315
vn -0.305864 -0.92924 -0.207269
vn -0.359318 -0.907283 -0.21847
vn -0.608748 -0.788144 -0.090857
vn -0.801998 -0.589743 -0.094881
vn -0.941093 -0.334559 -0.049144
vn -0.834837 -0.548919 -0.041645
vn -0.542372 -0.836615 -0.076865
vn -0.612037 -0.786866 -0.079079
vn -0.463268 -0.886213 -0.003111
vn -0.315925 -0.945797 -0.075232
vn -0.395107 -0.918634 -0.001195
vn -0.259145 -0.961328 0.093228
vn -0.518644 -0.805839 0.285712
vn -0.491813 -0.828472 0.26787
vn -0.406498 -0.877298 0.255161
vn -0.267433 -0.905778 0.328702
vn -0.292338 -0.746107 0.598216
vn -0.463957 -0.682025 0.565319
vn 0.121738 -0.794265 0.595251
vn -0.52605 -0.780087 0.338727
vn -0.786323 -0.617711 0.011385
vn -0.758785 -0.639532 0.123468
vn -0.191221 -0.976811 -0.096306
vn -0.829219 -0.511386 -0.225565
vn -0.599416 -0.674593 -0.430841
vn -0.298099 -0.954099 0.02885
vn -0.547698 -0.741014 0.388492
vn -0.611346 -0.377007 0.695788
vn -0.410974 -0.421977 0.808106
vn -0.352111 -0.672354 0.65112
vn -0.410077 -0.307908 0.858504
vn -0.580107 -0.793025 0.185976
vn -0.778864 -0.613516 0.130265
vn -0.428177 -0.602999 0.673095
vn -0.614718 -0.027716 0.78826
vn -0.488542 -0.299201 0.819637
vn -0.669541 -0.529282 0.521129
vn -0.544876 -0.185456 0.817751
vn -0.454793 -0.228366 0.860821
vn -0.276186 -0.187573 0.942623
vn -0.40594 0.236413 0.882792
vn -0.134534 0.245187 0.960096
vn -0.100208 -0.810542 0.577045
vn -0.084848 -0.965624 0.245706
vn 0.004268 -0.821703 0.5699
vn 0.104775 0.815546 0.569128
vn 0.149222 -0.296572 0.94328
vn 0.059021 -0.437149 0.89745
vn 0.187426 -0.435731 0.880347
vn 0.21861 -0.359927 0.907007
vn 0.169674 -0.571053 0.803187
vn 0.08554 -0.928413 0.361568
vn 0.00706 -0.986637 0.162781
vn -0.63954 0.129699 0.757737
vn 0.020754 -0.997819 0.062667
vn -0.064587 -0.9979 -0.004872
vn 0.102474 -0.991436 0.080958
vn -0.052895 -0.998592 -0.004001
vn -0.04692 -0.997394 0.0548
vn -0.1755 -0.980157 0.092154
vn -0.152198 -0.972523 0.176169
vn 0.171169 -0.742345 0.647785
vn 0.182355 -0.784665 0.592492
vn 0.167377 -0.783643 0.598237
vn -0.021312 -0.969487 0.244214
vn 0.21428 -0.744961 0.631758
vn 0.317127 -0.598713 0.735509
vn -0.108354 -0.98137 0.158655
vn -0.106541 -0.985846 0.129445
vn -0.166026 -0.985947 0.018547
vn -0.124348 -0.983492 0.131455
vn -0.161406 -0.986881 -0.003832
vn -0.105855 -0.991769 0.07203
vn -0.14553 -0.989354 0.000684
vn -0.090902 -0.992715 0.079082
vn -0.444979 -0.891805 0.08171
vn -0.367223 -0.916697 0.157527
vn -0.05041 -0.998419 -0.024873
vn -0.216016 -0.974343 -0.063197
vn -0.115768 -0.993276 0.000397
vn -0.153091 -0.988162 0.009942
vn -0.148789 -0.988691 -0.018786
vn -0.141164 -0.989496 -0.031152
vn -0.140319 -0.989596 -0.031786
vn -0.159761 -0.987106 0.009904
vn -0.164474 -0.986374 -0.003701
vn -0.197243 -0.980352 -0.002452
vn -0.127172 -0.991422 0.030172
vn -0.366704 -0.927513 -0.072441
vn -0.160086 -0.987102 0.001648
vn -0.148334 -0.988207 0.038014
vn -0.148908 -0.988848 0.002575
vn -0.138361 -0.990171 -0.020448
vn -0.107305 -0.98738 0.116472
vn -0.152407 -0.984944 0.081593
vn 0.253855 -0.828252 -0.499557
vn 0.240175 -0.278909 0.929799
vn -0.118135 -0.990836 0.065481
vn -0.133372 -0.989967 0.046669
vn -0.0862 -0.992037 -0.091828
vn -0.26736 -0.926355 -0.265302
vn -0.116229 -0.991898 -0.051276
vn -0.12894 -0.990801 -0.041087
vn -0.123896 -0.991674 -0.035103
vn 0.014912 0.904254 -0.426735
vn 0.283244 -0.832507 -0.476135
vn -0.119288 -0.987866 -0.099454
vn -0.118715 -0.98792 -0.099601
vn -0.139276 -0.974805 -0.174233
vn -0.236544 -0.964257 -0.119392
vn -0.171293 -0.981683 -0.083408
vn -0.187987 -0.971459 -0.144664
vn -0.110821 -0.993612 0.021319
vn -0.119646 -0.992184 -0.035424
vn -0.151639 -0.984236 -0.091026
vn -0.128889 -0.991635 -0.006931
vn -0.145411 -0.988373 -0.044426
vn -0.15632 -0.967976 -0.196435
vn -0.155881 -0.987669 -0.014512
vn -0.160593 -0.986144 0.041604
vn -0.134544 -0.990264 -0.035714
vn -0.144146 -0.989163 -0.027903
vn -0.175993 -0.983821 -0.033511
vn -0.176036 -0.984149 0.021492
vn -0.159672 -0.985867 -0.050696
vn -0.16473 -0.985288 -0.045513
vn -0.148697 -0.988309 -0.033691
vn -0.118952 -0.99212 -0.039341
vn -0.163551 -0.984105 -0.069192
vn -0.161845 -0.983705 -0.078304
vn -0.173565 -0.982672 -0.065045
vn -0.158243 -0.985281 -0.064663
vn -0.140442 -0.989598 -0.031158
vn -0.156569 -0.985896 -0.059126
vn -0.148943 -0.98844 -0.02833
vn -0.150875 -0.987644 -0.042382
vn -0.152836 -0.988073 -0.018763
vn -0.157425 -0.987447 -0.01285
vn -0.180235 -0.983506 -0.015234
vn -0.186374 -0.982289 -0.0193
vn -0.150387 -0.988519 0.014619
vn -0.164047 -0.986409 0.009236
vn -0.152599 -0.987587 -0.037219
vn -0.176205 -0.983782 0.033546
vn -0.155595 -0.987451 -0.027038
vn -0.163849 -0.986246 -0.021723
vn -0.22123 -0.974333 -0.041623
vn -0.221399 -0.953925 -0.202509
vn -0.441607 -0.064596 -0.89488
vn 0.039369 -0.957169 -0.28684
vn 0.040949 -0.955054 -0.293588
vn 0.05192 -0.945324 -0.321974
vn -0.057128 -0.992964 -0.103722
vn 0.280958 -0.522835 -0.804802
vn -0.078106 -0.985892 -0.148044
vn -0.024367 -0.985506 -0.16788
vn 0.123011 -0.929314 -0.348201
vn -0.001687 -0.999995 -0.002565
vn 0.041376 -0.995927 0.080114
vn 0.122253 -0.987979 0.094612
vn 0.09065 -0.994531 -0.05188
vn 0.17139 -0.905429 -0.38836
vn 0.172033 -0.905482 -0.387951
vn 0.260161 -0.684619 -0.680892
vn -0.086695 -0.443508 -0.892068
vn -0.272107 -0.913153 -0.303496
vn -0.163439 -0.93355 -0.319018
vn -0.363287 -0.927663 -0.086397
vn -0.39269 -0.577593 -0.715668
vn -0.40937 -0.560417 -0.719964
vn -0.665066 -0.533369 -0.52269
vn -0.647529 -0.623987 -0.437432
vn -0.712838 -0.626382 -0.315447
vn -0.675344 -0.699033 -0.235083
vn -0.357666 -0.927662 0.107321
vn -0.711092 -0.684764 -0.15952
vn -0.829753 -0.52605 -0.186495
vn -0.802451 -0.577312 -0.15094
vn -0.202914 -0.909107 0.363799
vn -0.987754 -0.144651 -0.058466
vn -0.474546 -0.622792 0.622043
vn -0.952586 0.199323 -0.22989
vn -0.412544 -0.786896 0.458913
vn -0.890263 -0.314661 0.329272
vn -0.938834 0.147271 0.31129
f 1//1 2//1 3//1
f 2//2 1//2 4//2
f 4//3 1//3 5//3
f 6//4 7//4 8//4
f 7//5 6//5 9//5
f 10//6 9//6 6//6
f 11//7 12//7 6//7
f 12//8 13//8 6//8
f 5//9 14//9 4//9
f 15//10 10//10 16//10
f 14//11 5//11 17//11
f 18//12 19//12 20//12
f 18//13 21//13 19//13
f 21//14 18//14 22//14
f 23//15 24//15 25//15
f 22//16 26//16 21//16
f 26//17 22//17 27//17
f 28//18 29//18 30//18
f 29//19 28//19 31//19
f 28//20 32//20 31//20
f 33//21 34//21 35//21
f 33//22 36//22 37//22
f 37//23 38//23 33//23
f 32//24 28//24 39//24
f 40//25 41//25 42//25
f 41//26 40//26 43//26
f 43//27 40//27 44//27
f 44//28 45//28 43//28
f 45//29 44//29 46//29
f 47//30 48//30 49//30
f 48//31 47//31 50//31
f 50//32 47//32 51//32
f 52//33 53//33 54//33
f 55//34 52//34 54//34
f 56//35 57//35 58//35
f 59//36 58//36 57//36
f 60//37 61//37 59//37
f 61//38 60//38 62//38
f 57//39 60//39 59//39
f 52//40 55//40 63//40
f 64//41 65//41 57//41
f 55//42 54//42 66//42
f 54//43 53//43 66//43
f 67//44 66//44 53//44
f 67//45 55//45 66//45
f 63//46 55//46 67//46
f 53//47 68//47 67//47
f 67//48 69//48 63//48
f 69//49 67//49 68//49
f 69//50 70//50 63//50
f 63//51 70//51 52//51
f 71//52 52//52 70//52
f 52//53 71//53 72//53
f 52//54 72//54 53//54
f 51//55 73//55 50//55
f 73//56 51//56 74//56
f 75//57 76//57 77//57
f 78//58 53//58 72//58
f 68//59 53//59 78//59
f 76//60 75//60 79//60
f 79//61 80//61 76//61
f 79//62 81//62 80//62
f 81//63 79//63 82//63
f 83//64 84//64 85//64
f 84//65 83//65 86//65
f 87//66 88//66 89//66
f 86//67 83//67 90//67
f 90//68 91//68 86//68
f 92//69 93//69 94//69
f 91//70 90//70 95//70
f 96//71 92//71 94//71
f 97//72 98//72 99//72
f 100//73 96//73 94//73
f 98//74 97//74 101//74
f 100//75 94//75 102//75
f 103//76 100//76 102//76
f 102//77 104//77 105//77
f 102//78 106//78 103//78
f 102//79 107//79 106//79
f 108//80 107//80 102//80
f 102//81 109//81 108//81
f 101//82 97//82 110//82
f 111//83 112//83 113//83
f 113//84 114//84 111//84
f 110//85 115//85 101//85
f 115//86 110//86 116//86
f 117//87 118//87 119//87
f 118//88 117//88 120//88
f 113//89 121//89 122//89
f 123//90 88//90 87//90
f 113//91 124//91 114//91
f 113//92 125//92 124//92
f 113//93 126//93 125//93
f 113//94 127//94 128//94
f 129//95 126//95 113//95
f 130//96 129//96 113//96
f 113//97 131//97 130//97
f 131//98 113//98 132//98
f 133//99 131//99 132//99
f 113//100 128//100 134//100
f 134//101 132//101 113//101
f 120//102 117//102 135//102
f 135//103 136//103 120//103
f 137//104 138//104 139//104
f 140//105 137//105 139//105
f 136//106 135//106 141//106
f 142//107 143//107 144//107
f 143//108 142//108 145//108
f 140//109 139//109 146//109
f 146//110 139//110 147//110
f 148//111 140//111 146//111
f 149//112 148//112 146//112
f 146//113 147//113 150//113
f 146//114 151//114 149//114
f 151//115 146//115 152//115
f 153//116 151//116 152//116
f 146//117 150//117 152//117
f 154//118 153//118 152//118
f 155//119 88//119 123//119
f 156//120 157//120 152//120
f 155//121 158//121 88//121
f 145//122 142//122 159//122
f 159//123 142//123 160//123
f 161//124 162//124 163//124
f 161//125 164//125 162//125
f 164//126 161//126 165//126
f 164//127 165//127 166//127
f 167//128 168//128 169//128
f 166//129 165//129 170//129
f 171//130 172//130 173//130
f 172//131 171//131 174//131
f 88//132 158//132 175//132
f 176//133 172//133 174//133
f 172//134 176//134 177//134
f 175//135 89//135 88//135
f 178//136 158//136 155//136
f 179//137 175//137 158//137
f 158//138 178//138 179//138
f 175//139 179//139 180//139
f 180//140 89//140 175//140
f 181//141 177//141 176//141
f 182//142 183//142 89//142
f 87//143 89//143 183//143
f 184//144 185//144 186//144
f 183//145 123//145 87//145
f 155//146 123//146 183//146
f 187//147 155//147 183//147
f 155//148 187//148 178//148
f 184//149 186//149 188//149
f 182//150 89//150 180//150
f 187//151 183//151 182//151
f 189//152 190//152 191//152
f 191//153 192//153 189//153
f 192//154 191//154 193//154
f 193//155 194//155 192//155
f 193//156 191//156 195//156
f 195//157 196//157 193//157
f 197//158 193//158 196//158
f 193//159 197//159 194//159
f 192//160 198//160 189//160
f 199//161 194//161 197//161
f 192//162 200//162 198//162
f 192//163 201//163 200//163
f 194//164 202//164 192//164
f 192//165 202//165 201//165
f 203//166 202//166 194//166
f 202//167 204//167 201//167
f 204//168 202//168 205//168
f 206//169 203//169 194//169
f 207//170 194//170 199//170
f 194//171 207//171 206//171
f 208//172 206//172 207//172
f 209//173 206//173 208//173
f 203//174 210//174 202//174
f 206//175 209//175 211//175
f 212//176 206//176 211//176
f 203//177 206//177 213//177
f 206//178 212//178 213//178
f 212//179 214//179 213//179
f 213//180 215//180 203//180
f 216//181 188//181 186//181
f 202//182 217//182 205//182
f 210//183 217//183 202//183
f 217//184 210//184 218//184
f 188//185 216//185 219//185
f 210//186 220//186 221//186
f 222//187 219//187 216//187
f 223//188 224//188 225//188
f 225//189 226//189 223//189
f 227//190 64//190 228//190
f 229//191 64//191 227//191
f 230//192 226//192 225//192
f 230//193 231//193 226//193
f 232//194 231//194 230//194
f 233//195 234//195 235//195
f 234//196 233//196 236//196
f 213//197 237//197 238//197
f 236//198 233//198 239//198
f 240//199 239//199 233//199
f 241//200 242//200 243//200
f 244//201 245//201 246//201
f 244//202 238//202 247//202
f 248//203 249//203 250//203
f 244//204 251//204 252//204
f 252//205 253//205 244//205
f 254//206 244//206 255//206
f 253//207 255//207 244//207
f 255//208 253//208 256//208
f 255//209 256//209 257//209
f 167//210 258//210 259//210
f 259//211 260//211 167//211
f 168//212 167//212 260//212
f 168//213 260//213 261//213
f 259//214 249//214 260//214
f 261//215 260//215 262//215
f 263//216 262//216 260//216
f 263//217 260//217 249//217
f 262//218 263//218 264//218
f 265//219 264//219 263//219
f 263//220 249//220 248//220
f 265//221 263//221 266//221
f 267//222 266//222 263//222
f 263//223 268//223 267//223
f 268//224 263//224 248//224
f 269//225 267//225 268//225
f 268//226 248//226 270//226
f 271//227 269//227 268//227
f 241//228 272//228 242//228
f 268//229 273//229 271//229
f 274//230 268//230 270//230
f 273//231 268//231 274//231
f 275//232 273//232 274//232
f 275//233 274//233 276//233
f 273//234 275//234 277//234
f 278//235 277//235 275//235
f 275//236 279//236 278//236
f 280//237 278//237 279//237
f 279//238 281//238 280//238
f 281//239 279//239 282//239
f 241//240 283//240 272//240
f 284//241 283//241 241//241
f 285//242 286//242 287//242
f 286//243 285//243 288//243
f 289//244 285//244 287//244
f 289//245 290//245 285//245
f 291//246 290//246 289//246
f 255//247 257//247 292//247
f 293//248 294//248 295//248
f 296//249 255//249 292//249
f 295//250 297//250 293//250
f 298//251 255//251 296//251
f 296//252 292//252 299//252
f 296//253 299//253 300//253
f 296//254 300//254 301//254
f 298//255 296//255 302//255
f 302//256 296//256 301//256
f 303//257 298//257 302//257
f 298//258 303//258 304//258
f 305//259 303//259 306//259
f 303//260 305//260 304//260
f 307//261 297//261 295//261
f 255//262 298//262 254//262
f 254//263 298//263 308//263
f 308//264 298//264 304//264
f 309//265 304//265 305//265
f 309//266 310//266 304//266
f 308//267 304//267 310//267
f 310//268 311//268 308//268
f 312//269 244//269 254//269
f 308//270 311//270 313//270
f 308//271 312//271 254//271
f 308//272 313//272 314//272
f 314//273 315//273 308//273
f 312//274 308//274 316//274
f 315//275 317//275 308//275
f 317//276 316//276 308//276
f 316//277 245//277 312//277
f 316//278 318//278 245//278
f 307//279 319//279 297//279
f 316//280 320//280 318//280
f 321//281 319//281 307//281
f 322//282 323//282 324//282
f 323//283 322//283 325//283
f 326//284 327//284 328//284
f 329//285 326//285 328//285
f 329//286 328//286 330//286
f 331//287 322//287 324//287
f 332//288 329//288 330//288
f 332//289 330//289 333//289
f 331//290 334//290 322//290
f 335//291 334//291 331//291
f 336//292 337//292 338//292
f 339//293 340//293 329//293
f 329//294 332//294 339//294
f 337//295 336//295 341//295
f 333//296 342//296 332//296
f 342//297 333//297 343//297
f 339//298 332//298 344//298
f 343//299 345//299 342//299
f 332//300 342//300 346//300
f 347//301 337//301 341//301
f 347//302 348//302 337//302
f 349//303 348//303 347//303
f 350//304 351//304 352//304
f 353//305 332//305 346//305
f 344//306 354//306 355//306
f 353//307 356//307 332//307
f 356//308 344//308 332//308
f 350//309 352//309 357//309
f 356//310 353//310 358//310
f 358//311 353//311 359//311
f 360//312 354//312 344//312
f 344//313 356//313 361//313
f 344//314 361//314 360//314
f 362//315 357//315 352//315
f 357//316 362//316 363//316
f 364//317 363//317 362//317
f 365//318 366//318 367//318
f 367//319 368//319 365//319
f 369//320 358//320 359//320
f 358//321 369//321 370//321
f 356//322 358//322 370//322
f 361//323 371//323 360//323
f 361//324 372//324 371//324
f 356//325 373//325 361//325
f 372//326 361//326 373//326
f 356//327 370//327 373//327
f 374//328 370//328 369//328
f 370//329 374//329 375//329
f 370//330 376//330 373//330
f 373//331 376//331 377//331
f 373//332 377//332 378//332
f 378//333 379//333 380//333
f 372//334 373//334 380//334
f 381//335 368//335 367//335
f 372//336 380//336 382//336
f 381//337 383//337 368//337
f 384//338 383//338 381//338
f 385//339 386//339 387//339
f 388//340 389//340 390//340
f 389//341 391//341 392//341
f 393//342 388//342 394//342
f 391//343 389//343 395//343
f 396//344 388//344 393//344
f 389//345 388//345 397//345
f 396//346 397//346 388//346
f 398//347 386//347 399//347
f 400//348 386//348 398//348
f 397//349 396//349 401//349
f 386//350 400//350 402//350
f 402//351 403//351 386//351
f 404//352 402//352 400//352
f 405//353 401//353 396//353
f 406//354 407//354 408//354
f 404//355 409//355 410//355
f 410//356 402//356 404//356
f 411//357 412//357 410//357
f 412//358 402//358 410//358
f 403//359 387//359 386//359
f 412//360 403//360 402//360
f 413//361 387//361 403//361
f 414//362 415//362 407//362
f 416//363 403//363 412//363
f 417//364 413//364 403//364
f 403//365 416//365 417//365
f 418//366 406//366 419//366
f 420//367 421//367 422//367
f 421//368 423//368 422//368
f 414//369 407//369 424//369
f 421//370 420//370 425//370
f 420//371 422//371 426//371
f 427//372 406//372 418//372
f 407//373 406//373 428//373
f 429//374 420//374 426//374
f 425//375 430//375 431//375
f 420//376 429//376 432//376
f 433//377 430//377 425//377
f 425//378 420//378 433//378
f 420//379 432//379 434//379
f 434//380 435//380 420//380
f 436//381 433//381 420//381
f 435//382 436//382 420//382
f 437//383 436//383 435//383
f 438//384 439//384 433//384
f 438//385 433//385 436//385
f 437//386 435//386 440//386
f 441//387 437//387 440//387
f 442//388 436//388 437//388
f 406//389 427//389 443//389
f 406//390 443//390 428//390
f 428//391 443//391 444//391
f 445//392 444//392 443//392
f 446//393 447//393 448//393
f 441//394 449//394 437//394
f 447//395 446//395 450//395
f 449//396 442//396 437//396
f 438//397 436//397 442//397
f 442//398 451//398 438//398
f 446//399 452//399 450//399
f 453//400 452//400 446//400
f 452//401 453//401 454//401
f 455//402 452//402 454//402
f 456//403 455//403 454//403
f 457//404 455//404 456//404
f 458//405 447//405 450//405
f 459//406 460//406 461//406
f 452//407 455//407 462//407
f 463//408 464//408 459//408
f 462//409 450//409 452//409
f 465//410 455//410 457//410
f 463//411 466//411 464//411
f 467//412 462//412 455//412
f 455//413 465//413 467//413
f 466//414 468//414 464//414
f 464//415 469//415 470//415
f 469//416 464//416 468//416
f 471//417 469//417 468//417
f 471//418 472//418 469//418
f 470//419 469//419 473//419
f 474//420 469//420 472//420
f 475//421 450//421 462//421
f 458//422 450//422 476//422
f 475//423 476//423 450//423
f 477//424 462//424 467//424
f 478//425 479//425 480//425
f 480//426 481//426 478//426
f 478//427 481//427 482//427
f 482//428 483//428 484//428
f 481//429 485//429 482//429
f 483//430 482//430 485//430
f 483//431 486//431 487//431
f 486//432 488//432 489//432
f 485//433 486//433 483//433
f 475//434 462//434 477//434
f 467//435 465//435 490//435
f 476//436 475//436 491//436
f 492//437 467//437 490//437
f 491//438 475//438 493//438
f 477//439 467//439 494//439
f 494//440 475//440 477//440
f 493//441 475//441 495//441
f 475//442 496//442 495//442
f 497//443 467//443 492//443
f 498//444 475//444 494//444
f 494//445 467//445 498//445
f 499//446 467//446 497//446
f 467//447 500//447 501//447
f 502//448 501//448 500//448
f 501//449 503//449 498//449
f 485//450 481//450 504//450
f 475//451 505//451 496//451
f 498//452 503//452 506//452
f 475//453 507//453 505//453
f 506//454 508//454 509//454
f 510//455 511//455 503//455
f 411//456 410//456 512//456
f 504//457 513//457 485//457
f 409//458 512//458 410//458
f 514//459 515//459 516//459
f 515//460 514//460 517//460
f 514//461 518//461 517//461
f 518//462 411//462 512//462
f 518//463 514//463 411//463
f 412//464 519//464 416//464
f 519//465 412//465 520//465
f 412//466 521//466 520//466
f 412//467 522//467 521//467
f 412//468 523//468 524//468
f 412//469 525//469 522//469
f 486//470 485//470 513//470
f 526//471 527//471 528//471
f 486//472 529//472 488//472
f 530//473 531//473 532//473
f 533//474 531//474 534//474
f 534//475 531//475 535//475
f 488//476 536//476 537//476
f 530//477 535//477 531//477
f 538//478 530//478 539//478
f 540//479 489//479 488//479
f 535//480 530//480 541//480
f 540//481 488//481 537//481
f 530//482 538//482 541//482
f 537//483 542//483 540//483
f 541//484 543//484 535//484
f 543//485 544//485 535//485
f 541//486 538//486 545//486
f 545//487 546//487 541//487
f 543//488 547//488 548//488
f 549//489 541//489 546//489
f 550//490 547//490 543//490
f 541//491 551//491 543//491
f 551//492 550//492 543//492
f 549//493 552//493 541//493
f 551//494 541//494 553//494
f 541//495 552//495 553//495
f 553//496 552//496 554//496
f 550//497 551//497 555//497
f 556//498 551//498 553//498
f 551//499 556//499 557//499
f 555//500 551//500 557//500
f 556//501 553//501 554//501
f 558//502 559//502 560//502
f 557//503 561//503 562//503
f 556//504 563//504 557//504
f 561//505 557//505 563//505
f 554//506 564//506 556//506
f 565//507 563//507 556//507
f 556//508 566//508 565//508
f 565//509 567//509 563//509
f 438//510 568//510 439//510
f 568//511 438//511 569//511
f 438//512 570//512 569//512
f 570//513 438//513 451//513
f 566//514 571//514 565//514
f 451//515 572//515 570//515
f 573//516 451//516 565//516
f 574//517 575//517 576//517
f 577//518 565//518 451//518
f 577//519 451//519 578//519
f 442//520 449//520 578//520
f 449//521 441//521 579//521
f 580//522 578//522 449//522
f 581//523 449//523 582//523
f 580//524 583//524 577//524
f 584//525 585//525 583//525
f 586//526 587//526 588//526
f 586//527 585//527 584//527
f 584//528 580//528 589//528
f 590//529 591//529 558//529
f 586//530 592//530 593//530
f 594//531 595//531 596//531
f 597//532 598//532 599//532
f 600//533 601//533 597//533
f 598//534 597//534 602//534
f 597//535 601//535 602//535
f 602//536 603//536 598//536
f 604//537 598//537 603//537
f 605//538 602//538 601//538
f 489//539 540//539 606//539
f 540//540 542//540 606//540
f 602//541 605//541 603//541
f 603//542 607//542 604//542
f 608//543 603//543 605//543
f 609//544 603//544 608//544
f 609//545 608//545 610//545
f 611//546 609//546 610//546
f 603//547 612//547 607//547
f 612//548 603//548 613//548
f 609//549 613//549 603//549
f 614//550 613//550 609//550
f 609//551 611//551 615//551
f 616//552 609//552 615//552
f 614//553 609//553 617//553
f 617//554 609//554 616//554
f 613//555 618//555 619//555
f 613//556 614//556 620//556
f 621//557 558//557 591//557
f 618//558 613//558 620//558
f 622//559 617//559 616//559
f 591//560 623//560 621//560
f 624//561 617//561 622//561
f 623//562 591//562 625//562
f 620//563 626//563 618//563
f 627//564 620//564 614//564
f 628//565 620//565 627//565
f 628//566 627//566 629//566
f 627//567 630//567 629//567
f 627//568 631//568 632//568
f 624//569 633//569 617//569
f 634//570 635//570 636//570
f 637//571 634//571 638//571
f 635//572 634//572 637//572
f 639//573 640//573 641//573
f 637//574 642//574 635//574
f 637//575 641//575 642//575
f 639//576 641//576 637//576
f 637//577 638//577 643//577
f 644//578 643//578 638//578
f 644//579 645//579 646//579
f 643//580 644//580 647//580
f 646//581 647//581 644//581
f 647//582 646//582 648//582
f 637//583 643//583 639//583
f 649//584 650//584 651//584
f 651//585 650//585 652//585
f 653//586 652//586 650//586
f 650//587 654//587 653//587
f 654//588 650//588 655//588
f 650//589 656//589 657//589
f 657//590 655//590 650//590
f 656//591 658//591 657//591
f 658//592 659//592 660//592
f 658//593 660//593 661//593
f 661//594 662//594 658//594
f 663//595 662//595 664//595
f 655//596 657//596 665//596
f 665//597 657//597 662//597
f 665//598 666//598 655//598
f 662//599 663//599 667//599
f 668//600 669//600 670//600
f 486//601 489//601 671//601
f 669//602 672//602 673//602
f 669//603 674//603 672//603
f 675//604 669//604 668//604
f 668//605 676//605 675//605
f 677//606 675//606 676//606
f 677//607 678//607 675//607
f 679//608 675//608 678//608
f 669//609 680//609 674//609
f 680//610 669//610 675//610
f 681//611 680//611 675//611
f 487//612 484//612 483//612
f 671//613 487//613 486//613
f 675//614 682//614 681//614
f 682//615 675//615 683//615
f 684//616 683//616 675//616
f 675//617 685//617 684//617
f 675//618 679//618 685//618
f 686//619 478//619 482//619
f 484//620 686//620 482//620
f 679//621 687//621 685//621
f 685//622 688//622 684//622
f 689//623 685//623 687//623
f 690//624 685//624 689//624
f 691//625 688//625 685//625
f 685//626 690//626 691//626
f 692//627 693//627 694//627
f 695//628 696//628 693//628
f 697//629 691//629 690//629
f 683//630 698//630 682//630
f 683//631 699//631 698//631
f 684//632 688//632 700//632
f 700//633 683//633 684//633
f 683//634 701//634 699//634
f 691//635 695//635 688//635
f 695//636 692//636 702//636
f 695//637 702//637 688//637
f 688//638 703//638 700//638
f 702//639 704//639 688//639
f 703//640 688//640 704//640
f 683//641 700//641 705//641
f 703//642 705//642 700//642
f 683//643 706//643 701//643
f 706//644 683//644 705//644
f 705//645 707//645 706//645
f 708//646 709//646 710//646
f 711//647 707//647 705//647
f 712//648 708//648 713//648
f 714//649 715//649 716//649
f 717//650 718//650 719//650
f 712//651 713//651 720//651
f 715//652 714//652 721//652
f 721//653 722//653 715//653
f 722//654 721//654 723//654
f 722//655 723//655 724//655
f 725//656 726//656 727//656
f 726//657 725//657 728//657
f 717//658 729//658 730//658
f 731//659 726//659 728//659
f 726//660 731//660 732//660
f 733//661 734//661 735//661
f 734//662 733//662 736//662
f 734//663 736//663 737//663
f 719//664 738//664 717//664
f 739//665 737//665 736//665
f 737//666 739//666 740//666
f 741//667 742//667 743//667
f 742//668 741//668 744//668
f 745//669 746//669 747//669
f 746//670 745//670 748//670
f 749//671 748//671 745//671
f 750//672 748//672 749//672
f 742//673 744//673 751//673
f 752//674 753//674 748//674
f 754//675 755//675 756//675
f 756//676 755//676 757//676
f 758//677 751//677 744//677
f 751//678 758//678 759//678
f 760//679 761//679 762//679
f 763//680 764//680 765//680
f 761//681 760//681 766//681
f 763//682 767//682 768//682
f 769//683 761//683 766//683
f 770//684 765//684 755//684
f 771//685 765//685 770//685
f 761//686 769//686 772//686
f 773//687 774//687 775//687
f 771//688 776//688 777//688
f 776//689 771//689 770//689
f 778//690 776//690 770//690
f 776//691 778//691 779//691
f 770//692 780//692 778//692
f 781//693 778//693 780//693
f 781//694 782//694 778//694
f 780//695 783//695 781//695
f 774//696 773//696 784//696
f 780//697 752//697 785//697
f 750//698 752//698 748//698
f 752//699 750//699 786//699
f 787//700 752//700 786//700
f 780//701 785//701 783//701
f 785//702 788//702 783//702
f 781//703 783//703 789//703
f 774//704 784//704 790//704
f 774//705 790//705 791//705
f 792//706 793//706 794//706
f 793//707 792//707 795//707
f 793//708 795//708 796//708
f 797//709 798//709 799//709
f 800//710 796//710 795//710
f 796//711 800//711 801//711
f 802//712 803//712 804//712
f 803//713 802//713 805//713
f 788//714 806//714 807//714
f 808//715 788//715 807//715
f 803//716 805//716 809//716
f 809//717 805//717 810//717
f 809//718 810//718 811//718
f 812//719 813//719 814//719
f 815//720 813//720 812//720
f 815//721 816//721 813//721
f 817//722 816//722 815//722
f 816//723 817//723 818//723
f 819//724 820//724 821//724
f 820//725 819//725 822//725
f 820//726 822//726 823//726
f 824//727 823//727 822//727
f 823//728 824//728 825//728
f 826//729 827//729 828//729
f 827//730 826//730 829//730
f 827//731 829//731 830//731
f 831//732 830//732 829//732
f 830//733 831//733 832//733
f 833//734 834//734 835//734
f 836//735 834//735 833//735
f 834//736 836//736 837//736
f 834//737 837//737 838//737
f 839//738 840//738 841//738
f 842//739 840//739 839//739
f 843//740 840//740 842//740
f 844//741 845//741 846//741
f 846//742 847//742 844//742
f 848//743 844//743 849//743
f 845//744 844//744 848//744
f 845//745 848//745 850//745
f 851//746 845//746 850//746
f 850//747 852//747 851//747
f 840//748 843//748 853//748
f 854//749 855//749 856//749
f 855//750 854//750 857//750
f 858//751 855//751 857//751
f 855//752 858//752 859//752
f 860//753 861//753 862//753
f 861//754 860//754 863//754
f 861//755 863//755 864//755
f 865//756 864//756 863//756
f 864//757 865//757 866//757
f 867//758 868//758 869//758
f 868//759 867//759 870//759
f 871//760 872//760 873//760
f 873//761 874//761 871//761
f 875//762 871//762 876//762
f 871//763 877//763 876//763
f 874//764 877//764 871//764
f 878//765 876//765 877//765
f 879//766 878//766 877//766
f 880//767 879//767 877//767
f 881//768 879//768 880//768
f 870//769 882//769 868//769
f 880//770 877//770 883//770
f 881//771 880//771 884//771
f 884//772 885//772 881//772
f 880//773 883//773 886//773
f 886//774 887//774 880//774
f 882//775 870//775 888//775
f 882//776 888//776 889//776
f 890//777 891//777 892//777
f 891//778 890//778 893//778
f 887//779 894//779 880//779
f 880//780 895//780 884//780
f 895//781 896//781 884//781
f 895//782 880//782 897//782
f 891//783 893//783 898//783
f 897//784 880//784 899//784
f 900//785 896//785 895//785
f 897//786 901//786 895//786
f 895//787 901//787 900//787
f 901//788 897//788 902//788
f 902//789 897//789 899//789
f 901//790 903//790 900//790
f 899//791 894//791 904//791
f 905//792 902//792 899//792
f 899//793 904//793 906//793
f 906//794 905//794 899//794
f 905//795 906//795 907//795
f 908//796 909//796 910//796
f 909//797 911//797 910//797
f 912//798 913//798 914//798
f 915//799 898//799 893//799
f 898//800 915//800 916//800
f 917//801 918//801 919//801
f 918//802 917//802 920//802
f 921//803 918//803 920//803
f 918//804 921//804 922//804
f 923//805 924//805 925//805
f 924//806 923//806 926//806
f 927//807 913//807 912//807
f 928//808 927//808 912//808
f 927//809 928//809 929//809
f 929//810 930//810 927//810
f 931//811 927//811 930//811
f 932//812 931//812 930//812
f 933//813 931//813 932//813
f 934//814 933//814 932//814
f 935//815 910//815 911//815
f 936//816 924//816 926//816
f 910//817 935//817 937//817
f 924//818 936//818 938//818
f 939//819 940//819 941//819
f 940//820 939//820 942//820
f 943//821 944//821 945//821
f 945//822 946//822 943//822
f 946//823 947//823 943//823
f 943//824 947//824 948//824
f 943//825 948//825 949//825
f 940//826 942//826 950//826
f 932//827 910//827 937//827
f 951//828 952//828 953//828
f 953//829 954//829 951//829
f 954//830 953//830 955//830
f 930//831 910//831 932//831
f 908//832 910//832 930//832
f 956//833 957//833 958//833
f 959//834 956//834 958//834
f 959//835 951//835 954//835
f 950//836 942//836 960//836
f 954//837 955//837 961//837
f 950//838 960//838 962//838
f 963//839 964//839 965//839
f 966//840 967//840 954//840
f 964//841 963//841 968//841
f 969//842 964//842 968//842
f 964//843 969//843 970//843
f 971//844 972//844 973//844
f 974//845 975//845 976//845
f 971//846 973//846 977//846
f 975//847 974//847 978//847
f 975//848 978//848 979//848
f 980//849 979//849 978//849
f 979//850 980//850 981//850
f 982//851 983//851 984//851
f 930//852 985//852 908//852
f 983//853 982//853 986//853
f 987//854 930//854 929//854
f 930//855 987//855 988//855
f 983//856 986//856 989//856
f 990//857 930//857 988//857
f 930//858 990//858 991//858
f 991//859 992//859 930//859
f 985//860 930//860 992//860
f 985//861 992//861 993//861
f 994//862 995//862 996//862
f 996//863 997//863 994//863
f 997//864 998//864 999//864
f 999//865 994//865 997//865
f 1000//866 989//866 986//866
f 989//867 1000//867 1001//867
f 1002//868 1003//868 1004//868
f 1003//869 1002//869 1005//869
f 1003//870 1005//870 1006//870
f 994//871 999//871 1007//871
f 999//872 1008//872 1007//872
f 1007//873 1008//873 1009//873
f 994//874 1007//874 1010//874
f 1011//875 1007//875 1009//875
f 1007//876 1011//876 1012//876
f 1013//877 1012//877 1011//877
f 994//878 1014//878 995//878
f 1010//879 1015//879 994//879
f 1014//880 994//880 1015//880
f 1010//881 1007//881 1012//881
f 1016//882 1017//882 1018//882
f 1015//883 1019//883 1014//883
f 1020//884 1010//884 1012//884
f 1020//885 1015//885 1010//885
f 1021//886 1018//886 1017//886
f 1018//887 1021//887 1022//887
f 1022//888 1023//888 1018//888
f 1023//889 1022//889 1024//889
f 1018//890 1023//890 1025//890
f 1019//891 1015//891 1026//891
f 1027//892 1018//892 1025//892
f 1028//893 1006//893 1005//893
f 1012//894 1013//894 1029//894
f 1006//895 1028//895 1030//895
f 1027//896 1031//896 1018//896
f 1032//897 1033//897 1034//897
f 1035//898 1012//898 1029//898
f 1012//899 1035//899 1036//899
f 1036//900 1037//900 1012//900
f 1026//901 1015//901 1038//901
f 1020//902 1012//902 1039//902
f 1039//903 1015//903 1020//903
f 1033//904 1032//904 1040//904
f 1038//905 1015//905 1041//905
f 1015//906 1042//906 1041//906
f 1015//907 1043//907 1042//907
f 1015//908 1039//908 1044//908
f 1037//909 1036//909 1045//909
f 1046//910 1047//910 1039//910
f 1037//911 1048//911 1049//911
f 1050//912 1033//912 1040//912
f 1033//913 1050//913 1051//913
f 1052//914 1053//914 1054//914
f 1055//915 1053//915 1052//915
f 1044//916 1056//916 1057//916
f 1058//917 1053//917 1055//917
f 1053//918 1058//918 1059//918
f 1060//919 1061//919 1062//919
f 1061//920 1060//920 1063//920
f 1064//921 1065//921 1066//921
f 1067//922 1068//922 1069//922
f 1070//923 1069//923 1071//923
f 1072//924 1067//924 1069//924
f 1069//925 1073//925 1072//925
f 1073//926 1069//926 1074//926
f 1074//927 1075//927 1073//927
f 1069//928 1070//928 1076//928
f 1076//929 1074//929 1069//929
f 1075//930 1074//930 1077//930
f 1077//931 634//931 1075//931
f 1077//932 1074//932 1078//932
f 1077//933 1078//933 1079//933
f 1080//934 1077//934 1079//934
f 1081//935 1077//935 1080//935
f 644//936 1081//936 645//936
f 644//937 1077//937 1081//937
f 1082//938 1075//938 634//938
f 638//939 1077//939 644//939
f 634//940 1077//940 638//940
f 634//941 1083//941 1082//941
f 1083//942 634//942 1084//942
f 634//943 636//943 1084//943
f 1085//944 1086//944 1087//944
f 1088//945 1089//945 1090//945
f 1091//946 1092//946 1085//946
f 1086//947 1085//947 1092//947
f 1093//948 1085//948 1094//948
f 1085//949 1087//949 1094//949
f 1095//950 1096//950 1097//950
f 1096//951 1095//951 1098//951
f 1099//952 1061//952 1063//952
f 1095//953 1097//953 1100//953
f 1061//954 1099//954 1101//954
f 1102//955 1103//955 1104//955
f 1103//956 1102//956 1105//956
f 1086//957 1106//957 1087//957
f 1107//958 1108//958 1109//958
f 1110//959 1109//959 1108//959
f 1109//960 1110//960 1111//960
f 1112//961 1103//961 1105//961
f 1106//962 1113//962 1087//962
f 1114//963 1087//963 1113//963
f 1103//964 1112//964 1115//964
f 1116//965 1117//965 1118//965
f 1117//966 1116//966 1119//966
f 1111//967 1120//967 1107//967
f 1107//968 1109//968 1111//968
f 1107//969 1121//969 1122//969
f 1123//970 1117//970 1119//970
f 1117//971 1123//971 1124//971
f 1125//972 1126//972 1127//972
f 1126//973 1125//973 1128//973
f 1129//974 1114//974 1113//974
f 1113//975 1130//975 1129//975
f 1131//976 1106//976 1132//976
f 1113//977 1106//977 1131//977
f 1128//978 1133//978 1126//978
f 1130//979 1134//979 1135//979
f 1134//980 1130//980 1136//980
f 1113//981 1136//981 1130//981
f 1131//982 1137//982 1113//982
f 1136//983 1113//983 1137//983
f 1137//984 1131//984 1138//984
f 1138//985 1131//985 1139//985
f 1137//986 1138//986 1140//986
f 1139//987 1140//987 1138//987
f 1141//988 1142//988 1143//988
f 1144//989 1142//989 1141//989
f 1141//990 1145//990 1144//990
f 1146//991 1133//991 1128//991
f 1133//992 1146//992 1147//992
f 1148//993 1149//993 1150//993
f 1150//994 1151//994 1148//994
f 1150//995 1152//995 1151//995
f 1144//996 1145//996 1153//996
f 1153//997 1154//997 1144//997
f 1155//998 1153//998 1145//998
f 1152//999 1150//999 1156//999
f 1156//1000 1157//1000 1152//1000
f 1158//1001 1159//1001 1160//1001
f 1160//1002 1161//1002 1158//1002
f 1160//1003 1162//1003 1161//1003
f 1163//1004 1162//1004 1160//1004
f 1163//1005 1164//1005 1162//1005
f 1165//1006 1166//1006 1167//1006
f 1167//1007 1168//1007 1165//1007
f 1169//1008 1166//1008 1165//1008
f 1169//1009 1170//1009 1166//1009
f 1171//1010 1172//1010 1173//1010
f 1174//1011 1173//1011 1172//1011
f 1173//1012 1174//1012 1175//1012
f 1173//1013 1175//1013 1176//1013
f 1177//1014 1178//1014 1179//1014
f 228//1015 64//1015 57//1015
f 1179//1016 1178//1016 1180//1016
f 1181//1017 1182//1017 1183//1017
f 1183//1018 1182//1018 1184//1018
f 1185//1019 1186//1019 1182//1019
f 1182//1020 1186//1020 1184//1020
f 1187//1021 1184//1021 1186//1021
f 1184//1022 1188//1022 1183//1022
f 1184//1023 1189//1023 1188//1023
f 1179//1024 1180//1024 1190//1024
f 1184//1025 1191//1025 1189//1025
f 1179//1026 1190//1026 1192//1026
f 1193//1027 1194//1027 1195//1027
f 1191//1028 1184//1028 1196//1028
f 1197//1029 1196//1029 1184//1029
f 1198//1030 1184//1030 1187//1030
f 1199//1031 1184//1031 1198//1031
f 1184//1032 1199//1032 1200//1032
f 1197//1033 1184//1033 1200//1033
f 1201//1034 1200//1034 1199//1034
f 1196//1035 1202//1035 1191//1035
f 1193//1036 1203//1036 1194//1036
f 1196//1037 1204//1037 1202//1037
f 1196//1038 1197//1038 1205//1038
f 1203//1039 1193//1039 1206//1039
f 1203//1040 1206//1040 1207//1040
f 1207//1041 1208//1041 1203//1041
f 1209//1042 1210//1042 1211//1042
f 1212//1043 1210//1043 1209//1043
f 1088//1044 1213//1044 1214//1044
f 1213//1045 1215//1045 1214//1045
f 1213//1046 1216//1046 1215//1046
f 1216//1047 1213//1047 1217//1047
f 1213//1048 1218//1048 1217//1048
f 1213//1049 1219//1049 1218//1049
f 1216//1050 1220//1050 1215//1050
f 1220//1051 1216//1051 1221//1051
f 1219//1052 1213//1052 1222//1052
f 1213//1053 1088//1053 1222//1053
f 1222//1054 1223//1054 1219//1054
f 1222//1055 1224//1055 1223//1055
f 1222//1056 1225//1056 1224//1056
f 1225//1057 1222//1057 1226//1057
f 1226//1058 1227//1058 1225//1058
f 1228//1059 1222//1059 1088//1059
f 1222//1060 1228//1060 1226//1060
f 1226//1061 1229//1061 1227//1061
f 1230//1062 1229//1062 1226//1062
f 1231//1063 1204//1063 1196//1063
f 1228//1064 1232//1064 1226//1064
f 1233//1065 1231//1065 1196//1065
f 1234//1066 1235//1066 1236//1066
f 1235//1067 1234//1067 1237//1067
f 1238//1068 1232//1068 1228//1068
f 1230//1069 1226//1069 1239//1069
f 1232//1070 1240//1070 1226//1070
f 1238//1071 1240//1071 1232//1071
f 1226//1072 1240//1072 1241//1072
f 1239//1073 1241//1073 1242//1073
f 1243//1074 1210//1074 1212//1074
f 1243//1075 1244//1075 1210//1075
f 1245//1076 1246//1076 1247//1076
f 1247//1077 1248//1077 1245//1077
f 1249//1078 469//1078 1250//1078
f 1250//1079 469//1079 474//1079
f 1249//1080 473//1080 469//1080
f 1248//1081 1247//1081 1251//1081
f 1251//1082 1252//1082 1248//1082
f 1253//1083 1254//1083 1255//1083
f 1254//1084 1253//1084 1256//1084
f 1256//1085 1257//1085 1254//1085
f 1258//1086 1257//1086 1256//1086
f 1234//1087 1259//1087 1237//1087
f 1259//1088 1234//1088 1260//1088
f 1261//1089 1262//1089 1263//1089
f 1262//1090 1261//1090 1264//1090
f 1265//1091 1262//1091 1264//1091
f 1262//1092 1265//1092 1266//1092
f 1266//1093 1267//1093 1262//1093
f 1258//1094 1268//1094 1257//1094
f 1269//1095 1270//1095 1271//1095
f 1271//1096 1272//1096 1269//1096
f 1271//1097 1273//1097 1272//1097
f 1271//1098 1274//1098 1273//1098
f 1274//1099 1275//1099 1273//1099
f 1276//1100 1277//1100 1278//1100
f 1278//1101 1279//1101 1276//1101
f 1278//1102 1280//1102 1279//1102
f 1281//1103 1280//1103 1278//1103
f 1281//1104 1282//1104 1280//1104
f 1283//1105 1284//1105 1285//1105
f 1286//1106 1287//1106 1288//1106
f 1288//1107 1285//1107 1289//1107
f 1290//1108 1288//1108 1287//1108
f 1285//1109 1291//1109 1283//1109
f 1285//1110 1288//1110 1292//1110
f 1291//1111 1285//1111 1292//1111
f 1293//1112 1291//1112 1292//1112
f 1291//1113 1293//1113 1294//1113
f 1295//1114 1296//1114 1297//1114
f 1298//1115 1299//1115 1300//1115
f 1300//1116 1297//1116 1301//1116
f 1302//1117 1300//1117 1299//1117
f 1297//1118 1303//1118 1295//1118
f 1297//1119 1300//1119 1304//1119
f 1303//1120 1297//1120 1304//1120
f 1304//1121 1305//1121 1303//1121
f 1305//1122 1304//1122 1306//1122
f 1305//1123 1306//1123 1307//1123
f 1308//1124 1309//1124 1310//1124
f 1310//1125 1311//1125 1312//1125
f 1313//1126 1310//1126 1309//1126
f 1310//1127 1313//1127 1311//1127
f 1311//1128 1313//1128 1314//1128
f 1313//1129 1315//1129 1314//1129
f 1313//1130 1316//1130 1315//1130
f 1313//1131 1309//1131 1317//1131
f 1316//1132 1318//1132 1315//1132
f 1316//1133 1319//1133 1318//1133
f 1313//1134 1317//1134 1320//1134
f 1321//1135 1313//1135 1320//1135
f 1322//1136 1316//1136 1313//1136
f 1323//1137 1324//1137 1325//1137
f 1326//1138 1327//1138 1328//1138
f 1326//1139 1329//1139 1323//1139
f 1328//1140 1329//1140 1326//1140
f 1313//1141 1321//1141 1322//1141
f 1319//1142 1316//1142 1330//1142
f 1330//1143 1316//1143 1322//1143
f 1329//1144 1328//1144 1331//1144
f 1332//1145 1322//1145 1321//1145
f 1318//1146 1319//1146 1333//1146
f 1319//1147 1334//1147 1333//1147
f 1335//1148 1334//1148 1319//1148
f 1330//1149 1335//1149 1319//1149
f 1322//1150 1332//1150 1336//1150
f 1322//1151 1336//1151 1337//1151
f 1335//1152 1338//1152 1334//1152
f 1335//1153 1339//1153 1338//1153
f 1329//1154 1340//1154 1323//1154
f 1340//1155 1324//1155 1323//1155
f 1335//1156 1341//1156 1339//1156
f 1330//1157 1342//1157 1335//1157
f 1343//1158 1322//1158 1337//1158
f 1322//1159 1344//1159 1330//1159
f 1322//1160 1343//1160 1344//1160
f 1344//1161 1342//1161 1330//1161
f 1343//1162 1345//1162 1344//1162
f 1346//1163 1347//1163 1348//1163
f 1346//1164 1349//1164 1350//1164
f 1351//1165 1352//1165 1353//1165
f 1353//1166 1354//1166 1355//1166
f 1352//1167 1356//1167 1353//1167
f 1357//1168 1358//1168 1324//1168
f 1359//1169 1324//1169 1340//1169
f 1359//1170 1357//1170 1324//1170
f 1360//1171 1353//1171 1356//1171
f 1361//1172 1357//1172 1359//1172
f 1353//1173 1360//1173 1362//1173
f 1360//1174 1363//1174 1362//1174
f 1354//1175 1353//1175 1364//1175
f 1365//1176 1366//1176 1367//1176
f 1362//1177 1364//1177 1353//1177
f 1368//1178 1362//1178 1363//1178
f 1369//1179 1366//1179 1365//1179
f 1362//1180 1368//1180 1370//1180
f 1369//1181 1371//1181 1366//1181
f 1364//1182 1362//1182 1372//1182
f 1359//1183 1373//1183 1374//1183
f 1373//1184 1359//1184 1375//1184
f 1340//1185 1375//1185 1359//1185
f 1340//1186 1329//1186 1376//1186
f 1377//1187 1372//1187 1362//1187
f 1378//1188 1329//1188 1379//1188
f 1376//1189 1329//1189 1378//1189
f 1380//1190 1381//1190 1366//1190
f 1380//1191 1366//1191 1371//1191
f 1371//1192 1382//1192 1380//1192
f 1383//1193 1380//1193 1382//1193
f 1384//1194 1380//1194 1383//1194
f 1340//1195 1385//1195 1375//1195
f 1376//1196 1386//1196 1340//1196
f 1386//1197 1385//1197 1340//1197
f 1376//1198 1387//1198 1386//1198
f 1388//1199 1381//1199 1380//1199
f 1386//1200 1387//1200 1389//1200
f 1385//1201 1386//1201 1390//1201
f 1390//1202 1386//1202 1389//1202
f 1390//1203 1389//1203 1391//1203
f 1377//1204 1362//1204 1392//1204
f 1391//1205 1393//1205 1394//1205
f 1390//1206 1391//1206 1394//1206
f 1375//1207 1395//1207 1373//1207
f 1385//1208 1396//1208 1375//1208
f 1395//1209 1375//1209 1396//1209
f 1396//1210 1397//1210 1395//1210
f 1396//1211 1398//1211 1397//1211
f 1385//1212 1399//1212 1396//1212
f 1390//1213 1400//1213 1385//1213
f 1385//1214 1400//1214 1399//1214
f 1399//1215 1401//1215 1396//1215
f 1392//1216 1362//1216 1370//1216
f 1390//1217 1402//1217 1400//1217
f 1377//1218 1392//1218 1403//1218
f 1392//1219 1404//1219 1403//1219
f 901//1220 1405//1220 1406//1220
f 1407//1221 1370//1221 1368//1221
f 902//1222 1408//1222 901//1222
f 1408//1223 1409//1223 901//1223
f 902//1224 905//1224 1408//1224
f 1370//1225 1407//1225 1410//1225
f 1411//1226 1370//1226 1410//1226
f 909//1227 908//1227 1412//1227
f 1413//1228 1392//1228 1370//1228
f 909//1229 1414//1229 1415//1229
f 985//1230 1412//1230 908//1230
f 909//1231 1412//1231 1416//1231
f 1416//1232 1417//1232 909//1232
f 1392//1233 1413//1233 1418//1233
f 1404//1234 1392//1234 1419//1234
f 1412//1235 1420//1235 1416//1235
f 1421//1236 1419//1236 1392//1236
f 1421//1237 1392//1237 1418//1237
f 1412//1238 985//1238 993//1238
f 1420//1239 1412//1239 993//1239
f 1422//1240 1370//1240 1411//1240
f 993//1241 1423//1241 1420//1241
f 1413//1242 1370//1242 1424//1242
f 993//1243 992//1243 1425//1243
f 1370//1244 1422//1244 1424//1244
f 1418//1245 1413//1245 1426//1245
f 1426//1246 1421//1246 1418//1246
f 1427//1247 1428//1247 1429//1247
f 1424//1248 1430//1248 1413//1248
f 1431//1249 1429//1249 1432//1249
f 1433//1250 1432//1250 1429//1250
f 1431//1251 1434//1251 1429//1251
f 1435//1252 1433//1252 1429//1252
f 1434//1253 1436//1253 1429//1253
f 1437//1254 1435//1254 1429//1254
f 1429//1255 1428//1255 1437//1255
f 1435//1256 1437//1256 1438//1256
f 1438//1257 1437//1257 1439//1257
f 1439//1258 1437//1258 1440//1258
f 1421//1259 1426//1259 1441//1259
f 993//1260 1425//1260 1442//1260
f 1136//1261 1443//1261 1134//1261
f 993//1262 1444//1262 1445//1262
f 1440//1263 1437//1263 1446//1263
f 1441//1264 1426//1264 1447//1264
f 1137//1265 1448//1265 1136//1265
f 1446//1266 1437//1266 1449//1266
f 1448//1267 1443//1267 1136//1267
f 1443//1268 1448//1268 1450//1268
f 1424//1269 1451//1269 1430//1269
f 1437//1270 1428//1270 1452//1270
f 1451//1271 1453//1271 1430//1271
f 1454//1272 1455//1272 1456//1272
f 1454//1273 1457//1273 1455//1273
f 1455//1274 1457//1274 1458//1274
f 1459//1275 1455//1275 1458//1275
f 1455//1276 1459//1276 1460//1276
f 1460//1277 1461//1277 1455//1277
f 1462//1278 1463//1278 1464//1278
f 1380//1279 1465//1279 1388//1279
f 1466//1280 1467//1280 1380//1280
f 1384//1281 1466//1281 1380//1281
f 1461//1282 1460//1282 1468//1282
f 1469//1283 1445//1283 1470//1283
f 1471//1284 1472//1284 1473//1284
f 1464//1285 1463//1285 1474//1285
f 1471//1286 1475//1286 1472//1286
f 1471//1287 1476//1287 1475//1287
f 1477//1288 1450//1288 1448//1288
f 1474//1289 1468//1289 1478//1289
f 1478//1290 1468//1290 1479//1290
f 1480//1291 1445//1291 1448//1291
f 1460//1292 1481//1292 1482//1292
f 1483//1293 1479//1293 1468//1293
f 1468//1294 1482//1294 1484//1294
f 1485//1295 1486//1295 1487//1295
f 1479//1296 1483//1296 1488//1296
f 1488//1297 1483//1297 1489//1297
f 1490//1298 1487//1298 1491//1298
f 1448//1299 1137//1299 1492//1299
f 1493//1300 1494//1300 1495//1300
f 1496//1301 1497//1301 1498//1301
f 1499//1302 1500//1302 1497//1302
f 1448//1303 1501//1303 1480//1303
f 1140//1304 1492//1304 1137//1304
f 1448//1305 1492//1305 1502//1305
f 1502//1306 1503//1306 1448//1306
f 1140//1307 1139//1307 1504//1307
f 1492//1308 1140//1308 1502//1308
f 1505//1309 1494//1309 1493//1309
f 1506//1310 1487//1310 1498//1310
f 1507//1311 1506//1311 1498//1311
f 1507//1312 1508//1312 1509//1312
f 1510//1313 1507//1313 1509//1313
f 1510//1314 1506//1314 1507//1314
f 1494//1315 1511//1315 1512//1315
f 1494//1316 1505//1316 1511//1316
f 1506//1317 1513//1317 1514//1317
f 1471//1318 1515//1318 1476//1318
f 1476//1319 1515//1319 1516//1319
f 1515//1320 1517//1320 1516//1320
f 1515//1321 1518//1321 1517//1321
f 1514//1322 1513//1322 1471//1322
f 1513//1323 1515//1323 1471//1323
f 1519//1324 1512//1324 1511//1324
f 1520//1325 1511//1325 1505//1325
f 1505//1326 1521//1326 1520//1326
f 1511//1327 1520//1327 1519//1327
f 1522//1328 1519//1328 1520//1328
f 1523//1329 1520//1329 1521//1329
f 1520//1330 1524//1330 1522//1330
f 1525//1331 1522//1331 1524//1331
f 1526//1332 1527//1332 1528//1332
f 1529//1333 1520//1333 1523//1333
f 1526//1334 1530//1334 1531//1334
f 1520//1335 1529//1335 1532//1335
f 1524//1336 1533//1336 1525//1336
f 1532//1337 1524//1337 1520//1337
f 1534//1338 1524//1338 1532//1338
f 1535//1339 1532//1339 1536//1339
f 1532//1340 1537//1340 1534//1340
f 1532//1341 1535//1341 1537//1341
f 1533//1342 1524//1342 1538//1342
f 1539//1343 1538//1343 1524//1343
f 1524//1344 1534//1344 1540//1344
f 1539//1345 1524//1345 1540//1345
f 1140//1346 1504//1346 1541//1346
f 1542//1347 1537//1347 1535//1347
f 1543//1348 1539//1348 1540//1348
f 1544//1349 1543//1349 1540//1349
f 1540//1350 1545//1350 1546//1350
f 1547//1351 1534//1351 1537//1351
f 1547//1352 1548//1352 1534//1352
f 1528//1353 1549//1353 1526//1353
f 1537//1354 1550//1354 1547//1354
f 1547//1355 1551//1355 1552//1355
f 1553//1356 1554//1356 1555//1356
f 1556//1357 1557//1357 1205//1357
f 1558//1358 1233//1358 1196//1358
f 1558//1359 1196//1359 1205//1359
f 1559//1360 1549//1360 1560//1360
f 1561//1361 1200//1361 1201//1361
f 1562//1362 1200//1362 1561//1362
f 1559//1363 1560//1363 1563//1363
f 1564//1364 1200//1364 1562//1364
f 1559//1365 1565//1365 1549//1365
f 1205//1366 1566//1366 1567//1366
f 1568//1367 1205//1367 1569//1367
f 1566//1368 1205//1368 1570//1368
f 1205//1369 1568//1369 1570//1369
f 1571//1370 1572//1370 1513//1370
f 1571//1371 1573//1371 1574//1371
f 1575//1372 1571//1372 1513//1372
f 1575//1373 1573//1373 1571//1373
f 1575//1374 1513//1374 1506//1374
f 1510//1375 1575//1375 1506//1375
f 1569//1376 1200//1376 1576//1376
f 1576//1377 1568//1377 1569//1377
f 1577//1378 1200//1378 1564//1378
f 1578//1379 1576//1379 1577//1379
f 594//1380 596//1380 1579//1380
f 1580//1381 1581//1381 1582//1381
f 1582//1382 1583//1382 1580//1382
f 1582//1383 1584//1383 1585//1383
f 1584//1384 1581//1384 1586//1384
f 1587//1385 1579//1385 596//1385
f 1579//1386 1587//1386 1588//1386
f 1589//1387 1590//1387 1591//1387
f 1592//1388 1590//1388 1589//1388
f 1592//1389 1593//1389 1590//1389
f 1502//1390 1140//1390 1594//1390
f 1595//1391 1593//1391 1592//1391
f 1593//1392 1595//1392 1596//1392
f 1597//1393 1598//1393 1599//1393
f 1598//1394 1597//1394 1600//1394
f 1140//1395 1541//1395 1601//1395
f 1594//1396 1140//1396 1602//1396
f 1603//1397 1598//1397 1600//1397
f 1598//1398 1603//1398 1604//1398
f 1605//1399 1606//1399 1607//1399
f 1606//1400 1605//1400 1608//1400
f 1608//1401 1609//1401 1606//1401
f 1610//1402 1609//1402 1608//1402
f 1609//1403 1610//1403 1611//1403
f 1612//1404 1613//1404 1614//1404
f 1615//1405 1613//1405 1612//1405
f 1616//1406 1613//1406 1615//1406
f 1613//1407 1616//1407 1617//1407
f 1618//1408 1619//1408 1620//1408
f 1619//1409 1618//1409 1621//1409
f 1622//1410 1623//1410 1624//1410
f 1621//1411 1625//1411 1619//1411
f 1626//1412 1625//1412 1621//1412
f 1625//1413 1626//1413 1627//1413
f 1628//1414 1629//1414 1630//1414
f 1629//1415 1628//1415 1631//1415
f 1631//1416 1632//1416 1629//1416
f 1633//1417 1632//1417 1631//1417
f 1632//1418 1633//1418 1634//1418
f 1635//1419 1636//1419 1637//1419
f 1638//1420 1622//1420 1624//1420
f 1622//1421 1638//1421 1639//1421
f 1640//1422 1641//1422 1642//1422
f 1636//1423 1635//1423 1643//1423
f 1644//1424 1645//1424 1646//1424
f 1646//1425 1640//1425 1644//1425
f 1640//1426 1647//1426 1641//1426
f 1647//1427 1640//1427 1646//1427
f 1648//1428 1646//1428 1649//1428
f 1650//1429 1647//1429 1646//1429
f 1646//1430 1648//1430 1650//1430
f 1649//1431 1651//1431 1648//1431
f 1652//1432 1653//1432 1651//1432
f 1636//1433 1643//1433 1654//1433
f 1655//1434 1654//1434 1643//1434
f 1654//1435 1655//1435 1656//1435
f 1657//1436 1658//1436 1659//1436
f 1660//1437 1658//1437 1657//1437
f 1651//1438 1653//1438 1648//1438
f 1650//1439 1648//1439 1661//1439
f 1661//1440 1662//1440 1650//1440
f 1662//1441 1661//1441 1663//1441
f 1653//1442 1652//1442 1664//1442
f 1665//1443 1658//1443 1660//1443
f 1658//1444 1665//1444 1666//1444
f 1667//1445 1668//1445 1669//1445
f 1670//1446 1648//1446 1653//1446
f 1671//1447 1668//1447 1667//1447
f 1670//1448 1653//1448 1672//1448
f 1668//1449 1671//1449 1673//1449
f 1674//1450 1661//1450 1648//1450
f 1675//1451 1673//1451 1671//1451
f 1673//1452 1675//1452 1676//1452
f 1648//1453 1670//1453 1674//1453
f 1670//1454 1672//1454 1677//1454
f 1678//1455 1679//1455 1680//1455
f 1681//1456 1674//1456 1670//1456
f 1670//1457 1677//1457 1681//1457
f 1682//1458 1679//1458 1678//1458
f 1681//1459 1677//1459 1683//1459
f 1674//1460 1681//1460 1684//1460
f 1684//1461 1685//1461 1674//1461
f 1686//1462 1685//1462 1684//1462
f 1661//1463 1674//1463 1685//1463
f 1679//1464 1682//1464 1687//1464
f 1688//1465 1685//1465 1689//1465
f 1686//1466 1689//1466 1685//1466
f 1684//1467 1681//1467 1690//1467
f 1679//1468 1687//1468 1691//1468
f 1689//1469 1686//1469 1692//1469
f 1691//1470 1687//1470 1693//1470
f 1694//1471 1695//1471 1696//1471
f 1697//1472 1695//1472 1694//1472
f 1698//1473 1699//1473 1700//1473
f 1701//1474 1702//1474 1699//1474
f 1695//1475 1697//1475 1703//1475
f 1701//1476 1704//1476 1705//1476
f 1695//1477 1703//1477 1706//1477
f 1706//1478 1703//1478 1707//1478
f 1708//1479 1709//1479 1710//1479
f 1709//1480 1708//1480 1711//1480
f 1709//1481 1711//1481 1712//1481
f 1709//1482 1712//1482 1713//1482
f 1713//1483 1712//1483 1714//1483
f 1715//1484 1716//1484 1717//1484
f 1718//1485 1719//1485 1720//1485
f 1718//1486 1721//1486 1719//1486
f 1716//1487 1715//1487 1722//1487
f 1723//1488 1719//1488 1721//1488
f 1719//1489 1723//1489 1724//1489
f 1725//1490 1724//1490 1723//1490
f 1726//1491 1725//1491 1723//1491
f 1725//1492 1726//1492 1727//1492
f 1728//1493 1727//1493 1726//1493
f 1727//1494 1728//1494 1729//1494
f 1727//1495 1730//1495 1731//1495
f 1731//1496 1730//1496 1732//1496
f 1732//1497 1733//1497 1731//1497
f 1734//1498 1735//1498 1701//1498
f 1731//1499 1734//1499 1725//1499
f 1725//1500 1727//1500 1731//1500
f 1736//1501 1716//1501 1722//1501
f 1734//1502 1699//1502 1737//1502
f 1716//1503 1736//1503 1738//1503
f 1734//1504 1737//1504 1725//1504
f 1739//1505 1740//1505 1741//1505
f 1740//1506 1739//1506 1742//1506
f 1725//1507 1743//1507 1724//1507
f 1743//1508 1725//1508 1744//1508
f 1745//1509 1744//1509 1725//1509
f 1737//1510 1699//1510 1698//1510
f 1745//1511 1725//1511 1746//1511
f 1737//1512 1746//1512 1725//1512
f 1746//1513 1737//1513 1747//1513
f 1698//1514 1747//1514 1737//1514
f 1747//1515 1698//1515 1748//1515
f 1748//1516 1698//1516 1749//1516
f 1750//1517 1751//1517 1752//1517
f 1753//1518 1752//1518 1751//1518
f 1754//1519 1752//1519 1755//1519
f 1753//1520 1755//1520 1752//1520
f 1756//1521 1753//1521 1751//1521
f 1757//1522 1756//1522 1751//1522
f 1742//1523 1758//1523 1740//1523
f 1756//1524 1757//1524 1759//1524
f 1760//1525 1753//1525 1761//1525
f 1753//1526 1756//1526 1761//1526
f 1756//1527 1759//1527 1762//1527
f 1756//1528 1762//1528 1763//1528
f 1756//1529 1763//1529 1764//1529
f 1765//1530 1760//1530 1761//1530
f 1761//1531 1756//1531 1766//1531
f 1767//1532 1756//1532 1764//1532
f 1756//1533 1767//1533 1768//1533
f 1698//1534 1700//1534 1769//1534
f 1768//1535 1767//1535 1770//1535
f 1756//1536 1768//1536 1771//1536
f 1770//1537 1772//1537 1768//1537
f 1773//1538 1758//1538 1742//1538
f 1758//1539 1773//1539 1774//1539
f 1775//1540 1776//1540 1777//1540
f 1771//1541 1766//1541 1756//1541
f 1761//1542 1766//1542 1778//1542
f 1778//1543 1766//1543 1779//1543
f 1779//1544 1766//1544 1780//1544
f 1776//1545 1775//1545 1781//1545
f 1782//1546 1780//1546 1771//1546
f 1772//1547 1783//1547 1784//1547
f 1782//1548 1785//1548 1780//1548
f 1785//1549 1786//1549 1780//1549
f 1786//1550 1785//1550 1787//1550
f 650//1551 658//1551 656//1551
f 1788//1552 1776//1552 1781//1552
f 1776//1553 1788//1553 1789//1553
f 1790//1554 1791//1554 1792//1554
f 659//1555 658//1555 1793//1555
f 1793//1556 658//1556 1794//1556
f 1791//1557 1790//1557 1795//1557
f 650//1558 1796//1558 658//1558
f 1794//1559 658//1559 1797//1559
f 1796//1560 1797//1560 658//1560
f 650//1561 649//1561 1798//1561
f 1798//1562 1796//1562 650//1562
f 1797//1563 1796//1563 1799//1563
f 1800//1564 1799//1564 1796//1564
f 1796//1565 1798//1565 1801//1565
f 1796//1566 1801//1566 1802//1566
f 1800//1567 1796//1567 1803//1567
f 1802//1568 1803//1568 1796//1568
f 1803//1569 1804//1569 1800//1569
f 1805//1570 1800//1570 1804//1570
f 1806//1571 1804//1571 1803//1571
f 1805//1572 1804//1572 1807//1572
f 1808//1573 1809//1573 1810//1573
f 1795//1574 1811//1574 1791//1574
f 1810//1575 1809//1575 1812//1575
f 1813//1576 1811//1576 1795//1576
f 1811//1577 1813//1577 1814//1577
f 1812//1578 1809//1578 1815//1578
f 1816//1579 1817//1579 1818//1579
f 1817//1580 1816//1580 1819//1580
f 1820//1581 1817//1581 1819//1581
f 1817//1582 1820//1582 1821//1582
f 1822//1583 1823//1583 1824//1583
f 1823//1584 1822//1584 1825//1584
f 1825//1585 1826//1585 1823//1585
f 1827//1586 1812//1586 1828//1586
f 1829//1587 1827//1587 1830//1587
f 1831//1588 1830//1588 1827//1588
f 1832//1589 1833//1589 1834//1589
f 1832//1590 1834//1590 1835//1590
f 1836//1591 1826//1591 1825//1591
f 1826//1592 1836//1592 1837//1592
f 1832//1593 1838//1593 1839//1593
f 1840//1594 1841//1594 1842//1594
f 1838//1595 1835//1595 1843//1595
f 1843//1596 1835//1596 1844//1596
f 1835//1597 1845//1597 1844//1597
f 1846//1598 1845//1598 1835//1598
f 1846//1599 1835//1599 1847//1599
f 1845//1600 1846//1600 1848//1600
f 1842//1601 1849//1601 1840//1601
f 1842//1602 1850//1602 1849//1602
f 1842//1603 1851//1603 1850//1603
f 1852//1604 1853//1604 1842//1604
f 1854//1605 1847//1605 1855//1605
f 1851//1606 1842//1606 1856//1606
f 1856//1607 1857//1607 1851//1607
f 1856//1608 1842//1608 1853//1608
f 1856//1609 1858//1609 1857//1609
f 1853//1610 1859//1610 1856//1610
f 1856//1611 1860//1611 1858//1611
f 1856//1612 1861//1612 1860//1612
f 1859//1613 1861//1613 1856//1613
f 1861//1614 1862//1614 1863//1614
f 1861//1615 1864//1615 1862//1615
f 1861//1616 1865//1616 1864//1616
f 1861//1617 1866//1617 1865//1617
f 1861//1618 1867//1618 1866//1618
f 1867//1619 1868//1619 1866//1619
f 1867//1620 1861//1620 1869//1620
f 1867//1621 1870//1621 1868//1621
f 1867//1622 1871//1622 1870//1622
f 1867//1623 1872//1623 1871//1623
f 1867//1624 1869//1624 1873//1624
f 1867//1625 1874//1625 1872//1625
f 1874//1626 1875//1626 1872//1626
f 1873//1627 1874//1627 1867//1627
f 1876//1628 1877//1628 1878//1628
f 1876//1629 1879//1629 1622//1629
f 1877//1630 1876//1630 1622//1630
f 1877//1631 1622//1631 1639//1631
f 1874//1632 1880//1632 1881//1632
f 1880//1633 1874//1633 1882//1633
f 1882//1634 1883//1634 1880//1634
f 1882//1635 1874//1635 1884//1635
f 1882//1636 1885//1636 1883//1636
f 1885//1637 1886//1637 1883//1637
f 1884//1638 1887//1638 1882//1638
f 1888//1639 1882//1639 1887//1639
f 1885//1640 1889//1640 1886//1640
f 1885//1641 1890//1641 1889//1641
f 1890//1642 1891//1642 1889//1642
f 1890//1643 1888//1643 1887//1643
f 1890//1644 1892//1644 1891//1644
f 1890//1645 1893//1645 1892//1645
f 1890//1646 1887//1646 1894//1646
f 1890//1647 1895//1647 1893//1647
f 1895//1648 1896//1648 1893//1648
f 1894//1649 1895//1649 1890//1649
f 1894//1650 1897//1650 1898//1650
f 1894//1651 1887//1651 1897//1651
f 1887//1652 1884//1652 1899//1652
f 1900//1653 1901//1653 1902//1653
f 1901//1654 1900//1654 1903//1654
f 1900//1655 1904//1655 1903//1655
f 1831//1656 1905//1656 1906//1656
f 1907//1657 1904//1657 1900//1657
f 1904//1658 1907//1658 1908//1658
f 1909//1659 1910//1659 1911//1659
f 1910//1660 1909//1660 1912//1660
f 1912//1661 1909//1661 1913//1661
f 1913//1662 1914//1662 1912//1662
f 1914//1663 1913//1663 1915//1663
f 1905//1664 1831//1664 1916//1664
f 1917//1665 1918//1665 1919//1665
f 1918//1666 1917//1666 1920//1666
f 1916//1667 1921//1667 1905//1667
f 1827//1668 1916//1668 1831//1668
f 1921//1669 1916//1669 1922//1669
f 1922//1670 1916//1670 1923//1670
f 1916//1671 1827//1671 1924//1671
f 1925//1672 1923//1672 1916//1672
f 1916//1673 1926//1673 1925//1673
f 1927//1674 1925//1674 1926//1674
f 1924//1675 1827//1675 1928//1675
f 1929//1676 1927//1676 1926//1676
f 1926//1677 1928//1677 1929//1677
f 1928//1678 1827//1678 1930//1678
f 1930//1679 1827//1679 1828//1679
f 1931//1680 1929//1680 1928//1680
f 1930//1681 1931//1681 1928//1681
f 1931//1682 1930//1682 1932//1682
f 1920//1683 1917//1683 1933//1683
f 1930//1684 1809//1684 1934//1684
f 1935//1685 1930//1685 1936//1685
f 1934//1686 1936//1686 1930//1686
f 1936//1687 1934//1687 1937//1687
f 1937//1688 1934//1688 1938//1688
f 1934//1689 1809//1689 1939//1689
f 1938//1690 1934//1690 1940//1690
f 1939//1691 1940//1691 1934//1691
f 1808//1692 1939//1692 1809//1692
f 1940//1693 1939//1693 1941//1693
f 1942//1694 1941//1694 1939//1694
f 1942//1695 1939//1695 1943//1695
f 1933//1696 1944//1696 1920//1696
f 1945//1697 1943//1697 1939//1697
f 1944//1698 1933//1698 1946//1698
f 1947//1699 1948//1699 1949//1699
f 1950//1700 1949//1700 1948//1700
f 1951//1701 1949//1701 1950//1701
f 1949//1702 1951//1702 1952//1702
f 1953//1703 1954//1703 1955//1703
f 1954//1704 1953//1704 1956//1704
f 1957//1705 1958//1705 1959//1705
f 1959//1706 1960//1706 1961//1706
f 1961//1707 1957//1707 1959//1707
f 1962//1708 1961//1708 1960//1708
f 1957//1709 1961//1709 1963//1709
f 1956//1710 1953//1710 1964//1710
f 1965//1711 1964//1711 1953//1711
f 1966//1712 1967//1712 1962//1712
f 1967//1713 1961//1713 1962//1713
f 1963//1714 1961//1714 1968//1714
f 1969//1715 1968//1715 1961//1715
f 1970//1716 1969//1716 1961//1716
f 1961//1717 1967//1717 1971//1717
f 1971//1718 1970//1718 1961//1718
f 1964//1719 1965//1719 1972//1719
f 1973//1720 1974//1720 1975//1720
f 1974//1721 1973//1721 1976//1721
f 1970//1722 1971//1722 1977//1722
f 1976//1723 1973//1723 1978//1723
f 1977//1724 1971//1724 1979//1724
f 1980//1725 1978//1725 1973//1725
f 1978//1726 1980//1726 1981//1726
f 1982//1727 1983//1727 1984//1727
f 1983//1728 1982//1728 1985//1728
f 1985//1729 1982//1729 1986//1729
f 1987//1730 1986//1730 1982//1730
f 1988//1731 1989//1731 1990//1731
f 1461//1732 1463//1732 1991//1732
f 1463//1733 1462//1733 1991//1733
f 1992//1734 1461//1734 1991//1734
f 1992//1735 1991//1735 1993//1735
f 1992//1736 1455//1736 1461//1736
f 1993//1737 1994//1737 1992//1737
f 1456//1738 1455//1738 1995//1738
f 1992//1739 1994//1739 1996//1739
f 1997//1740 1992//1740 1996//1740
f 1995//1741 1455//1741 1998//1741
f 1455//1742 1992//1742 1999//1742
f 1999//1743 1998//1743 1455//1743
f 1997//1744 1999//1744 1992//1744
f 1999//1745 1997//1745 2000//1745
f 2001//1746 2000//1746 1997//1746
f 2000//1747 2001//1747 2002//1747
f 2001//1748 1997//1748 2003//1748
f 2004//1749 1990//1749 1989//1749
f 2001//1750 2003//1750 2005//1750
f 2006//1751 2007//1751 2008//1751
f 1990//1752 2004//1752 2009//1752
f 2010//1753 2009//1753 2004//1753
f 2011//1754 2007//1754 2006//1754
f 2011//1755 2012//1755 2007//1755
f 2011//1756 2006//1756 2008//1756
f 2009//1757 2010//1757 2013//1757
f 2014//1758 2015//1758 2016//1758
f 2015//1759 2014//1759 2017//1759
f 2018//1760 2019//1760 2020//1760
f 2008//1761 2019//1761 2011//1761
f 2021//1762 2020//1762 2019//1762
f 2021//1763 2019//1763 2008//1763
f 2020//1764 2021//1764 2022//1764
f 2022//1765 2021//1765 2023//1765
f 2024//1766 2023//1766 2021//1766
f 2024//1767 2021//1767 2025//1767
f 2021//1768 2026//1768 2025//1768
f 2027//1769 2025//1769 2026//1769
f 2028//1770 2021//1770 2008//1770
f 2021//1771 2028//1771 2026//1771
f 2027//1772 2026//1772 2029//1772
f 2028//1773 2008//1773 1066//1773
f 1066//1774 2008//1774 1064//1774
f 2026//1775 2030//1775 2029//1775
f 2030//1776 2026//1776 2028//1776
f 2031//1777 2029//1777 2030//1777
f 2031//1778 2030//1778 2032//1778
f 2033//1779 2030//1779 2028//1779
f 2033//1780 2028//1780 1066//1780
f 2034//1781 2032//1781 2030//1781
f 2032//1782 2034//1782 2035//1782
f 2034//1783 2036//1783 2035//1783
f 2030//1784 2037//1784 2034//1784
f 2033//1785 2038//1785 2037//1785
f 2039//1786 2036//1786 2034//1786
f 2039//1787 2040//1787 2041//1787
f 2040//1788 2039//1788 2034//1788
f 2042//1789 2041//1789 2040//1789
f 2041//1790 2042//1790 2043//1790
f 2042//1791 2044//1791 2043//1791
f 2034//1792 2042//1792 2040//1792
f 2017//1793 2014//1793 2045//1793
f 2042//1794 2046//1794 2044//1794
f 2047//1795 2045//1795 2014//1795
f 2045//1796 2047//1796 2048//1796
f 2049//1797 2050//1797 2051//1797
f 2051//1798 2050//1798 2052//1798
f 2051//1799 2052//1799 2053//1799
f 2054//1800 2053//1800 2052//1800
f 2053//1801 2054//1801 2055//1801
f 2056//1802 2057//1802 2058//1802
f 2059//1803 2058//1803 2057//1803
f 2058//1804 2059//1804 2060//1804
f 2061//1805 2060//1805 2059//1805
f 2060//1806 2061//1806 2062//1806
f 2063//1807 2064//1807 2065//1807
f 2066//1808 2065//1808 2064//1808
f 2065//1809 2066//1809 2067//1809
f 2068//1810 2067//1810 2066//1810
f 2067//1811 2068//1811 2069//1811
f 2070//1812 2071//1812 2072//1812
f 2072//1813 2071//1813 2073//1813
f 2074//1814 2075//1814 2076//1814
f 2076//1815 2077//1815 2074//1815
f 2075//1816 2078//1816 2076//1816
f 2079//1817 2072//1817 2073//1817
f 2072//1818 2079//1818 2080//1818
f 2081//1819 2082//1819 2083//1819
f 2082//1820 2081//1820 2084//1820
f 2084//1821 2081//1821 2085//1821
f 2086//1822 2085//1822 2081//1822
f 2085//1823 2086//1823 2087//1823
f 2088//1824 2089//1824 2090//1824
f 2091//1825 2092//1825 2093//1825
f 2094//1826 2093//1826 2092//1826
f 2093//1827 2094//1827 2095//1827
f 2096//1828 2095//1828 2094//1828
f 2095//1829 2096//1829 2097//1829
f 2098//1830 2099//1830 2100//1830
f 2100//1831 2099//1831 2101//1831
f 2102//1832 2100//1832 2101//1832
f 2100//1833 2102//1833 2103//1833
f 2104//1834 2105//1834 2106//1834
f 2107//1835 2106//1835 2105//1835
f 2106//1836 2107//1836 2108//1836
f 2109//1837 2110//1837 2088//1837
f 2110//1838 2111//1838 2088//1838
f 2112//1839 2108//1839 2107//1839
f 2108//1840 2112//1840 2113//1840
f 2114//1841 2115//1841 2116//1841
f 2115//1842 2114//1842 2117//1842
f 2117//1843 2114//1843 2118//1843
f 2119//1844 2118//1844 2114//1844
f 2118//1845 2119//1845 2120//1845
f 2121//1846 2122//1846 2123//1846
f 2122//1847 2121//1847 2124//1847
f 2124//1848 2121//1848 2125//1848
f 2126//1849 2125//1849 2121//1849
f 2125//1850 2126//1850 2127//1850
f 2128//1851 2129//1851 2130//1851
f 2129//1852 2128//1852 2131//1852
f 947//1853 945//1853 2132//1853
f 946//1854 945//1854 947//1854
f 948//1855 947//1855 2133//1855
f 2131//1856 2128//1856 2134//1856
f 2135//1857 2134//1857 2128//1857
f 2134//1858 2135//1858 2136//1858
f 2137//1859 2138//1859 2139//1859
f 2139//1860 2138//1860 2140//1860
f 2140//1861 2138//1861 2141//1861
f 2142//1862 2140//1862 2141//1862
f 2140//1863 2142//1863 2143//1863
f 2144//1864 2145//1864 2146//1864
f 2145//1865 2144//1865 2147//1865
f 2148//1866 2147//1866 2144//1866
f 2148//1867 2149//1867 2147//1867
f 2150//1868 2149//1868 2148//1868
f 947//1869 2132//1869 2151//1869
f 947//1870 2151//1870 2152//1870
f 2152//1871 2133//1871 947//1871
f 2132//1872 2153//1872 2151//1872
f 2154//1873 2152//1873 2151//1873
f 2153//1874 2154//1874 2151//1874
f 2133//1875 2152//1875 2154//1875
f 2155//1876 2156//1876 2157//1876
f 2154//1877 2158//1877 2133//1877
f 2154//1878 2153//1878 2159//1878
f 2160//1879 2158//1879 2154//1879
f 2159//1880 2160//1880 2154//1880
f 2158//1881 2160//1881 2161//1881
f 2160//1882 2159//1882 2162//1882
f 2162//1883 2161//1883 2160//1883
f 2161//1884 2162//1884 2163//1884
f 2164//1885 2165//1885 2166//1885
f 2166//1886 2167//1886 2164//1886
f 2167//1887 2168//1887 2164//1887
f 2164//1888 2168//1888 2169//1888
f 2170//1889 2171//1889 2166//1889
f 2167//1890 2166//1890 2171//1890
f 2171//1891 2172//1891 2167//1891
f 2173//1892 2172//1892 2171//1892
f 2168//1893 2174//1893 2169//1893
f 2168//1894 2167//1894 2175//1894
f 2167//1895 2172//1895 2176//1895
f 2177//1896 2167//1896 2176//1896
f 2178//1897 2175//1897 2167//1897
f 2167//1898 2177//1898 2178//1898
f 2175//1899 2179//1899 2168//1899
f 2178//1900 2177//1900 2180//1900
f 2168//1901 2179//1901 2181//1901
f 2179//1902 2182//1902 2181//1902
f 2175//1903 2178//1903 2183//1903
f 2179//1904 2175//1904 2183//1904
f 2182//1905 2179//1905 2184//1905
f 2185//1906 2179//1906 2183//1906
f 2185//1907 2184//1907 2179//1907
f 2184//1908 2185//1908 2186//1908
f 2185//1909 2187//1909 2186//1909
f 2185//1910 2183//1910 2188//1910
f 2183//1911 2178//1911 2188//1911
f 2189//1912 2178//1912 2180//1912
f 2190//1913 2191//1913 2192//1913
f 2178//1914 2189//1914 2193//1914
f 2178//1915 2194//1915 2188//1915
f 2194//1916 2195//1916 2196//1916
f 584//1917 589//1917 2197//1917
f 2198//1918 2199//1918 2200//1918
f 2201//1919 2202//1919 2198//1919
f 2203//1920 2201//1920 2198//1920
f 589//1921 2196//1921 2204//1921
f 2202//1922 2205//1922 2206//1922
f 2201//1923 2205//1923 2202//1923
f 2207//1924 2208//1924 2209//1924
f 2205//1925 2210//1925 2211//1925
f 2210//1926 2205//1926 2212//1926
f 2212//1927 2205//1927 2201//1927
f 2212//1928 2213//1928 2210//1928
f 2214//1929 2212//1929 2201//1929
f 2213//1930 2212//1930 2215//1930
f 2215//1931 2212//1931 2214//1931
f 2215//1932 2216//1932 2217//1932
f 2215//1933 2218//1933 2213//1933
f 2217//1934 2218//1934 2215//1934
f 2218//1935 2217//1935 2219//1935
f 2217//1936 2220//1936 2219//1936
f 2221//1937 2222//1937 2220//1937
f 2220//1938 2217//1938 2221//1938
f 2221//1939 2223//1939 2222//1939
f 2223//1940 2224//1940 2222//1940
f 2221//1941 2217//1941 2223//1941
f 2224//1942 2223//1942 2225//1942
f 2224//1943 2225//1943 2226//1943
f 2223//1944 2227//1944 2225//1944
f 2226//1945 2225//1945 2228//1945
f 2225//1946 2227//1946 2228//1946
f 536//1947 2226//1947 2229//1947
f 2226//1948 2228//1948 2229//1948
f 2230//1949 536//1949 2229//1949
f 536//1950 2230//1950 537//1950
f 537//1951 2230//1951 2231//1951
f 2231//1952 542//1952 537//1952
f 2232//1953 2231//1953 2230//1953
f 2231//1954 2233//1954 542//1954
f 2234//1955 2235//1955 2231//1955
f 2231//1956 2232//1956 2234//1956
f 2236//1957 2234//1957 2232//1957
f 2236//1958 2237//1958 2234//1958
f 2208//1959 2207//1959 2238//1959
f 2208//1960 2238//1960 2239//1960
f 2208//1961 2240//1961 2241//1961
f 2240//1962 2208//1962 2239//1962
f 2242//1963 2240//1963 2243//1963
f 2243//1964 2240//1964 2239//1964
f 2239//1965 2238//1965 2244//1965
f 2237//1966 2245//1966 2246//1966
f 2247//1967 2243//1967 2239//1967
f 2244//1968 2247//1968 2239//1968
f 2245//1969 2237//1969 2236//1969
f 2248//1970 2249//1970 2250//1970
f 2203//1971 2250//1971 2249//1971
f 2245//1972 2249//1972 2248//1972
f 2249//1973 2245//1973 2251//1973
f 2245//1974 2236//1974 2251//1974
f 2252//1975 2203//1975 2249//1975
f 2251//1976 2252//1976 2249//1976
f 2251//1977 2236//1977 2253//1977
f 2232//1978 2253//1978 2236//1978
f 2232//1979 2230//1979 2228//1979
f 2228//1980 2253//1980 2232//1980
f 2229//1981 2228//1981 2230//1981
f 2253//1982 2228//1982 2227//1982
f 2252//1983 2253//1983 2227//1983
f 2252//1984 2251//1984 2253//1984
f 2252//1985 2214//1985 2203//1985
f 2201//1986 2203//1986 2214//1986
f 2216//1987 2214//1987 2252//1987
f 2215//1988 2214//1988 2216//1988
f 2227//1989 2223//1989 2252//1989
f 2216//1990 2252//1990 2223//1990
f 2216//1991 2223//1991 2217//1991
f 2254//1992 2255//1992 2256//1992
f 2238//1993 2257//1993 2258//1993
f 2257//1994 2238//1994 2207//1994
f 2259//1995 2260//1995 2261//1995
f 2207//1996 2262//1996 2257//1996
f 2263//1997 2262//1997 2207//1997
f 2207//1998 2209//1998 2263//1998
f 2264//1999 2265//1999 2260//1999
f 2262//2000 2266//2000 2257//2000
f 2262//2001 2263//2001 2266//2001
f 11//2002 2267//2002 2268//2002
f 2263//2003 2269//2003 2266//2003
f 2270//2004 2271//2004 11//2004
f 11//2005 6//2005 2270//2005
f 2270//2006 6//2006 2272//2006
f 2243//2007 2273//2007 2242//2007
f 2274//2008 2275//2008 2276//2008
f 2277//2009 2278//2009 2279//2009
f 2280//2010 2279//2010 2278//2010
f 2281//2011 2279//2011 2282//2011
f 2281//2012 2277//2012 2279//2012
f 2283//2013 2284//2013 2285//2013
f 2281//2014 2282//2014 2286//2014
f 2260//2015 2283//2015 2264//2015
f 2287//2016 2281//2016 2286//2016
f 2287//2017 2288//2017 2281//2017
f 2277//2018 2281//2018 2288//2018
f 2286//2019 2282//2019 2289//2019
f 2260//2020 574//2020 2283//2020
f 2260//2021 2259//2021 2290//2021
f 2291//2022 2260//2022 2290//2022
f 2260//2023 2291//2023 574//2023
f 574//2024 2291//2024 2292//2024
f 2293//2025 574//2025 2292//2025
f 2294//2026 574//2026 2293//2026
f 2295//2027 2296//2027 2297//2027
f 2298//2028 2296//2028 2295//2028
f 2295//2029 2299//2029 2298//2029
f 2300//2030 2296//2030 2298//2030
f 2301//2031 2298//2031 2299//2031
f 2298//2032 2301//2032 2300//2032
f 2299//2033 2302//2033 2301//2033
f 2303//2034 2300//2034 2301//2034
f 2302//2035 2304//2035 2301//2035
f 2301//2036 2304//2036 2303//2036
f 2303//2037 2304//2037 2305//2037
f 2304//2038 2306//2038 2305//2038
f 2305//2039 2307//2039 2303//2039
f 2308//2040 2305//2040 2306//2040
f 2309//2041 2305//2041 2308//2041
f 2305//2042 2310//2042 2307//2042
f 2309//2043 2311//2043 2305//2043
f 2310//2044 2305//2044 2312//2044
f 2305//2045 2311//2045 2312//2045
f 2313//2046 2312//2046 2311//2046
f 2314//2047 2312//2047 2313//2047
f 2314//2048 2310//2048 2312//2048
f 2315//2049 2288//2049 2287//2049
f 2286//2050 2315//2050 2287//2050
f 2286//2051 2316//2051 2315//2051
f 2288//2052 2315//2052 2316//2052
f 2286//2053 2289//2053 2316//2053
f 2289//2054 2317//2054 2316//2054
f 2289//2055 2318//2055 2317//2055
f 2318//2056 2319//2056 2317//2056
f 2279//2057 2289//2057 2282//2057
f 2289//2058 2279//2058 2318//2058
f 2318//2059 2279//2059 2320//2059
f 2318//2060 2320//2060 2319//2060
f 2319//2061 2320//2061 2321//2061
f 2320//2062 2322//2062 2321//2062
f 2319//2063 2321//2063 2317//2063
f 2321//2064 2322//2064 2323//2064
f 2324//2065 2317//2065 2321//2065
f 2321//2066 2323//2066 2325//2066
f 2321//2067 2326//2067 2324//2067
f 2327//2068 2323//2068 2328//2068
f 2327//2069 2325//2069 2323//2069
f 2325//2070 2326//2070 2321//2070
f 2325//2071 1155//2071 2326//2071
f 1155//2072 2325//2072 2329//2072
f 2327//2073 2329//2073 2325//2073
f 2329//2074 1153//2074 1155//2074
f 2329//2075 2327//2075 1154//2075
f 2330//2076 2192//2076 2191//2076
f 1154//2077 1153//2077 2329//2077
f 2331//2078 2332//2078 2333//2078
f 479//2079 478//2079 2334//2079
f 479//2080 2334//2080 2335//2080
f 2210//2081 2335//2081 2211//2081
f 2210//2082 2336//2082 2335//2082
f 2336//2083 479//2083 2335//2083
f 2213//2084 2336//2084 2210//2084
f 2213//2085 2337//2085 2336//2085
f 480//2086 479//2086 2336//2086
f 2337//2087 480//2087 2336//2087
f 2338//2088 504//2088 2337//2088
f 504//2089 480//2089 2337//2089
f 504//2090 481//2090 480//2090
f 513//2091 529//2091 486//2091
f 2339//2092 2340//2092 529//2092
f 2340//2093 536//2093 488//2093
f 2340//2094 488//2094 529//2094
f 2340//2095 2226//2095 536//2095
f 2339//2096 529//2096 513//2096
f 2341//2097 513//2097 504//2097
f 2338//2098 2341//2098 504//2098
f 2219//2099 2337//2099 2213//2099
f 2337//2100 2219//2100 2338//2100
f 2342//2101 2338//2101 2219//2101
f 2338//2102 2342//2102 2341//2102
f 2339//2103 2342//2103 2343//2103
f 2342//2104 2339//2104 2341//2104
f 2343//2105 2224//2105 2340//2105
f 2340//2106 2339//2106 2343//2106
f 2340//2107 2224//2107 2226//2107
f 513//2108 2341//2108 2339//2108
f 2219//2109 2344//2109 2342//2109
f 2343//2110 2342//2110 2344//2110
f 2344//2111 2219//2111 2220//2111
f 2343//2112 2344//2112 2224//2112
f 2222//2113 2224//2113 2344//2113
f 2344//2114 2220//2114 2222//2114
f 2345//2115 2346//2115 2347//2115
f 2348//2116 2349//2116 1155//2116
f 2350//2117 1155//2117 2349//2117
f 1155//2118 2350//2118 2351//2118
f 2352//2119 2353//2119 2354//2119
f 2355//2120 2356//2120 2357//2120
f 2358//2121 2351//2121 2350//2121
f 2351//2122 2326//2122 1155//2122
f 956//2123 2359//2123 2360//2123
f 959//2124 2359//2124 956//2124
f 959//2125 2361//2125 2359//2125
f 2360//2126 2362//2126 956//2126
f 2363//2127 2362//2127 2360//2127
f 2364//2128 2365//2128 2361//2128
f 2351//2129 2358//2129 2366//2129
f 2367//2130 2368//2130 2369//2130
f 2370//2131 2368//2131 2367//2131
f 2371//2132 2370//2132 2372//2132
f 2372//2133 2373//2133 2371//2133
f 2372//2134 2374//2134 2373//2134
f 2374//2135 2372//2135 2375//2135
f 2372//2136 2376//2136 2375//2136
f 2326//2137 2317//2137 2324//2137
f 2376//2138 2372//2138 2377//2138
f 2378//2139 2376//2139 2377//2139
f 2326//2140 2351//2140 2317//2140
f 2316//2141 2317//2141 2379//2141
f 2351//2142 2379//2142 2317//2142
f 2351//2143 2366//2143 2379//2143
f 2377//2144 2372//2144 2380//2144
f 2316//2145 2379//2145 2288//2145
f 2379//2146 2277//2146 2288//2146
f 2379//2147 2366//2147 2277//2147
f 2381//2148 2366//2148 2358//2148
f 2382//2149 2381//2149 2358//2149
f 2382//2150 2383//2150 2381//2150
f 2383//2151 2382//2151 2384//2151
f 2384//2152 2382//2152 2358//2152
f 2358//2153 2385//2153 2349//2153
f 2386//2154 730//2154 2387//2154
f 2388//2155 2384//2155 2389//2155
f 2358//2156 2389//2156 2384//2156
f 2348//2157 2358//2157 2349//2157
f 2390//2158 2348//2158 1155//2158
f 1145//2159 2390//2159 1155//2159
f 2358//2160 2348//2160 2391//2160
f 2390//2161 1145//2161 2392//2161
f 2358//2162 2391//2162 2392//2162
f 2393//2163 2358//2163 2392//2163
f 2392//2164 1145//2164 2393//2164
f 2394//2165 2395//2165 2396//2165
f 1145//2166 1141//2166 2397//2166
f 2394//2167 2398//2167 2399//2167
f 2394//2168 2396//2168 2398//2168
f 2358//2169 2393//2169 2389//2169
f 2393//2170 1145//2170 2397//2170
f 2389//2171 2393//2171 37//2171
f 2400//2172 2401//2172 2402//2172
f 2401//2173 2403//2173 2404//2173
f 2401//2174 2405//2174 2403//2174
f 2405//2175 2401//2175 2406//2175
f 2406//2176 2400//2176 2405//2176
f 2400//2177 2407//2177 2405//2177
f 2400//2178 2408//2178 2407//2178
f 1143//2179 2397//2179 1141//2179
f 2409//2180 2356//2180 2355//2180
f 2410//2181 2411//2181 2409//2181
f 36//2182 2412//2182 37//2182
f 2408//2183 2400//2183 2413//2183
f 2400//2184 2414//2184 2413//2184
f 2414//2185 2400//2185 2410//2185
f 2410//2186 2415//2186 2414//2186
f 34//2187 2412//2187 35//2187
f 2410//2188 2416//2188 2415//2188
f 2417//2189 2410//2189 2409//2189
f 2410//2190 2417//2190 2416//2190
f 2418//2191 2409//2191 2355//2191
f 2355//2192 2255//2192 2418//2192
f 2417//2193 2409//2193 2418//2193
f 2417//2194 2419//2194 2416//2194
f 2417//2195 2420//2195 2419//2195
f 2417//2196 2421//2196 2420//2196
f 2418//2197 2422//2197 2417//2197
f 2421//2198 2417//2198 2422//2198
f 2423//2199 2418//2199 2255//2199
f 2418//2200 2423//2200 2422//2200
f 2422//2201 2424//2201 2421//2201
f 2422//2202 2425//2202 2424//2202
f 2426//2203 2255//2203 2254//2203
f 2255//2204 2426//2204 2423//2204
f 34//2205 2427//2205 2412//2205
f 2389//2206 37//2206 2412//2206
f 2422//2207 2428//2207 2425//2207
f 2427//2208 2389//2208 2412//2208
f 2423//2209 2429//2209 2422//2209
f 2428//2210 2422//2210 2429//2210
f 2429//2211 2423//2211 2426//2211
f 2429//2212 2430//2212 2428//2212
f 2426//2213 2431//2213 2429//2213
f 2429//2214 2432//2214 2430//2214
f 2426//2215 2256//2215 1852//2215
f 2433//2216 2427//2216 34//2216
f 2427//2217 2388//2217 2389//2217
f 2434//2218 2427//2218 2433//2218
f 2388//2219 2427//2219 2434//2219
f 2435//2220 2436//2220 2437//2220
f 2434//2221 2438//2221 2388//2221
f 2388//2222 2438//2222 2384//2222
f 2434//2223 2439//2223 2438//2223
f 2435//2224 2440//2224 2441//2224
f 2442//2225 2441//2225 2440//2225
f 2440//2226 2443//2226 1220//2226
f 2442//2227 2440//2227 1220//2227
f 2442//2228 1220//2228 1221//2228
f 2444//2229 2295//2229 2445//2229
f 2446//2230 2295//2230 2444//2230
f 2299//2231 2295//2231 2446//2231
f 2447//2232 2446//2232 2444//2232
f 2448//2233 2299//2233 2446//2233
f 2446//2234 2447//2234 2448//2234
f 2299//2235 2448//2235 2302//2235
f 2449//2236 2448//2236 2447//2236
f 2302//2237 2448//2237 2450//2237
f 2304//2238 2302//2238 2450//2238
f 2306//2239 2304//2239 2450//2239
f 2449//2240 2450//2240 2448//2240
f 2451//2241 2450//2241 2449//2241
f 2450//2242 2451//2242 2452//2242
f 2306//2243 2450//2243 2452//2243
f 2452//2244 2308//2244 2306//2244
f 2452//2245 2453//2245 2308//2245
f 2454//2246 2452//2246 2451//2246
f 2311//2247 2453//2247 2452//2247
f 2452//2248 2454//2248 2313//2248
f 2452//2249 2313//2249 2311//2249
f 2454//2250 2314//2250 2313//2250
f 2455//2251 2456//2251 2457//2251
f 2457//2252 2458//2252 2455//2252
f 2457//2253 2459//2253 2460//2253
f 2438//2254 2383//2254 2384//2254
f 2461//2255 2383//2255 2438//2255
f 2439//2256 2461//2256 2438//2256
f 2461//2257 2439//2257 2462//2257
f 2383//2258 2461//2258 2463//2258
f 2461//2259 2462//2259 2464//2259
f 2461//2260 2464//2260 2465//2260
f 2463//2261 2461//2261 2466//2261
f 2467//2262 2468//2262 2469//2262
f 2470//2263 2467//2263 2469//2263
f 2467//2264 2471//2264 2468//2264
f 2466//2265 2461//2265 2472//2265
f 2467//2266 2473//2266 2471//2266
f 2467//2267 2470//2267 2474//2267
f 2475//2268 2473//2268 2467//2268
f 2473//2269 2475//2269 2476//2269
f 2467//2270 2477//2270 2475//2270
f 2477//2271 2467//2271 2474//2271
f 2475//2272 2478//2272 2476//2272
f 2479//2273 2478//2273 2475//2273
f 2475//2274 2477//2274 2479//2274
f 2480//2275 2476//2275 2478//2275
f 2478//2276 2481//2276 2480//2276
f 2479//2277 2481//2277 2478//2277
f 2481//2278 2479//2278 2482//2278
f 2482//2279 2483//2279 2481//2279
f 2483//2280 2482//2280 2484//2280
f 2485//2281 2484//2281 2482//2281
f 2482//2282 2479//2282 2485//2282
f 2485//2283 2486//2283 2484//2283
f 2487//2284 2485//2284 2479//2284
f 2479//2285 2477//2285 2487//2285
f 2488//2286 2486//2286 2485//2286
f 2486//2287 2488//2287 2489//2287
f 2485//2288 2487//2288 2490//2288
f 2490//2289 2488//2289 2485//2289
f 2491//2290 2490//2290 2487//2290
f 2477//2291 2491//2291 2487//2291
f 2491//2292 2477//2292 2474//2292
f 2492//2293 2489//2293 2488//2293
f 2489//2294 2492//2294 2493//2294
f 2494//2295 2488//2295 2490//2295
f 2491//2296 2494//2296 2490//2296
f 2495//2297 2492//2297 2488//2297
f 2488//2298 2494//2298 2495//2298
f 2493//2299 2492//2299 2495//2299
f 2493//2300 2495//2300 2496//2300
f 2497//2301 2496//2301 2495//2301
f 2495//2302 2498//2302 2497//2302
f 2495//2303 2499//2303 2498//2303
f 2496//2304 2497//2304 2500//2304
f 2497//2305 2501//2305 2500//2305
f 2502//2306 2497//2306 2498//2306
f 2497//2307 2328//2307 2501//2307
f 2498//2308 2503//2308 2502//2308
f 2503//2309 2498//2309 2499//2309
f 2504//2310 2503//2310 2499//2310
f 2504//2311 2505//2311 2503//2311
f 2502//2312 2503//2312 2505//2312
f 2499//2313 2495//2313 2494//2313
f 2506//2314 2497//2314 2502//2314
f 2328//2315 2497//2315 2506//2315
f 2507//2316 2494//2316 2491//2316
f 2491//2317 2508//2317 2507//2317
f 2508//2318 2491//2318 2474//2318
f 2470//2319 2508//2319 2474//2319
f 2509//2320 2506//2320 2502//2320
f 2506//2321 2327//2321 2328//2321
f 2327//2322 2506//2322 2510//2322
f 2506//2323 2509//2323 2510//2323
f 2511//2324 2510//2324 2509//2324
f 2512//2325 2510//2325 2511//2325
f 2513//2326 2510//2326 2512//2326
f 1154//2327 2327//2327 2510//2327
f 1154//2328 2510//2328 2513//2328
f 1144//2329 1154//2329 2513//2329
f 1144//2330 2513//2330 2514//2330
f 1142//2331 1144//2331 2515//2331
f 1142//2332 2515//2332 1143//2332
f 1143//2333 2516//2333 2397//2333
f 2515//2334 2516//2334 1143//2334
f 38//2335 2517//2335 2518//2335
f 2516//2336 2515//2336 2517//2336
f 2515//2337 2519//2337 2517//2337
f 1144//2338 2514//2338 2515//2338
f 2519//2339 2515//2339 2514//2339
f 2514//2340 2520//2340 2519//2340
f 2514//2341 2521//2341 2520//2341
f 2513//2342 2512//2342 2514//2342
f 2522//2343 2514//2343 2512//2343
f 2509//2344 2512//2344 2511//2344
f 2523//2345 2512//2345 2509//2345
f 2524//2346 2523//2346 2509//2346
f 2509//2347 2505//2347 2524//2347
f 2502//2348 2505//2348 2509//2348
f 2525//2349 2524//2349 2505//2349
f 2505//2350 2504//2350 2525//2350
f 2524//2351 2525//2351 2526//2351
f 2525//2352 2527//2352 2526//2352
f 2527//2353 2528//2353 2526//2353
f 2524//2354 2526//2354 2528//2354
f 2529//2355 2524//2355 2528//2355
f 2528//2356 2527//2356 2530//2356
f 2530//2357 2529//2357 2528//2357
f 2530//2358 2527//2358 2531//2358
f 2529//2359 2530//2359 2532//2359
f 2530//2360 2531//2360 2532//2360
f 2525//2361 2504//2361 2533//2361
f 2527//2362 2525//2362 2533//2362
f 2534//2363 2527//2363 2533//2363
f 2527//2364 2534//2364 2531//2364
f 2532//2365 2531//2365 2534//2365
f 2504//2366 2534//2366 2533//2366
f 2535//2367 2534//2367 2504//2367
f 2535//2368 2532//2368 2534//2368
f 2532//2369 2535//2369 2536//2369
f 2461//2370 2465//2370 2472//2370
f 2472//2371 2537//2371 2466//2371
f 2538//2372 2535//2372 2539//2372
f 2465//2373 2537//2373 2472//2373
f 2535//2374 2538//2374 2540//2374
f 2535//2375 2540//2375 2536//2375
f 2536//2376 2540//2376 2541//2376
f 2529//2377 2532//2377 2536//2377
f 2522//2378 2529//2378 2536//2378
f 2524//2379 2529//2379 2522//2379
f 2512//2380 2523//2380 2524//2380
f 2512//2381 2524//2381 2522//2381
f 2522//2382 2542//2382 2543//2382
f 2514//2383 2522//2383 2544//2383
f 2544//2384 2522//2384 2543//2384
f 2544//2385 2521//2385 2514//2385
f 2517//2386 2520//2386 2521//2386
f 2545//2387 2520//2387 2517//2387
f 2519//2388 2520//2388 2546//2388
f 2519//2389 2545//2389 2517//2389
f 34//2390 2518//2390 2547//2390
f 2518//2391 34//2391 33//2391
f 2518//2392 33//2392 38//2392
f 2547//2393 2433//2393 34//2393
f 2547//2394 2434//2394 2433//2394
f 2521//2395 2518//2395 2517//2395
f 2434//2396 2547//2396 2548//2396
f 2518//2397 2548//2397 2547//2397
f 2549//2398 2543//2398 2521//2398
f 2521//2399 2543//2399 2550//2399
f 2550//2400 2518//2400 2521//2400
f 2518//2401 2550//2401 2551//2401
f 2548//2402 2518//2402 2551//2402
f 2548//2403 2551//2403 2434//2403
f 2439//2404 2434//2404 2552//2404
f 2551//2405 2552//2405 2434//2405
f 2550//2406 2553//2406 2551//2406
f 2550//2407 2542//2407 2553//2407
f 2543//2408 2542//2408 2550//2408
f 2554//2409 2552//2409 2551//2409
f 2439//2410 2552//2410 2462//2410
f 2552//2411 2555//2411 2462//2411
f 2552//2412 2554//2412 2555//2412
f 2554//2413 2556//2413 2555//2413
f 2462//2414 2555//2414 2464//2414
f 2464//2415 2555//2415 2465//2415
f 2555//2416 2556//2416 2557//2416
f 2558//2417 2465//2417 2555//2417
f 2557//2418 2558//2418 2555//2418
f 2465//2419 2558//2419 2559//2419
f 2559//2420 2558//2420 2557//2420
f 2560//2421 2465//2421 2561//2421
f 2559//2422 2561//2422 2465//2422
f 2561//2423 2557//2423 2562//2423
f 2563//2424 2537//2424 2465//2424
f 2560//2425 2563//2425 2465//2425
f 2537//2426 2563//2426 2564//2426
f 2563//2427 2565//2427 2564//2427
f 2563//2428 2560//2428 2565//2428
f 2566//2429 2463//2429 2567//2429
f 2383//2430 2463//2430 2566//2430
f 2568//2431 2569//2431 2570//2431
f 2381//2432 2383//2432 2566//2432
f 2571//2433 2570//2433 2572//2433
f 2366//2434 2381//2434 2573//2434
f 2553//2435 2556//2435 2554//2435
f 2553//2436 2572//2436 2556//2436
f 2554//2437 2551//2437 2553//2437
f 2572//2438 2553//2438 2542//2438
f 2536//2439 2541//2439 2542//2439
f 2522//2440 2536//2440 2542//2440
f 2381//2441 2566//2441 2573//2441
f 2366//2442 2573//2442 2277//2442
f 2277//2443 2574//2443 2278//2443
f 2575//2444 2574//2444 2277//2444
f 2575//2445 2277//2445 2573//2445
f 2575//2446 2566//2446 2576//2446
f 1873//2447 2577//2447 1899//2447
f 1873//2448 1869//2448 2577//2448
f 2578//2449 2577//2449 1869//2449
f 2579//2450 2580//2450 2581//2450
f 2582//2451 1580//2451 2583//2451
f 2581//2452 2584//2452 2579//2452
f 2579//2453 2585//2453 2586//2453
f 2587//2454 2580//2454 2579//2454
f 2587//2455 2588//2455 2580//2455
f 2587//2456 2589//2456 2588//2456
f 2590//2457 2591//2457 2592//2457
f 2593//2458 2594//2458 2590//2458
f 2591//2459 2590//2459 2594//2459
f 2595//2460 2592//2460 2591//2460
f 2596//2461 2597//2461 2595//2461
f 2280//2462 2596//2462 2598//2462
f 2279//2463 2280//2463 2320//2463
f 2320//2464 2280//2464 2598//2464
f 2320//2465 2598//2465 2322//2465
f 2322//2466 2599//2466 2323//2466
f 2599//2467 2328//2467 2323//2467
f 2328//2468 2599//2468 2501//2468
f 2501//2469 2599//2469 2500//2469
f 2599//2470 2322//2470 2598//2470
f 2599//2471 2496//2471 2500//2471
f 2598//2472 2600//2472 2599//2472
f 2596//2473 2600//2473 2598//2473
f 2496//2474 2599//2474 2600//2474
f 2600//2475 2493//2475 2496//2475
f 2595//2476 2601//2476 2596//2476
f 2596//2477 2601//2477 2600//2477
f 2591//2478 2602//2478 2595//2478
f 2601//2479 2595//2479 2602//2479
f 2600//2480 2489//2480 2493//2480
f 2489//2481 2600//2481 2601//2481
f 2603//2482 2591//2482 2594//2482
f 2602//2483 2591//2483 2604//2483
f 2591//2484 2603//2484 2604//2484
f 2602//2485 2605//2485 2601//2485
f 2489//2486 2601//2486 2605//2486
f 2604//2487 2605//2487 2602//2487
f 2605//2488 2486//2488 2489//2488
f 2605//2489 2604//2489 2606//2489
f 2606//2490 2604//2490 2603//2490
f 2606//2491 2603//2491 2607//2491
f 2605//2492 2484//2492 2486//2492
f 2606//2493 2607//2493 2608//2493
f 2606//2494 2483//2494 2605//2494
f 2605//2495 2483//2495 2484//2495
f 2609//2496 2610//2496 2611//2496
f 2608//2497 2483//2497 2606//2497
f 2481//2498 2483//2498 2608//2498
f 2480//2499 2481//2499 2608//2499
f 2608//2500 2607//2500 2612//2500
f 2612//2501 2480//2501 2608//2501
f 2476//2502 2480//2502 2612//2502
f 2494//2503 2507//2503 2613//2503
f 2612//2504 2607//2504 2614//2504
f 2603//2505 2614//2505 2607//2505
f 2614//2506 2476//2506 2612//2506
f 2473//2507 2476//2507 2614//2507
f 2614//2508 2603//2508 2594//2508
f 2594//2509 2615//2509 2614//2509
f 2615//2510 2473//2510 2614//2510
f 2616//2511 2594//2511 2593//2511
f 2616//2512 2615//2512 2594//2512
f 2473//2513 2615//2513 2471//2513
f 2471//2514 2615//2514 2468//2514
f 2615//2515 2616//2515 2617//2515
f 2618//2516 2619//2516 2620//2516
f 2618//2517 2620//2517 2621//2517
f 2622//2518 2621//2518 2623//2518
f 2622//2519 2623//2519 2624//2519
f 2455//2520 2624//2520 2625//2520
f 2626//2521 2627//2521 2628//2521
f 2627//2522 2626//2522 2629//2522
f 2629//2523 2630//2523 2627//2523
f 2631//2524 2632//2524 2633//2524
f 2634//2525 2630//2525 2629//2525
f 2630//2526 2634//2526 2635//2526
f 2636//2527 2637//2527 2638//2527
f 2637//2528 2636//2528 2639//2528
f 2637//2529 2639//2529 2640//2529
f 2641//2530 2642//2530 2643//2530
f 2641//2531 2643//2531 2644//2531
f 2645//2532 2640//2532 2639//2532
f 2640//2533 2645//2533 2646//2533
f 2644//2534 2647//2534 2641//2534
f 2647//2535 2648//2535 2641//2535
f 2648//2536 2647//2536 2649//2536
f 2649//2537 2647//2537 2650//2537
f 2649//2538 2651//2538 2648//2538
f 2652//2539 2649//2539 2650//2539
f 2652//2540 2650//2540 2653//2540
f 2654//2541 2653//2541 2655//2541
f 2653//2542 2654//2542 2656//2542
f 2653//2543 2656//2543 2657//2543
f 2657//2544 2652//2544 2653//2544
f 2652//2545 2651//2545 2649//2545
f 2652//2546 2658//2546 2651//2546
f 2658//2547 2652//2547 2657//2547
f 2659//2548 2660//2548 2661//2548
f 2656//2549 2658//2549 2657//2549
f 2658//2550 2656//2550 2662//2550
f 2656//2551 2631//2551 2662//2551
f 2631//2552 2656//2552 2654//2552
f 2632//2553 2631//2553 2654//2553
f 2660//2554 2659//2554 2663//2554
f 2660//2555 2663//2555 2664//2555
f 2665//2556 2666//2556 2667//2556
f 2666//2557 2668//2557 2667//2557
f 2669//2558 2664//2558 2663//2558
f 2664//2559 2669//2559 2670//2559
f 2671//2560 2672//2560 2673//2560
f 2674//2561 2675//2561 2676//2561
f 2674//2562 2677//2562 2678//2562
f 2671//2563 2673//2563 2679//2563
f 2680//2564 2681//2564 2682//2564
f 2683//2565 2680//2565 2682//2565
f 2684//2566 2677//2566 2680//2566
f 2684//2567 2685//2567 2677//2567
f 2683//2568 2686//2568 2680//2568
f 2679//2569 2673//2569 2687//2569
f 2680//2570 2688//2570 2684//2570
f 2689//2571 2680//2571 2686//2571
f 2690//2572 2684//2572 2688//2572
f 2685//2573 2684//2573 2690//2573
f 2689//2574 2691//2574 2680//2574
f 2691//2575 2689//2575 2692//2575
f 2693//2576 2691//2576 2692//2576
f 2680//2577 2691//2577 2688//2577
f 2693//2578 2694//2578 2695//2578
f 2696//2579 2697//2579 2695//2579
f 2691//2580 2693//2580 2695//2580
f 2697//2581 2691//2581 2695//2581
f 2697//2582 2698//2582 2699//2582
f 2697//2583 2699//2583 2691//2583
f 2699//2584 2700//2584 2701//2584
f 2702//2585 2691//2585 2699//2585
f 2701//2586 2702//2586 2699//2586
f 2691//2587 2702//2587 2688//2587
f 2702//2588 2701//2588 2703//2588
f 2703//2589 2704//2589 2702//2589
f 2705//2590 2702//2590 2704//2590
f 2688//2591 2702//2591 2690//2591
f 2705//2592 2690//2592 2702//2592
f 2690//2593 2705//2593 2706//2593
f 2706//2594 2685//2594 2690//2594
f 2685//2595 2706//2595 2707//2595
f 2708//2596 2709//2596 2710//2596
f 2708//2597 2711//2597 2712//2597
f 2713//2598 2711//2598 2714//2598
f 2712//2599 2715//2599 2709//2599
f 2687//2600 2716//2600 2679//2600
f 2717//2601 2713//2601 2718//2601
f 2716//2602 2687//2602 2719//2602
f 2720//2603 2721//2603 2722//2603
f 2717//2604 2718//2604 2723//2604
f 2724//2605 2717//2605 2723//2605
f 2725//2606 2726//2606 2727//2606
f 2727//2607 2717//2607 2728//2607
f 2724//2608 2729//2608 2730//2608
f 2728//2609 2717//2609 2724//2609
f 2728//2610 2724//2610 2730//2610
f 2730//2611 2731//2611 2728//2611
f 2732//2612 2730//2612 2733//2612
f 2730//2613 2732//2613 2734//2613
f 2734//2614 2731//2614 2730//2614
f 2731//2615 2734//2615 2735//2615
f 2735//2616 2736//2616 2731//2616
f 2736//2617 2737//2617 2738//2617
f 2739//2618 2736//2618 2738//2618
f 2736//2619 2728//2619 2731//2619
f 2736//2620 2739//2620 2728//2620
f 2739//2621 2740//2621 2728//2621
f 2728//2622 2740//2622 2741//2622
f 2741//2623 2742//2623 2728//2623
f 2742//2624 2741//2624 2743//2624
f 2743//2625 2744//2625 2742//2625
f 2728//2626 2742//2626 2727//2626
f 2745//2627 2742//2627 2744//2627
f 2725//2628 2727//2628 2742//2628
f 2742//2629 2745//2629 2725//2629
f 2746//2630 2725//2630 2747//2630
f 2748//2631 2726//2631 2749//2631
f 2712//2632 2726//2632 2748//2632
f 2746//2633 2750//2633 2749//2633
f 2748//2634 2750//2634 2715//2634
f 2720//2635 2722//2635 2751//2635
f 2752//2636 2753//2636 2754//2636
f 2755//2637 2756//2637 2757//2637
f 2755//2638 2758//2638 2756//2638
f 2755//2639 2759//2639 2758//2639
f 2760//2640 2666//2640 2761//2640
f 2760//2641 2762//2641 2668//2641
f 2760//2642 2763//2642 2762//2642
f 2764//2643 2751//2643 2722//2643
f 2760//2644 2765//2644 2766//2644
f 2767//2645 2768//2645 2753//2645
f 2764//2646 2769//2646 2751//2646
f 2769//2647 2764//2647 2770//2647
f 2767//2648 2771//2648 2772//2648
f 2771//2649 2767//2649 2752//2649
f 2752//2650 2773//2650 2771//2650
f 2774//2651 2771//2651 2773//2651
f 2775//2652 2772//2652 2776//2652
f 2771//2653 2776//2653 2772//2653
f 2775//2654 2776//2654 2777//2654
f 2776//2655 2778//2655 2777//2655
f 2771//2656 2774//2656 2779//2656
f 2778//2657 2776//2657 2780//2657
f 2771//2658 2780//2658 2776//2658
f 2780//2659 2771//2659 2779//2659
f 2780//2660 2781//2660 2778//2660
f 2782//2661 2779//2661 2774//2661
f 2783//2662 2779//2662 2782//2662
f 2783//2663 2780//2663 2779//2663
f 2784//2664 2783//2664 2782//2664
f 2780//2665 2785//2665 2781//2665
f 2780//2666 2783//2666 2785//2666
f 2786//2667 2783//2667 2784//2667
f 2785//2668 2787//2668 2788//2668
f 2787//2669 2785//2669 2789//2669
f 2789//2670 2785//2670 2783//2670
f 2790//2671 2787//2671 2789//2671
f 2791//2672 2783//2672 2786//2672
f 2792//2673 2783//2673 2791//2673
f 2793//2674 2789//2674 2783//2674
f 2783//2675 2792//2675 2793//2675
f 2792//2676 2794//2676 2793//2676
f 2795//2677 2789//2677 2796//2677
f 2789//2678 2793//2678 2796//2678
f 2797//2679 2795//2679 2796//2679
f 2793//2680 2798//2680 2796//2680
f 2162//2681 2799//2681 2163//2681
f 2162//2682 2159//2682 2800//2682
f 2799//2683 2162//2683 2800//2683
f 2153//2684 2800//2684 2159//2684
f 2799//2685 2800//2685 2801//2685
f 2799//2686 2801//2686 949//2686
f 2800//2687 2153//2687 2801//2687
f 949//2688 2801//2688 2802//2688
f 2802//2689 2801//2689 2153//2689
f 2802//2690 943//2690 949//2690
f 943//2691 2802//2691 2153//2691
f 943//2692 2153//2692 944//2692
f 2153//2693 2132//2693 944//2693
f 2132//2694 2803//2694 944//2694
f 2804//2695 2805//2695 2806//2695
f 2805//2696 2804//2696 2807//2696
f 2807//2697 2804//2697 2808//2697
f 2808//2698 2809//2698 2807//2698
f 2810//2699 2809//2699 2808//2699
f 2811//2700 2812//2700 2813//2700
f 2812//2701 2811//2701 2814//2701
f 2814//2702 2815//2702 2812//2702
f 2814//2703 2816//2703 2815//2703
f 2816//2704 2814//2704 2817//2704
f 2818//2705 2819//2705 2820//2705
f 2819//2706 2818//2706 2821//2706
f 2821//2707 2822//2707 2819//2707
f 2823//2708 2822//2708 2821//2708
f 2823//2709 2824//2709 2822//2709
f 2825//2710 2826//2710 2827//2710
f 2826//2711 2825//2711 2828//2711
f 2828//2712 2829//2712 2826//2712
f 2828//2713 2830//2713 2829//2713
f 2830//2714 2828//2714 2831//2714
f 2832//2715 2833//2715 2834//2715
f 2835//2716 2833//2716 2832//2716
f 2836//2717 2833//2717 2835//2717
f 2836//2718 2837//2718 2833//2718
f 2838//2719 2839//2719 2840//2719
f 2841//2720 2839//2720 2838//2720
f 2841//2721 2842//2721 2839//2721
f 2841//2722 2843//2722 2842//2722
f 2843//2723 2841//2723 2844//2723
f 2845//2724 2846//2724 2847//2724
f 2846//2725 2845//2725 2848//2725
f 2848//2726 2849//2726 2846//2726
f 2848//2727 2850//2727 2849//2727
f 2850//2728 2848//2728 2851//2728
f 2852//2729 2853//2729 2854//2729
f 2853//2730 2852//2730 2855//2730
f 2855//2731 2856//2731 2853//2731
f 2855//2732 2857//2732 2856//2732
f 2857//2733 2855//2733 2858//2733
f 2859//2734 2860//2734 2861//2734
f 2860//2735 2859//2735 2862//2735
f 2862//2736 2863//2736 2860//2736
f 2862//2737 2864//2737 2863//2737
f 2864//2738 2862//2738 2865//2738
f 2866//2739 2867//2739 2868//2739
f 2867//2740 2866//2740 2869//2740
f 2869//2741 2870//2741 2867//2741
f 2871//2742 2870//2742 2869//2742
f 2871//2743 2872//2743 2870//2743
f 2873//2744 2874//2744 2875//2744
f 2874//2745 2873//2745 2876//2745
f 2876//2746 2877//2746 2874//2746
f 2878//2747 2877//2747 2876//2747
f 2878//2748 2879//2748 2877//2748
f 2880//2749 2881//2749 2882//2749
f 2881//2750 2880//2750 2883//2750
f 2883//2751 2884//2751 2881//2751
f 2885//2752 2884//2752 2883//2752
f 2885//2753 2886//2753 2884//2753
f 2887//2754 2888//2754 2889//2754
f 2888//2755 2887//2755 2890//2755
f 2891//2756 2888//2756 2890//2756
f 2891//2757 2892//2757 2888//2757
f 2893//2758 2894//2758 2895//2758
f 2894//2759 2893//2759 2896//2759
f 2897//2760 2894//2760 2896//2760
f 2897//2761 2898//2761 2894//2761
f 2899//2762 2900//2762 2901//2762
f 2900//2763 2899//2763 2902//2763
f 2902//2764 2903//2764 2900//2764
f 2903//2765 2902//2765 2904//2765
f 2905//2766 2906//2766 2907//2766
f 2905//2767 2908//2767 2906//2767
f 2908//2768 2905//2768 2909//2768
f 2909//2769 2910//2769 2908//2769
f 2911//2770 2910//2770 2909//2770
f 2912//2771 2913//2771 2914//2771
f 2913//2772 2912//2772 2915//2772
f 2916//2773 2913//2773 2915//2773
f 2916//2774 2917//2774 2913//2774
f 595//2775 594//2775 2918//2775
f 2768//2776 2767//2776 2772//2776
f 2919//2777 2768//2777 2775//2777
f 2920//2778 2921//2778 2922//2778
f 2921//2779 2757//2779 2923//2779
f 2921//2780 2920//2780 2924//2780
f 2757//2781 2921//2781 2924//2781
f 2925//2782 2926//2782 2927//2782
f 2928//2783 2929//2783 2925//2783
f 2928//2784 2930//2784 8//2784
f 2715//2785 2712//2785 2748//2785
f 2725//2786 2746//2786 2749//2786
f 2725//2787 2749//2787 2726//2787
f 2747//2788 2725//2788 2745//2788
f 2711//2789 2727//2789 2726//2789
f 2711//2790 2717//2790 2727//2790
f 2726//2791 2712//2791 2711//2791
f 2711//2792 2713//2792 2717//2792
f 2711//2793 2708//2793 2714//2793
f 10//2794 6//2794 13//2794
f 2685//2795 2931//2795 2932//2795
f 2931//2796 2685//2796 2933//2796
f 2933//2797 2685//2797 2934//2797
f 2934//2798 2685//2798 2707//2798
f 2677//2799 2685//2799 2678//2799
f 2681//2800 2680//2800 2677//2800
f 2681//2801 2677//2801 2674//2801
f 2676//2802 2681//2802 2674//2802
f 2678//2803 2932//2803 2935//2803
f 2678//2804 2936//2804 2674//2804
f 2936//2805 2678//2805 2935//2805
f 2675//2806 2674//2806 2936//2806
f 2759//2807 2937//2807 2758//2807
f 2938//2808 2675//2808 2936//2808
f 2939//2809 2938//2809 2936//2809
f 2940//2810 2937//2810 2759//2810
f 2941//2811 2665//2811 2667//2811
f 2938//2812 2942//2812 2675//2812
f 2943//2813 2665//2813 2941//2813
f 2942//2814 2938//2814 2944//2814
f 2938//2815 2665//2815 2945//2815
f 2945//2816 2944//2816 2938//2816
f 2943//2817 2945//2817 2665//2817
f 2944//2818 2945//2818 2946//2818
f 2946//2819 2945//2819 2947//2819
f 2641//2820 2948//2820 2642//2820
f 2641//2821 2949//2821 2948//2821
f 2641//2822 2950//2822 2951//2822
f 2648//2823 2950//2823 2641//2823
f 2648//2824 2952//2824 2950//2824
f 2648//2825 2651//2825 2952//2825
f 2651//2826 2953//2826 2952//2826
f 2953//2827 2651//2827 2954//2827
f 2651//2828 2658//2828 2954//2828
f 2662//2829 2955//2829 2658//2829
f 2955//2830 2662//2830 2956//2830
f 2631//2831 2956//2831 2662//2831
f 2955//2832 2956//2832 2957//2832
f 2956//2833 2631//2833 2958//2833
f 2633//2834 2959//2834 2631//2834
f 2631//2835 2959//2835 2958//2835
f 2959//2836 2960//2836 2958//2836
f 2960//2837 2961//2837 2958//2837
f 2962//2838 2535//2838 2504//2838
f 2504//2839 2963//2839 2962//2839
f 2458//2840 2622//2840 2455//2840
f 16//2841 2964//2841 2965//2841
f 16//2842 10//2842 621//2842
f 2458//2843 2966//2843 2622//2843
f 2966//2844 2618//2844 2622//2844
f 2967//2845 2968//2845 2458//2845
f 2968//2846 2966//2846 2458//2846
f 16//2847 2969//2847 2964//2847
f 2618//2848 2587//2848 2619//2848
f 2966//2849 2968//2849 2589//2849
f 2618//2850 2966//2850 2589//2850
f 2968//2851 2970//2851 2589//2851
f 2970//2852 2968//2852 2971//2852
f 2968//2853 2967//2853 2971//2853
f 2971//2854 2972//2854 2970//2854
f 2967//2855 2617//2855 2971//2855
f 24//2856 2969//2856 16//2856
f 2973//2857 2969//2857 24//2857
f 623//2858 16//2858 621//2858
f 2617//2859 2974//2859 2468//2859
f 2971//2860 2617//2860 2616//2860
f 2971//2861 2616//2861 2593//2861
f 2971//2862 2593//2862 2972//2862
f 2617//2863 2468//2863 2615//2863
f 16//2864 623//2864 24//2864
f 2973//2865 24//2865 23//2865
f 25//2866 24//2866 2975//2866
f 2976//2867 2975//2867 24//2867
f 2975//2868 2976//2868 2977//2868
f 24//2869 623//2869 2976//2869
f 2978//2870 2977//2870 2976//2870
f 2979//2871 2976//2871 623//2871
f 2978//2872 2976//2872 2980//2872
f 2981//2873 2980//2873 2976//2873
f 2980//2874 2981//2874 2982//2874
f 2976//2875 2983//2875 2981//2875
f 2983//2876 2976//2876 2979//2876
f 710//2877 2984//2877 2985//2877
f 2986//2878 2987//2878 2988//2878
f 2989//2879 2987//2879 2986//2879
f 2963//2880 2499//2880 2494//2880
f 2990//2881 2991//2881 2992//2881
f 2963//2882 2494//2882 2613//2882
f 2508//2883 2993//2883 2507//2883
f 2994//2884 2508//2884 2470//2884
f 2508//2885 2994//2885 2610//2885
f 2991//2886 2995//2886 2992//2886
f 2994//2887 2611//2887 2610//2887
f 2994//2888 2996//2888 2997//2888
f 2997//2889 2611//2889 2994//2889
f 2996//2890 2998//2890 2997//2890
f 2998//2891 2999//2891 2997//2891
f 2999//2892 3000//2892 2997//2892
f 3001//2893 2997//2893 3000//2893
f 2997//2894 3001//2894 2611//2894
f 2611//2895 3001//2895 3002//2895
f 2611//2896 3002//2896 3003//2896
f 104//2897 102//2897 94//2897
f 3004//2898 109//2898 102//2898
f 3004//2899 102//2899 105//2899
f 109//2900 3004//2900 3005//2900
f 3004//2901 112//2901 3005//2901
f 112//2902 3004//2902 113//2902
f 3004//2903 105//2903 121//2903
f 121//2904 113//2904 3004//2904
f 121//2905 105//2905 122//2905
f 3006//2906 133//2906 132//2906
f 139//2907 3006//2907 132//2907
f 3006//2908 139//2908 3007//2908
f 139//2909 138//2909 3007//2909
f 132//2910 134//2910 139//2910
f 139//2911 134//2911 147//2911
f 157//2912 3008//2912 3009//2912
f 157//2913 3010//2913 3008//2913
f 157//2914 156//2914 3011//2914
f 3012//2915 3013//2915 3014//2915
f 3015//2916 3016//2916 3013//2916
f 3016//2917 3015//2917 3017//2917
f 3018//2918 3014//2918 3016//2918
f 3018//2919 3019//2919 3014//2919
f 167//2920 3020//2920 3019//2920
f 3019//2921 3021//2921 167//2921
f 167//2922 169//2922 3020//2922
f 3021//2923 258//2923 167//2923
f 3021//2924 3022//2924 258//2924
f 3022//2925 3023//2925 258//2925
f 3023//2926 3022//2926 3024//2926
f 3023//2927 3025//2927 3026//2927
f 210//2928 203//2928 215//2928
f 3027//2929 218//2929 210//2929
f 3027//2930 210//2930 3028//2930
f 1348//2931 3028//2931 210//2931
f 220//2932 210//2932 215//2932
f 1348//2933 210//2933 221//2933
f 3029//2934 3028//2934 1348//2934
f 215//2935 213//2935 220//2935
f 3030//2936 3031//2936 229//2936
f 3032//2937 221//2937 220//2937
f 3032//2938 220//2938 213//2938
f 3030//2939 270//2939 3031//2939
f 270//2940 248//2940 3031//2940
f 1859//2941 1869//2941 3033//2941
f 214//2942 237//2942 213//2942
f 3034//2943 221//2943 3032//2943
f 3032//2944 213//2944 3035//2944
f 3036//2945 3034//2945 3032//2945
f 3036//2946 3035//2946 246//2946
f 3036//2947 246//2947 245//2947
f 245//2948 244//2948 312//2948
f 244//2949 247//2949 251//2949
f 258//2950 3023//2950 259//2950
f 270//2951 276//2951 274//2951
f 276//2952 270//2952 3030//2952
f 276//2953 279//2953 275//2953
f 279//2954 276//2954 282//2954
f 3037//2955 316//2955 317//2955
f 3037//2956 3038//2956 316//2956
f 320//2957 316//2957 3038//2957
f 3039//2958 3040//2958 3041//2958
f 3042//2959 3043//2959 3044//2959
f 3045//2960 2540//2960 2538//2960
f 3046//2961 376//2961 370//2961
f 380//2962 373//2962 378//2962
f 379//2963 3047//2963 380//2963
f 3047//2964 3048//2964 380//2964
f 2593//2965 2590//2965 2972//2965
f 380//2966 3048//2966 3049//2966
f 3050//2967 1427//2967 1429//2967
f 2589//2968 2970//2968 3051//2968
f 1429//2969 460//2969 3050//2969
f 2589//2970 3051//2970 2588//2970
f 1436//2971 460//2971 1429//2971
f 3051//2972 2970//2972 2972//2972
f 2972//2973 3052//2973 3051//2973
f 3051//2974 3052//2974 3053//2974
f 2588//2975 3051//2975 3053//2975
f 460//2976 1436//2976 3054//2976
f 460//2977 464//2977 3050//2977
f 470//2978 3050//2978 464//2978
f 460//2979 3054//2979 461//2979
f 460//2980 459//2980 464//2980
f 2588//2981 3053//2981 3055//2981
f 3052//2982 3056//2982 3053//2982
f 3057//2983 3058//2983 3059//2983
f 3060//2984 3061//2984 3062//2984
f 3063//2985 1580//2985 2582//2985
f 2582//2986 2581//2986 2580//2986
f 3062//2987 3064//2987 3065//2987
f 500//2988 467//2988 499//2988
f 501//2989 498//2989 467//2989
f 2580//2990 2588//2990 3055//2990
f 503//2991 501//2991 1044//2991
f 2580//2992 3063//2992 2582//2992
f 3066//2993 2398//2993 3067//2993
f 506//2994 475//2994 498//2994
f 507//2995 475//2995 506//2995
f 3068//2996 510//2996 503//2996
f 506//2997 509//2997 507//2997
f 503//2998 511//2998 506//2998
f 508//2999 506//2999 3069//2999
f 511//3000 523//3000 506//3000
f 523//3001 514//3001 506//3001
f 514//3002 3069//3002 506//3002
f 3069//3003 514//3003 516//3003
f 3045//3004 3070//3004 3071//3004
f 3066//3005 3072//3005 2398//3005
f 2398//3006 3072//3006 3073//3006
f 2398//3007 3073//3007 2399//3007
f 3074//3008 3075//3008 3076//3008
f 3072//3009 3077//3009 3073//3009
f 3075//3010 3078//3010 3076//3010
f 523//3011 411//3011 514//3011
f 3066//3012 3079//3012 3080//3012
f 523//3013 412//3013 411//3013
f 525//3014 412//3014 524//3014
f 511//3015 524//3015 523//3015
f 2972//3016 2590//3016 3052//3016
f 525//3017 524//3017 3081//3017
f 524//3018 3082//3018 3081//3018
f 3082//3019 524//3019 3083//3019
f 3083//3020 524//3020 3084//3020
f 524//3021 511//3021 3085//3021
f 3084//3022 524//3022 3085//3022
f 3086//3023 3085//3023 511//3023
f 511//3024 3087//3024 3086//3024
f 3088//3025 2590//3025 2592//3025
f 3089//3026 3090//3026 3068//3026
f 3068//3027 1046//3027 3089//3027
f 527//3028 526//3028 3091//3028
f 1046//3029 526//3029 3089//3029
f 3070//3030 3092//3030 3071//3030
f 3093//3031 591//3031 590//3031
f 560//3032 3094//3032 558//3032
f 562//3033 555//3033 557//3033
f 560//3034 559//3034 3095//3034
f 3070//3035 3096//3035 3092//3035
f 564//3036 566//3036 556//3036
f 567//3037 561//3037 563//3037
f 559//3038 3097//3038 3098//3038
f 3097//3039 3099//3039 3098//3039
f 3097//3040 575//3040 3099//3040
f 575//3041 3097//3041 576//3041
f 451//3042 573//3042 572//3042
f 575//3043 574//3043 2294//3043
f 3097//3044 3100//3044 576//3044
f 578//3045 451//3045 442//3045
f 559//3046 3100//3046 3097//3046
f 578//3047 580//3047 577//3047
f 449//3048 579//3048 582//3048
f 3100//3049 559//3049 558//3049
f 449//3050 581//3050 580//3050
f 585//3051 565//3051 583//3051
f 585//3052 567//3052 565//3052
f 3101//3053 561//3053 567//3053
f 567//3054 587//3054 3101//3054
f 567//3055 585//3055 588//3055
f 587//3056 567//3056 588//3056
f 585//3057 586//3057 588//3057
f 587//3058 586//3058 593//3058
f 3102//3059 574//3059 3100//3059
f 3103//3060 3104//3060 3105//3060
f 3102//3061 3100//3061 3103//3061
f 3106//3062 606//3062 542//3062
f 13//3063 3107//3063 3104//3063
f 591//3064 3093//3064 625//3064
f 3071//3065 3092//3065 3108//3065
f 3109//3066 625//3066 3093//3066
f 628//3067 3110//3067 620//3067
f 625//3068 3109//3068 3111//3068
f 3112//3069 623//3069 625//3069
f 3111//3070 3112//3070 625//3070
f 623//3071 3112//3071 2979//3071
f 630//3072 627//3072 632//3072
f 631//3073 627//3073 614//3073
f 3113//3074 3112//3074 3111//3074
f 614//3075 3114//3075 631//3075
f 3114//3076 614//3076 617//3076
f 617//3077 3115//3077 3114//3077
f 2983//3078 2979//3078 3112//3078
f 640//3079 3116//3079 641//3079
f 3117//3080 647//3080 648//3080
f 3118//3081 639//3081 643//3081
f 3119//3082 3118//3082 643//3082
f 3119//3083 643//3083 647//3083
f 3117//3084 3120//3084 647//3084
f 3119//3085 3120//3085 3121//3085
f 3122//3086 3123//3086 3124//3086
f 3122//3087 654//3087 655//3087
f 662//3088 657//3088 658//3088
f 3125//3089 3126//3089 3127//3089
f 3067//3090 3128//3090 3129//3090
f 662//3091 661//3091 664//3091
f 662//3092 667//3092 3130//3092
f 3131//3093 3126//3093 671//3093
f 3132//3094 3133//3094 3134//3094
f 3135//3095 3133//3095 3136//3095
f 489//3096 3137//3096 671//3096
f 3125//3097 671//3097 3126//3097
f 3061//3098 3138//3098 3064//3098
f 3128//3099 3138//3099 3061//3099
f 3061//3100 3139//3100 3128//3100
f 3136//3101 3133//3101 2575//3101
f 2575//3102 2576//3102 3136//3102
f 3140//3103 2576//3103 2566//3103
f 3139//3104 3061//3104 3060//3104
f 2566//3105 3141//3105 3140//3105
f 2566//3106 2575//3106 2573//3106
f 3060//3107 3142//3107 3139//3107
f 3143//3108 2574//3108 2575//3108
f 3060//3109 3057//3109 3142//3109
f 3142//3110 3057//3110 3059//3110
f 3144//3111 3071//3111 3145//3111
f 3071//3112 3144//3112 2540//3112
f 3146//3113 2540//3113 3144//3113
f 3147//3114 2540//3114 3146//3114
f 3148//3115 2571//3115 2572//3115
f 2572//3116 3147//3116 3148//3116
f 2540//3117 3147//3117 2541//3117
f 2572//3118 2541//3118 3147//3118
f 2572//3119 2542//3119 2541//3119
f 2556//3120 2572//3120 2570//3120
f 2557//3121 2556//3121 2570//3121
f 2570//3122 2569//3122 2557//3122
f 3149//3123 2557//3123 2569//3123
f 3150//3124 2557//3124 3149//3124
f 2463//3125 3151//3125 2567//3125
f 3151//3126 2466//3126 3152//3126
f 3153//3127 3152//3127 2466//3127
f 2466//3128 3151//3128 2463//3128
f 2466//3129 3154//3129 3153//3129
f 3154//3130 2466//3130 2564//3130
f 2564//3131 3155//3131 3154//3131
f 3156//3132 2557//3132 3150//3132
f 2564//3133 3157//3133 3155//3133
f 2564//3134 2565//3134 3157//3134
f 3157//3135 2560//3135 3158//3135
f 3159//3136 2557//3136 3156//3136
f 2557//3137 3159//3137 2562//3137
f 3159//3138 2560//3138 2562//3138
f 2557//3139 2561//3139 2559//3139
f 2466//3140 2537//3140 2564//3140
f 2962//3141 2539//3141 2535//3141
f 3160//3142 2994//3142 2470//3142
f 3161//3143 2994//3143 3160//3143
f 2469//3144 3160//3144 2470//3144
f 2469//3145 3161//3145 3160//3145
f 2469//3146 2468//3146 2974//3146
f 2996//3147 2994//3147 3161//3147
f 2996//3148 3161//3148 2469//3148
f 2967//3149 2469//3149 2974//3149
f 2999//3150 2998//3150 3162//3150
f 2996//3151 3162//3151 2998//3151
f 2999//3152 3162//3152 2460//3152
f 2460//3153 3163//3153 2999//3153
f 3162//3154 2996//3154 2458//3154
f 2460//3155 3162//3155 2457//3155
f 2458//3156 2457//3156 3162//3156
f 671//3157 3125//3157 487//3157
f 2967//3158 2458//3158 2996//3158
f 1215//3159 1220//3159 2443//3159
f 1859//3160 3164//3160 1869//3160
f 487//3161 3125//3161 3165//3161
f 484//3162 487//3162 3165//3162
f 484//3163 3165//3163 3166//3163
f 3167//3164 629//3164 630//3164
f 3166//3165 3165//3165 3168//3165
f 3168//3166 3165//3166 3169//3166
f 693//3167 692//3167 695//3167
f 696//3168 695//3168 3170//3168
f 3165//3169 3125//3169 3171//3169
f 3171//3170 3125//3170 3172//3170
f 2986//3171 3173//3171 2989//3171
f 3174//3172 3173//3172 3175//3172
f 1852//3173 1841//3173 3176//3173
f 2989//3174 3173//3174 3177//3174
f 1852//3175 3176//3175 2431//3175
f 3173//3176 3174//3176 3177//3176
f 2431//3177 2426//3177 1852//3177
f 3177//3178 708//3178 2989//3178
f 2254//3179 2256//3179 2426//3179
f 3174//3180 708//3180 3177//3180
f 3174//3181 713//3181 708//3181
f 720//3182 709//3182 712//3182
f 713//3183 3178//3183 720//3183
f 713//3184 3174//3184 3178//3184
f 730//3185 3179//3185 717//3185
f 3043//3186 3175//3186 3044//3186
f 3180//3187 3044//3187 3181//3187
f 3044//3188 3180//3188 3042//3188
f 3182//3189 717//3189 3183//3189
f 3183//3190 717//3190 738//3190
f 3184//3191 3185//3191 747//3191
f 3186//3192 746//3192 753//3192
f 3187//3193 3188//3193 3189//3193
f 2411//3194 2410//3194 2400//3194
f 3065//3195 3187//3195 3190//3195
f 3065//3196 3188//3196 3187//3196
f 754//3197 3191//3197 780//3197
f 2356//3198 2409//3198 2411//3198
f 754//3199 780//3199 770//3199
f 2401//3200 2400//3200 2406//3200
f 757//3201 755//3201 3192//3201
f 3193//3202 3194//3202 3195//3202
f 768//3203 3196//3203 3197//3203
f 768//3204 767//3204 3196//3204
f 2411//3205 2400//3205 2402//3205
f 2395//3206 2394//3206 3198//3206
f 3199//3207 2396//3207 2395//3207
f 3193//3208 3200//3208 3201//3208
f 3193//3209 719//3209 3194//3209
f 719//3210 3193//3210 738//3210
f 3202//3211 3203//3211 2396//3211
f 3204//3212 752//3212 787//3212
f 3205//3213 752//3213 3204//3213
f 788//3214 785//3214 752//3214
f 3203//3215 3206//3215 3207//3215
f 799//3216 789//3216 783//3216
f 789//3217 799//3217 3208//3217
f 3209//3218 3208//3218 799//3218
f 799//3219 798//3219 3209//3219
f 3210//3220 2402//3220 2401//3220
f 3211//3221 3210//3221 3212//3221
f 799//3222 783//3222 3213//3222
f 3213//3223 797//3223 799//3223
f 3213//3224 783//3224 788//3224
f 2387//3225 3214//3225 2386//3225
f 752//3226 3205//3226 788//3226
f 3215//3227 2380//3227 730//3227
f 788//3228 3205//3228 3216//3228
f 788//3229 3216//3229 806//3229
f 3217//3230 788//3230 808//3230
f 3218//3231 3179//3231 2380//3231
f 2402//3232 3210//3232 3219//3232
f 3210//3233 3211//3233 3219//3233
f 3219//3234 2411//3234 2402//3234
f 3220//3235 788//3235 3217//3235
f 2364//3236 3221//3236 3222//3236
f 3223//3237 797//3237 3213//3237
f 3222//3238 3224//3238 2364//3238
f 3225//3239 788//3239 3220//3239
f 3226//3240 2365//3240 3227//3240
f 788//3241 3228//3241 3213//3241
f 2411//3242 3219//3242 3229//3242
f 3230//3243 3231//3243 3226//3243
f 3226//3244 3232//3244 3230//3244
f 2380//3245 3233//3245 3218//3245
f 3228//3246 3223//3246 3213//3246
f 3211//3247 3229//3247 3219//3247
f 3234//3248 788//3248 3225//3248
f 2367//3249 2369//3249 3230//3249
f 3233//3250 2367//3250 3230//3250
f 3235//3251 3234//3251 3225//3251
f 2367//3252 3233//3252 2372//3252
f 3233//3253 2380//3253 2372//3253
f 2386//3254 3236//3254 730//3254
f 730//3255 3236//3255 3215//3255
f 3237//3256 3215//3256 3236//3256
f 2377//3257 2380//3257 3215//3257
f 3215//3258 3237//3258 2377//3258
f 2372//3259 2370//3259 2367//3259
f 3238//3260 3234//3260 3235//3260
f 788//3261 3234//3261 3228//3261
f 2362//3262 3239//3262 3240//3262
f 3241//3263 3242//3263 3243//3263
f 2362//3264 2363//3264 3239//3264
f 957//3265 3243//3265 3242//3265
f 3243//3266 957//3266 956//3266
f 2365//3267 2359//3267 2361//3267
f 3231//3268 2369//3268 3244//3268
f 2369//3269 2352//3269 3244//3269
f 3234//3270 3245//3270 3228//3270
f 2353//3271 2352//3271 2369//3271
f 2369//3272 2368//3272 2353//3272
f 3246//3273 3234//3273 3238//3273
f 2354//3274 3247//3274 3248//3274
f 3249//3275 3250//3275 3251//3275
f 3201//3276 738//3276 3193//3276
f 3252//3277 3250//3277 2353//3277
f 2353//3278 3253//3278 3252//3278
f 3253//3279 2353//3279 2368//3279
f 2368//3280 3254//3280 3255//3280
f 3255//3281 3253//3281 2368//3281
f 3253//3282 3255//3282 2345//3282
f 2347//3283 2346//3283 3256//3283
f 2218//3284 2219//3284 2213//3284
f 2335//3285 3257//3285 2211//3285
f 2334//3286 3258//3286 2335//3286
f 3183//3287 738//3287 3201//3287
f 2332//3288 3259//3288 3260//3288
f 3259//3289 3261//3289 3260//3289
f 3261//3290 3259//3290 3262//3290
f 3262//3291 3263//3291 3261//3291
f 3262//3292 3264//3292 3263//3292
f 3264//3293 2330//3293 3263//3293
f 3265//3294 2330//3294 3264//3294
f 2192//3295 2330//3295 3265//3295
f 3266//3296 2155//3296 2157//3296
f 2157//3297 3267//3297 3266//3297
f 2157//3298 3268//3298 3267//3298
f 3269//3299 3268//3299 2157//3299
f 3201//3300 3270//3300 3183//3300
f 3183//3301 3270//3301 3182//3301
f 3271//3302 3272//3302 3273//3302
f 3271//3303 3273//3303 2109//3303
f 3274//3304 3275//3304 3276//3304
f 3189//3305 3188//3305 3275//3305
f 3277//3306 3189//3306 3274//3306
f 845//3307 3278//3307 846//3307
f 3279//3308 3267//3308 3280//3308
f 851//3309 3281//3309 845//3309
f 3189//3310 3277//3310 3282//3310
f 3282//3311 3277//3311 3283//3311
f 3284//3312 851//3312 852//3312
f 3285//3313 3286//3313 3268//3313
f 3189//3314 3282//3314 3187//3314
f 3282//3315 3283//3315 3287//3315
f 3283//3316 3288//3316 3287//3316
f 3289//3317 3290//3317 3291//3317
f 3292//3318 3293//3318 3294//3318
f 3295//3319 3296//3319 3288//3319
f 3292//3320 3294//3320 3297//3320
f 894//3321 899//3321 880//3321
f 905//3322 907//3322 3298//3322
f 3299//3323 1415//3323 905//3323
f 1895//3324 3300//3324 3301//3324
f 3302//3325 3303//3325 3280//3325
f 1895//3326 3301//3326 3304//3326
f 1895//3327 3304//3327 3305//3327
f 3306//3328 3307//3328 3308//3328
f 3309//3329 3310//3329 3306//3329
f 3311//3330 3312//3330 3313//3330
f 3311//3331 3313//3331 3309//3331
f 3306//3332 3314//3332 3309//3332
f 3314//3333 3311//3333 3309//3333
f 3315//3334 3316//3334 952//3334
f 3303//3335 3317//3335 3280//3335
f 3318//3336 952//3336 951//3336
f 3318//3337 3319//3337 3320//3337
f 3320//3338 3321//3338 3322//3338
f 3303//3339 3323//3339 3317//3339
f 3324//3340 3317//3340 3323//3340
f 3324//3341 3323//3341 3325//3341
f 3322//3342 3326//3342 3327//3342
f 3328//3343 3326//3343 3319//3343
f 3329//3344 3325//3344 3330//3344
f 3329//3345 3331//3345 3325//3345
f 3331//3346 3332//3346 3333//3346
f 3102//3347 2283//3347 574//3347
f 2284//3348 3102//3348 3334//3348
f 2283//3349 3102//3349 2284//3349
f 2264//3350 2283//3350 2285//3350
f 959//3351 954//3351 2364//3351
f 967//3352 966//3352 3335//3352
f 2364//3353 954//3353 967//3353
f 3336//3354 967//3354 3335//3354
f 3337//3355 967//3355 3336//3355
f 3338//3356 967//3356 3337//3356
f 3339//3357 2930//3357 3340//3357
f 2280//3358 2597//3358 2596//3358
f 2597//3359 2280//3359 2278//3359
f 967//3360 3338//3360 971//3360
f 967//3361 719//3361 718//3361
f 719//3362 967//3362 971//3362
f 3338//3363 972//3363 971//3363
f 971//3364 977//3364 3341//3364
f 2592//3365 2595//3365 2597//3365
f 3341//3366 3342//3366 971//3366
f 3342//3367 3341//3367 3343//3367
f 719//3368 971//3368 3342//3368
f 3343//3369 3344//3369 3342//3369
f 3342//3370 3194//3370 719//3370
f 3342//3371 3344//3371 3345//3371
f 3346//3372 3342//3372 3345//3372
f 3345//3373 3347//3373 3346//3373
f 3195//3374 3342//3374 3346//3374
f 3342//3375 3195//3375 3194//3375
f 3348//3376 3349//3376 3350//3376
f 3351//3377 3352//3377 3353//3377
f 1122//3378 3353//3378 3348//3378
f 1122//3379 3348//3379 1107//3379
f 1037//3380 1039//3380 1012//3380
f 1043//3381 1015//3381 1044//3381
f 2574//3382 3354//3382 2278//3382
f 2574//3383 3355//3383 3354//3383
f 3356//3384 2270//3384 2275//3384
f 3357//3385 3358//3385 3359//3385
f 2243//3386 3359//3386 3358//3386
f 2273//3387 2243//3387 3358//3387
f 1037//3388 1045//3388 1048//3388
f 2243//3389 3360//3389 3359//3389
f 2272//3390 3361//3390 2270//3390
f 2244//3391 3362//3391 3360//3391
f 3360//3392 2243//3392 2247//3392
f 2247//3393 2244//3393 3360//3393
f 3363//3394 2930//3394 3339//3394
f 2272//3395 6//3395 3363//3395
f 2258//3396 3364//3396 2244//3396
f 1039//3397 1037//3397 1046//3397
f 1039//3398 1047//3398 1044//3398
f 526//3399 1046//3399 1037//3399
f 526//3400 1037//3400 1049//3400
f 2257//3401 3365//3401 2258//3401
f 2266//3402 3366//3402 2257//3402
f 2266//3403 3367//3403 3368//3403
f 2266//3404 3369//3404 3367//3404
f 3369//3405 2266//3405 3370//3405
f 3370//3406 2266//3406 2269//3406
f 2271//3407 2270//3407 3356//3407
f 2267//3408 11//3408 2271//3408
f 2269//3409 2263//3409 3371//3409
f 2268//3410 2267//3410 3372//3410
f 2268//3411 3373//3411 2285//3411
f 3373//3412 2268//3412 3372//3412
f 3374//3413 2285//3413 3373//3413
f 3374//3414 2264//3414 2285//3414
f 3091//3415 526//3415 1049//3415
f 3375//3416 3376//3416 1031//3416
f 1027//3417 3375//3417 1031//3417
f 1027//3418 1096//3418 3375//3418
f 3377//3419 3378//3419 2264//3419
f 3379//3420 2264//3420 3380//3420
f 1043//3421 1044//3421 1057//3421
f 3379//3422 3381//3422 2265//3422
f 2258//3423 2244//3423 2238//3423
f 3382//3424 3383//3424 3384//3424
f 2248//3425 2246//3425 2245//3425
f 2248//3426 3385//3426 2246//3426
f 3386//3427 3385//3427 2248//3427
f 3385//3428 3386//3428 3387//3428
f 3387//3429 3388//3429 3385//3429
f 3389//3430 2237//3430 2246//3430
f 3385//3431 3389//3431 2246//3431
f 3385//3432 3390//3432 3391//3432
f 3385//3433 3392//3433 3393//3433
f 3385//3434 3393//3434 3389//3434
f 1046//3435 3068//3435 1047//3435
f 1044//3436 1047//3436 3068//3436
f 3068//3437 503//3437 1044//3437
f 1065//3438 3394//3438 1066//3438
f 3394//3439 1065//3439 3395//3439
f 3396//3440 3397//3440 3398//3440
f 1214//3441 1097//3441 1089//3441
f 3399//3442 2237//3442 3396//3442
f 1100//3443 1098//3443 1095//3443
f 2234//3444 2237//3444 3399//3444
f 2205//3445 3257//3445 2206//3445
f 2204//3446 3400//3446 3401//3446
f 2204//3447 3402//3447 3400//3447
f 2204//3448 3403//3448 3402//3448
f 2204//3449 3404//3449 589//3449
f 3405//3450 589//3450 3404//3450
f 3403//3451 2204//3451 2196//3451
f 2196//3452 2195//3452 3403//3452
f 2202//3453 3406//3453 3407//3453
f 589//3454 3405//3454 2197//3454
f 2202//3455 2199//3455 2198//3455
f 2197//3456 3408//3456 586//3456
f 1899//3457 1884//3457 1873//3457
f 1120//3458 1111//3458 3409//3458
f 2200//3459 3410//3459 3411//3459
f 3412//3460 3411//3460 3410//3460
f 2195//3461 2194//3461 3413//3461
f 3414//3462 2196//3462 589//3462
f 2196//3463 3414//3463 2194//3463
f 3411//3464 3412//3464 3415//3464
f 2188//3465 2194//3465 3414//3465
f 3416//3466 3415//3466 3412//3466
f 3415//3467 3416//3467 3417//3467
f 2194//3468 2178//3468 2193//3468
f 3417//3469 3416//3469 2190//3469
f 3418//3470 3417//3470 2190//3470
f 2192//3471 3418//3471 2190//3471
f 2188//3472 3414//3472 2185//3472
f 3414//3473 580//3473 2185//3473
f 3419//3474 3420//3474 3421//3474
f 3419//3475 3421//3475 3422//3475
f 3423//3476 3424//3476 3425//3476
f 1121//3477 1107//3477 1120//3477
f 3426//3478 1122//3478 1121//3478
f 2185//3479 3427//3479 3428//3479
f 3428//3480 2187//3480 2185//3480
f 3427//3481 2185//3481 580//3481
f 1120//3482 3426//3482 1121//3482
f 3426//3483 3351//3483 1122//3483
f 1120//3484 3429//3484 3426//3484
f 3430//3485 3431//3485 3432//3485
f 3431//3486 3433//3486 3432//3486
f 3434//3487 3435//3487 3436//3487
f 3435//3488 3434//3488 3437//3488
f 3438//3489 3437//3489 3434//3489
f 3437//3490 3439//3490 3435//3490
f 227//3491 228//3491 3440//3491
f 3288//3492 3441//3492 3295//3492
f 3442//3493 3269//3493 2156//3493
f 3442//3494 2156//3494 3443//3494
f 2155//3495 3443//3495 2156//3495
f 2156//3496 3269//3496 2157//3496
f 3266//3497 3443//3497 2155//3497
f 3438//3498 3444//3498 3445//3498
f 3443//3499 3446//3499 3433//3499
f 3447//3500 3446//3500 3443//3500
f 1241//3501 1239//3501 1226//3501
f 1241//3502 3448//3502 3449//3502
f 3450//3503 3449//3503 3451//3503
f 3448//3504 1241//3504 3452//3504
f 1241//3505 3453//3505 3452//3505
f 3454//3506 3451//3506 3455//3506
f 3456//3507 3446//3507 3457//3507
f 3453//3508 1241//3508 1240//3508
f 3451//3509 3454//3509 3458//3509
f 3324//3510 3456//3510 3457//3510
f 3459//3511 3450//3511 3458//3511
f 3460//3512 3459//3512 3458//3512
f 3460//3513 3458//3513 3461//3513
f 1249//3514 1250//3514 3462//3514
f 3463//3515 3325//3515 3331//3515
f 3463//3516 3331//3516 3464//3516
f 3464//3517 3331//3517 3465//3517
f 3331//3518 3333//3518 3465//3518
f 3466//3519 473//3519 3467//3519
f 3453//3520 1240//3520 3468//3520
f 1240//3521 1238//3521 3468//3521
f 3468//3522 1238//3522 3469//3522
f 3469//3523 3470//3523 3466//3523
f 3284//3524 852//3524 3471//3524
f 3284//3525 3471//3525 3472//3525
f 3472//3526 3473//3526 3474//3526
f 2357//3527 3473//3527 3475//3527
f 3474//3528 3473//3528 2357//3528
f 3474//3529 2356//3529 3476//3529
f 3476//3530 3477//3530 3474//3530
f 797//3531 3478//3531 3479//3531
f 3228//3532 3480//3532 3223//3532
f 3480//3533 3228//3533 3245//3533
f 3481//3534 3480//3534 3482//3534
f 3482//3535 3480//3535 3245//3535
f 3483//3536 3484//3536 3485//3536
f 3486//3537 3271//3537 2109//3537
f 3486//3538 2109//3538 2088//3538
f 3486//3539 2088//3539 2090//3539
f 3483//3540 3487//3540 3484//3540
f 3488//3541 3487//3541 3489//3541
f 3488//3542 3490//3542 3487//3542
f 3487//3543 3490//3543 3484//3543
f 3491//3544 3490//3544 3488//3544
f 3492//3545 3484//3545 3490//3545
f 3493//3546 3494//3546 3495//3546
f 3495//3547 3496//3547 3493//3547
f 3495//3548 3494//3548 2076//3548
f 2078//3549 3495//3549 2076//3549
f 3497//3550 3495//3550 2078//3550
f 3498//3551 3499//3551 3484//3551
f 3500//3552 1335//3552 318//3552
f 1335//3553 3500//3553 3501//3553
f 1335//3554 3501//3554 1341//3554
f 2038//3555 1066//3555 3394//3555
f 2038//3556 3394//3556 3502//3556
f 3503//3557 2074//3557 2077//3557
f 3503//3558 2038//3558 2074//3558
f 1335//3559 3504//3559 318//3559
f 3504//3560 1335//3560 1342//3560
f 2038//3561 3505//3561 2037//3561
f 1344//3562 3504//3562 1342//3562
f 3504//3563 3036//3563 318//3563
f 1344//3564 1345//3564 3506//3564
f 3036//3565 3504//3565 3507//3565
f 3504//3566 1344//3566 3508//3566
f 3508//3567 3507//3567 3504//3567
f 3506//3568 3509//3568 1344//3568
f 3509//3569 3508//3569 1344//3569
f 3507//3570 3510//3570 3036//3570
f 3509//3571 3511//3571 3508//3571
f 3511//3572 3507//3572 3508//3572
f 3511//3573 3512//3573 3507//3573
f 3513//3574 3514//3574 3515//3574
f 3507//3575 3516//3575 3510//3575
f 3512//3576 3516//3576 3507//3576
f 3513//3577 3517//3577 3514//3577
f 3518//3578 3510//3578 3516//3578
f 3519//3579 3036//3579 3510//3579
f 3510//3580 3520//3580 3519//3580
f 3211//3581 3517//3581 3521//3581
f 3211//3582 3521//3582 3229//3582
f 3034//3583 3036//3583 3519//3583
f 2089//3584 2088//3584 2111//3584
f 3522//3585 3523//3585 3034//3585
f 221//3586 3034//3586 3523//3586
f 3524//3587 3525//3587 3526//3587
f 221//3588 1349//3588 1348//3588
f 3527//3589 3528//3589 3529//3589
f 3527//3590 3530//3590 3528//3590
f 3531//3591 3528//3591 3530//3591
f 3528//3592 3531//3592 3532//3592
f 3531//3593 3533//3593 3532//3593
f 3505//3594 3534//3594 3535//3594
f 3534//3595 3536//3595 3537//3595
f 3537//3596 3535//3596 3534//3596
f 1406//3597 1394//3597 3538//3597
f 3537//3598 3536//3598 2046//3598
f 1406//3599 1390//3599 1394//3599
f 3535//3600 3537//3600 2042//3600
f 1390//3601 3539//3601 1402//3601
f 1390//3602 1406//3602 1405//3602
f 1405//3603 3540//3603 1390//3603
f 3505//3604 3535//3604 2034//3604
f 2042//3605 2034//3605 3535//3605
f 2037//3606 3505//3606 2034//3606
f 2038//3607 2033//3607 1066//3607
f 2037//3608 2030//3608 2033//3608
f 1405//3609 901//3609 1409//3609
f 3541//3610 3542//3610 2019//3610
f 3542//3611 3543//3611 2012//3611
f 3542//3612 2012//3612 2011//3612
f 905//3613 3544//3613 1408//3613
f 905//3614 1415//3614 3545//3614
f 905//3615 3545//3615 3544//3615
f 1414//3616 3545//3616 1415//3616
f 1414//3617 909//3617 1417//3617
f 3546//3618 3547//3618 3548//3618
f 1423//3619 993//3619 1445//3619
f 3546//3620 3549//3620 3550//3620
f 1430//3621 1426//3621 1413//3621
f 1426//3622 3551//3622 1447//3622
f 3552//3623 1424//3623 1422//3623
f 1444//3624 1470//3624 1445//3624
f 3553//3625 1424//3625 3552//3625
f 3553//3626 1451//3626 1424//3626
f 3554//3627 3555//3627 3556//3627
f 3554//3628 3557//3628 3555//3628
f 3558//3629 1430//3629 1453//3629
f 1430//3630 3558//3630 1426//3630
f 1971//3631 3559//3631 1979//3631
f 3551//3632 1426//3632 3560//3632
f 3558//3633 3560//3633 1426//3633
f 1971//3634 1967//3634 2012//3634
f 3543//3635 1971//3635 2012//3635
f 2012//3636 1967//3636 1966//3636
f 1465//3637 3561//3637 1452//3637
f 3562//3638 1460//3638 1459//3638
f 3561//3639 1449//3639 1437//3639
f 1449//3640 3561//3640 3563//3640
f 3561//3641 1467//3641 3563//3641
f 3561//3642 1465//3642 1380//3642
f 1467//3643 3561//3643 1380//3643
f 3564//3644 3565//3644 3566//3644
f 1468//3645 1463//3645 1461//3645
f 3567//3646 1473//3646 3564//3646
f 3568//3647 1471//3647 3567//3647
f 1468//3648 1474//3648 1463//3648
f 1959//3649 1958//3649 3569//3649
f 3570//3650 1471//3650 3568//3650
f 3570//3651 3571//3651 1471//3651
f 1445//3652 1480//3652 1423//3652
f 3571//3653 3572//3653 1514//3653
f 1482//3654 1468//3654 1460//3654
f 1959//3655 3573//3655 1960//3655
f 1959//3656 3569//3656 3574//3656
f 3575//3657 1959//3657 3574//3657
f 1959//3658 3575//3658 1939//3658
f 1939//3659 3573//3659 1959//3659
f 3576//3660 1939//3660 3575//3660
f 3576//3661 1945//3661 1939//3661
f 3573//3662 1939//3662 1808//3662
f 3577//3663 1423//3663 1480//3663
f 1487//3664 3572//3664 1485//3664
f 3578//3665 1930//3665 1935//3665
f 3579//3666 1930//3666 3578//3666
f 1932//3667 1930//3667 3579//3667
f 1930//3668 1828//3668 1809//3668
f 1854//3669 3580//3669 3581//3669
f 1483//3670 1468//3670 1484//3670
f 3572//3671 1487//3671 1506//3671
f 3582//3672 3394//3672 3395//3672
f 3582//3673 3502//3673 3394//3673
f 1490//3674 1498//3674 1487//3674
f 1490//3675 1496//3675 1498//3675
f 1497//3676 1496//3676 1499//3676
f 1501//3677 1448//3677 1503//3677
f 3583//3678 1518//3678 1515//3678
f 1515//3679 1513//3679 1572//3679
f 1515//3680 1528//3680 3583//3680
f 1515//3681 1572//3681 1528//3681
f 1528//3682 3584//3682 3583//3682
f 3585//3683 1905//3683 3586//3683
f 1905//3684 3585//3684 3587//3684
f 3587//3685 3588//3685 1905//3685
f 1854//3686 3582//3686 3589//3686
f 3584//3687 1528//3687 1527//3687
f 1854//3688 1855//3688 3590//3688
f 1527//3689 1526//3689 1531//3689
f 1526//3690 3591//3690 1530//3690
f 1526//3691 3592//3691 3591//3691
f 3593//3692 3592//3692 1526//3692
f 1526//3693 3594//3693 3593//3693
f 1906//3694 1905//3694 3595//3694
f 1526//3695 3596//3695 3594//3695
f 1526//3696 3597//3696 3596//3696
f 3598//3697 3599//3697 1526//3697
f 1526//3698 3600//3698 3598//3698
f 3601//3699 1898//3699 3602//3699
f 3600//3700 1526//3700 3603//3700
f 3604//3701 3601//3701 3602//3701
f 3604//3702 1898//3702 3601//3702
f 1895//3703 3604//3703 3602//3703
f 1898//3704 3604//3704 1894//3704
f 3604//3705 1895//3705 1894//3705
f 1895//3706 3305//3706 3605//3706
f 1540//3707 3606//3707 1545//3707
f 1895//3708 3605//3708 1896//3708
f 3607//3709 3608//3709 3609//3709
f 3607//3710 3610//3710 3608//3710
f 1540//3711 1534//3711 1548//3711
f 1526//3712 1549//3712 3603//3712
f 3611//3713 1540//3713 1548//3713
f 3603//3714 1549//3714 1565//3714
f 3612//3715 3613//3715 3608//3715
f 3614//3716 3612//3716 3610//3716
f 3615//3717 1547//3717 1550//3717
f 3614//3718 3616//3718 3612//3718
f 3616//3719 3614//3719 3617//3719
f 3618//3720 3616//3720 3617//3720
f 1884//3721 1874//3721 1873//3721
f 1874//3722 1881//3722 3619//3722
f 1554//3723 1553//3723 3620//3723
f 1554//3724 3621//3724 1555//3724
f 1205//3725 1567//3725 1556//3725
f 1549//3726 1528//3726 1572//3726
f 1205//3727 1557//3727 1558//3727
f 1874//3728 3619//3728 3622//3728
f 3623//3729 1622//3729 1879//3729
f 3616//3730 3624//3730 3612//3730
f 3624//3731 3616//3731 3625//3731
f 3625//3732 3616//3732 3626//3732
f 3625//3733 3626//3733 3627//3733
f 3628//3734 3624//3734 3625//3734
f 3629//3735 3628//3735 3630//3735
f 1876//3736 3631//3736 1879//3736
f 1876//3737 1878//3737 3632//3737
f 1572//3738 1560//3738 1549//3738
f 3633//3739 3631//3739 3634//3739
f 1205//3740 1197//3740 1569//3740
f 1569//3741 1197//3741 1200//3741
f 3635//3742 3631//3742 3633//3742
f 1563//3743 1560//3743 3636//3743
f 3637//3744 3631//3744 3635//3744
f 3624//3745 3628//3745 3629//3745
f 1874//3746 3622//3746 1875//3746
f 3636//3747 1560//3747 3638//3747
f 3639//3748 3638//3748 1560//3748
f 1560//3749 1572//3749 3639//3749
f 1572//3750 1571//3750 3639//3750
f 3629//3751 3613//3751 3624//3751
f 3629//3752 3640//3752 3613//3752
f 1200//3753 1577//3753 1576//3753
f 3641//3754 1576//3754 1578//3754
f 3642//3755 3643//3755 3644//3755
f 1581//3756 1584//3756 1582//3756
f 1586//3757 3645//3757 1584//3757
f 3646//3758 3647//3758 3648//3758
f 1861//3759 3033//3759 1869//3759
f 1861//3760 1863//3760 3649//3760
f 1861//3761 1859//3761 3033//3761
f 3645//3762 3650//3762 3651//3762
f 1861//3763 3649//3763 3652//3763
f 3653//3764 3645//3764 3000//3764
f 1586//3765 3000//3765 3645//3765
f 3653//3766 3654//3766 3650//3766
f 1861//3767 3652//3767 1860//3767
f 2999//3768 3654//3768 3653//3768
f 3655//3769 1906//3769 3595//3769
f 2999//3770 3653//3770 3000//3770
f 3655//3771 3595//3771 3656//3771
f 1854//3772 3581//3772 1847//3772
f 3656//3773 1906//3773 3655//3773
f 3001//3774 3000//3774 1586//3774
f 1906//3775 3656//3775 1831//3775
f 1830//3776 1831//3776 3656//3776
f 1852//3777 1842//3777 1841//3777
f 1841//3778 1840//3778 3657//3778
f 3658//3779 3659//3779 3660//3779
f 3660//3780 3661//3780 3662//3780
f 1835//3781 1838//3781 1832//3781
f 1565//3782 3663//3782 3600//3782
f 3497//3783 3664//3783 3665//3783
f 3666//3784 1623//3784 3667//3784
f 1623//3785 3666//3785 3668//3785
f 3669//3786 3495//3786 3497//3786
f 3495//3787 3670//3787 3496//3787
f 3497//3788 3671//3788 3672//3788
f 3486//3789 3673//3789 3271//3789
f 3674//3790 3675//3790 3482//3790
f 3676//3791 3677//3791 3673//3791
f 3486//3792 3678//3792 3676//3792
f 3669//3793 3679//3793 3670//3793
f 2090//3794 3678//3794 3486//3794
f 3674//3795 3648//3795 3680//3795
f 3674//3796 3681//3796 3648//3796
f 3682//3797 3681//3797 3674//3797
f 3682//3798 3674//3798 3482//3798
f 3682//3799 3683//3799 3684//3799
f 3681//3800 3682//3800 3684//3800
f 1815//3801 1828//3801 1812//3801
f 1828//3802 1815//3802 1809//3802
f 3685//3803 3599//3803 3598//3803
f 3686//3804 3685//3804 3687//3804
f 3623//3805 3688//3805 1622//3805
f 3689//3806 3690//3806 1624//3806
f 3685//3807 3691//3807 2992//3807
f 3691//3808 3685//3808 3686//3808
f 1780//3809 1786//3809 3692//3809
f 1784//3810 1782//3810 1772//3810
f 1771//3811 1772//3811 1782//3811
f 1771//3812 1780//3812 1766//3812
f 1700//3813 1783//3813 1772//3813
f 1783//3814 1700//3814 3693//3814
f 3694//3815 1772//3815 3695//3815
f 3691//3816 3686//3816 3696//3816
f 1772//3817 1770//3817 3695//3817
f 1772//3818 1771//3818 1768//3818
f 3681//3819 3684//3819 3697//3819
f 3698//3820 2990//3820 3691//3820
f 3646//3821 3681//3821 3697//3821
f 3648//3822 3681//3822 3646//3822
f 3691//3823 2990//3823 2992//3823
f 3698//3824 3699//3824 3700//3824
f 3047//3825 1681//3825 3048//3825
f 3701//3826 3702//3826 3703//3826
f 1661//3827 1685//3827 1688//3827
f 3701//3828 3704//3828 3705//3828
f 3701//3829 3706//3829 3704//3829
f 1681//3830 3047//3830 3707//3830
f 3707//3831 1690//3831 1681//3831
f 2768//3832 2772//3832 2775//3832
f 1700//3833 1699//3833 1702//3833
f 1702//3834 3693//3834 1700//3834
f 1702//3835 1701//3835 1705//3835
f 1701//3836 1699//3836 1734//3836
f 1735//3837 1734//3837 1731//3837
f 1735//3838 1731//3838 1733//3838
f 3708//3839 3709//3839 3710//3839
f 3709//3840 3711//3840 3712//3840
f 1735//3841 1733//3841 3713//3841
f 2990//3842 3698//3842 3700//3842
f 3714//3843 3715//3843 3716//3843
f 3715//3844 1704//3844 3716//3844
f 1735//3845 3713//3845 3716//3845
f 3716//3846 3717//3846 1686//3846
f 2991//3847 2990//3847 3700//3847
f 1704//3848 1701//3848 1735//3848
f 1735//3849 3716//3849 1704//3849
f 1686//3850 3718//3850 1692//3850
f 3719//3851 3720//3851 3721//3851
f 2991//3852 3700//3852 3722//3852
f 3716//3853 1686//3853 3714//3853
f 3723//3854 3724//3854 3725//3854
f 3726//3855 3727//3855 3728//3855
f 3729//3856 3726//3856 3728//3856
f 3730//3857 3726//3857 3731//3857
f 3703//3858 3730//3858 3732//3858
f 3733//3859 3734//3859 3709//3859
f 3735//3860 3732//3860 3736//3860
f 3732//3861 3735//3861 3703//3861
f 3700//3862 3737//3862 3738//3862
f 1686//3863 3739//3863 3714//3863
f 3740//3864 3741//3864 3709//3864
f 3709//3865 3742//3865 3740//3865
f 1686//3866 1690//3866 3739//3866
f 3742//3867 3743//3867 3740//3867
f 3744//3868 3745//3868 3746//3868
f 1686//3869 1684//3869 1690//3869
f 3705//3870 3747//3870 3701//3870
f 3740//3871 3743//3871 3748//3871
f 3748//3872 3749//3872 3740//3872
f 3748//3873 3750//3873 3751//3873
f 3700//3874 3699//3874 3752//3874
f 3699//3875 3696//3875 3753//3875
f 3745//3876 3754//3876 3647//3876
f 3684//3877 3755//3877 3697//3877
f 3646//3878 3697//3878 3745//3878
f 3696//3879 3756//3879 3757//3879
f 3756//3880 3696//3880 3758//3880
f 1700//3881 3759//3881 1769//3881
f 1700//3882 3760//3882 3759//3882
f 3761//3883 3701//3883 3762//3883
f 3761//3884 3763//3884 3764//3884
f 3702//3885 3701//3885 3765//3885
f 3702//3886 3765//3886 3766//3886
f 3766//3887 3765//3887 3767//3887
f 3767//3888 3768//3888 3766//3888
f 3769//3889 3770//3889 3771//3889
f 3769//3890 3772//3890 3770//3890
f 3769//3891 3773//3891 3772//3891
f 3774//3892 3773//3892 3769//3892
f 3678//3893 3775//3893 3676//3893
f 3776//3894 3678//3894 3777//3894
f 3778//3895 1808//3895 3779//3895
f 3599//3896 3685//3896 2992//3896
f 3598//3897 3687//3897 3685//3897
f 3679//3898 3780//3898 3670//3898
f 3682//3899 3482//3899 3245//3899
f 3679//3900 3669//3900 3672//3900
f 3674//3901 3680//3901 3675//3901
f 3673//3902 3486//3902 3676//3902
f 3672//3903 3669//3903 3497//3903
f 3598//3904 3600//3904 3687//3904
f 3481//3905 3482//3905 3675//3905
f 1623//3906 1622//3906 3688//3906
f 1623//3907 3689//3907 1624//3907
f 3675//3908 3781//3908 3481//3908
f 3670//3909 3495//3909 3669//3909
f 3600//3910 3758//3910 3687//3910
f 3689//3911 1623//3911 3782//3911
f 1623//3912 3668//3912 3782//3912
f 3758//3913 3783//3913 3784//3913
f 3675//3914 3785//3914 3786//3914
f 3497//3915 3665//3915 3671//3915
f 3787//3916 3781//3916 3788//3916
f 3667//3917 1623//3917 3789//3917
f 3688//3918 3789//3918 1623//3918
f 3790//3919 3667//3919 3789//3919
f 3688//3920 3623//3920 3791//3920
f 3664//3921 3497//3921 3792//3921
f 3792//3922 3793//3922 3664//3922
f 3792//3923 3497//3923 2078//3923
f 3644//3924 3794//3924 3795//3924
f 3795//3925 3663//3925 3644//3925
f 3663//3926 3795//3926 3783//3926
f 1833//3927 3796//3927 1834//3927
f 3783//3928 3600//3928 3663//3928
f 3644//3929 3663//3929 1565//3929
f 1834//3930 3797//3930 1835//3930
f 1841//3931 3798//3931 3799//3931
f 3800//3932 3801//3932 3802//3932
f 3802//3933 3803//3933 3800//3933
f 3661//3934 3804//3934 3801//3934
f 3801//3935 3804//3935 3802//3935
f 1841//3936 3657//3936 3798//3936
f 3661//3937 3660//3937 3659//3937
f 3659//3938 3804//3938 3661//3938
f 3659//3939 3658//3939 3805//3939
f 3805//3940 3804//3940 3659//3940
f 3802//3941 3804//3941 3805//3941
f 3003//3942 3002//3942 3805//3942
f 3001//3943 3805//3943 3002//3943
f 3787//3944 3788//3944 3806//3944
f 3805//3945 3001//3945 1586//3945
f 3787//3946 3806//3946 3478//3946
f 3478//3947 3807//3947 3808//3947
f 3478//3948 3806//3948 3807//3948
f 3631//3949 3637//3949 3809//3949
f 3650//3950 3645//3950 3653//3950
f 3810//3951 3811//3951 3812//3951
f 1581//3952 3805//3952 1586//3952
f 3805//3953 1581//3953 3802//3953
f 3680//3954 3813//3954 3785//3954
f 3813//3955 3814//3955 3785//3955
f 3815//3956 3794//3956 3644//3956
f 3643//3957 3815//3957 3644//3957
f 3810//3958 3812//3958 3816//3958
f 1581//3959 1580//3959 3803//3959
f 3803//3960 3802//3960 1581//3960
f 3644//3961 1559//3961 3642//3961
f 3810//3962 3816//3962 3817//3962
f 1559//3963 3644//3963 1565//3963
f 3613//3964 3812//3964 3595//3964
f 3613//3965 3612//3965 3624//3965
f 3809//3966 3818//3966 3631//3966
f 1876//3967 3634//3967 3631//3967
f 3631//3968 3819//3968 1879//3968
f 3820//3969 1879//3969 3819//3969
f 3623//3970 1879//3970 3820//3970
f 3621//3971 3821//3971 1555//3971
f 1550//3972 1537//3972 3822//3972
f 1551//3973 1547//3973 3615//3973
f 3608//3974 3610//3974 3612//3974
f 3823//3975 3753//3975 3647//3975
f 3600//3976 3603//3976 1565//3976
f 1905//3977 3608//3977 3613//3977
f 3595//3978 1905//3978 3613//3978
f 3824//3979 3606//3979 3825//3979
f 3826//3980 3609//3980 3608//3980
f 3825//3981 3553//3981 3824//3981
f 1546//3982 1544//3982 1540//3982
f 3824//3983 3553//3983 3827//3983
f 1905//3984 3826//3984 3608//3984
f 3826//3985 1905//3985 3828//3985
f 3828//3986 1905//3986 3829//3986
f 3830//3987 3727//3987 3831//3987
f 3832//3988 3829//3988 1905//3988
f 3830//3989 3833//3989 3727//3989
f 3830//3990 3834//3990 3835//3990
f 3836//3991 3833//3991 3830//3991
f 3836//3992 3830//3992 3835//3992
f 3832//3993 1905//3993 3588//3993
f 3837//3994 3712//3994 3711//3994
f 3838//3995 3712//3995 3839//3995
f 3837//3996 3839//3996 3712//3996
f 3839//3997 3837//3997 3840//3997
f 3841//3998 3842//3998 3843//3998
f 3841//3999 3590//3999 1855//3999
f 3582//4000 1854//4000 3590//4000
f 3844//4001 3843//4001 2075//4001
f 3502//4002 3590//4002 3844//4002
f 2075//4003 2038//4003 3844//4003
f 2038//4004 2075//4004 2074//4004
f 3502//4005 3844//4005 2038//4005
f 1487//4006 3845//4006 1491//4006
f 3502//4007 3582//4007 3590//4007
f 3586//4008 1905//4008 3846//4008
f 3582//4009 3395//4009 3580//4009
f 3846//4010 1905//4010 1921//4010
f 3573//4011 3778//4011 1960//4011
f 3847//4012 3848//4012 3849//4012
f 1962//4013 1960//4013 3850//4013
f 3851//4014 3847//4014 3852//4014
f 3565//4015 3564//4015 1473//4015
f 3853//4016 3854//4016 3810//4016
f 3565//4017 3855//4017 3566//4017
f 3810//4018 3856//4018 3853//4018
f 3810//4019 3817//4019 3857//4019
f 3854//4020 3811//4020 3810//4020
f 1437//4021 1452//4021 3561//4021
f 1481//4022 1460//4022 3562//4022
f 1481//4023 3562//4023 3858//4023
f 3858//4024 3859//4024 1481//4024
f 3858//4025 3562//4025 3860//4025
f 3560//4026 3558//4026 3861//4026
f 3825//4027 1451//4027 3553//4027
f 3557//4028 3554//4028 93//4028
f 1465//4029 1452//4029 1428//4029
f 3554//4030 3556//4030 3862//4030
f 1465//4031 1428//4031 3863//4031
f 3862//4032 3864//4032 3554//4032
f 3864//4033 3862//4033 3865//4033
f 3864//4034 3865//4034 3866//4034
f 3864//4035 3866//4035 3867//4035
f 3547//4036 3546//4036 3868//4036
f 1427//4037 3869//4037 1428//4037
f 3870//4038 3869//4038 1427//4038
f 2008//4039 2007//4039 3871//4039
f 1966//4040 3871//4040 2007//4040
f 1966//4041 2007//4041 2012//4041
f 2019//4042 3542//4042 2011//4042
f 2019//4043 3872//4043 3541//4043
f 3873//4044 2044//4044 2046//4044
f 2046//4045 2042//4045 3537//4045
f 2046//4046 3874//4046 3873//4046
f 3536//4047 3874//4047 2046//4047
f 1381//4048 3532//4048 1366//4048
f 3532//4049 1381//4049 3875//4049
f 3532//4050 1367//4050 1366//4050
f 1367//4051 3532//4051 3533//4051
f 3874//4052 3536//4052 3876//4052
f 3875//4053 3528//4053 3532//4053
f 3876//4054 3877//4054 3874//4054
f 3876//4055 3536//4055 3878//4055
f 3878//4056 3879//4056 3876//4056
f 3534//4057 3878//4057 3536//4057
f 1349//4058 1346//4058 1348//4058
f 3878//4059 3534//4059 3880//4059
f 3880//4060 3879//4060 3878//4060
f 1349//4061 221//4061 3523//4061
f 3519//4062 3522//4062 3034//4062
f 3517//4063 2089//4063 3521//4063
f 3521//4064 2089//4064 3881//4064
f 2356//4065 3521//4065 3881//4065
f 3521//4066 2356//4066 3229//4066
f 3882//4067 3528//4067 3883//4067
f 3520//4068 3510//4068 3518//4068
f 3880//4069 3884//4069 3879//4069
f 3211//4070 3514//4070 3517//4070
f 3211//4071 3212//4071 3514//4071
f 3515//4072 3514//4072 3212//4072
f 3885//4073 3529//4073 3528//4073
f 3212//4074 3886//4074 3515//4074
f 2077//4075 3887//4075 3880//4075
f 3880//4076 3503//4076 2077//4076
f 3880//4077 3505//4077 3503//4077
f 3505//4078 3880//4078 3534//4078
f 3513//4079 3515//4079 3888//4079
f 2038//4080 3503//4080 3505//4080
f 3889//4081 3885//4081 3528//4081
f 3889//4082 3528//4082 3890//4082
f 3882//4083 3499//4083 3528//4083
f 3890//4084 3499//4084 3891//4084
f 2077//4085 2076//4085 3494//4085
f 2090//4086 2089//4086 3517//4086
f 3493//4087 3892//4087 3893//4087
f 3494//4088 3493//4088 3894//4088
f 3895//4089 3896//4089 3883//4089
f 3897//4090 3895//4090 3883//4090
f 3883//4091 3898//4091 3897//4091
f 3897//4092 3898//4092 3899//4092
f 3899//4093 3898//4093 3900//4093
f 3898//4094 3901//4094 3902//4094
f 3901//4095 3898//4095 3903//4095
f 3903//4096 3904//4096 3901//4096
f 2111//4097 3881//4097 2089//4097
f 3898//4098 3905//4098 3903//4098
f 3903//4099 3906//4099 3904//4099
f 2110//4100 3881//4100 2111//4100
f 2110//4101 3907//4101 3881//4101
f 3907//4102 2356//4102 3881//4102
f 3781//4103 3480//4103 3481//4103
f 3903//4104 3908//4104 3909//4104
f 3480//4105 3781//4105 3787//4105
f 3787//4106 3223//4106 3480//4106
f 3478//4107 3808//4107 3910//4107
f 3787//4108 3478//4108 3223//4108
f 3907//4109 3476//4109 2356//4109
f 3910//4110 3479//4110 3478//4110
f 797//4111 3223//4111 3478//4111
f 3477//4112 3911//4112 3474//4112
f 2356//4113 3474//4113 2357//4113
f 3474//4114 3284//4114 3472//4114
f 2255//4115 3912//4115 2256//4115
f 3493//4116 3893//4116 3913//4116
f 3914//4117 3469//4117 3466//4117
f 3469//4118 3914//4118 3915//4118
f 3914//4119 3466//4119 3467//4119
f 473//4120 1249//4120 3467//4120
f 3916//4121 3325//4121 3463//4121
f 3917//4122 3325//4122 3916//4122
f 3918//4123 1249//4123 3462//4123
f 3458//4124 3918//4124 3462//4124
f 3918//4125 3458//4125 3919//4125
f 3456//4126 3325//4126 3917//4126
f 3919//4127 3458//4127 3454//4127
f 3456//4128 3324//4128 3325//4128
f 3458//4129 3450//4129 3451//4129
f 3324//4130 3457//4130 3446//4130
f 3446//4131 3447//4131 3324//4131
f 3446//4132 3456//4132 3433//4132
f 1214//4133 1215//4133 3920//4133
f 1097//4134 1214//4134 1100//4134
f 1214//4135 3921//4135 1100//4135
f 3922//4136 1214//4136 3920//4136
f 3922//4137 3920//4137 3923//4137
f 1214//4138 3922//4138 3924//4138
f 3409//4139 3925//4139 1120//4139
f 3443//4140 3266//4140 3447//4140
f 3437//4141 3438//4141 3926//4141
f 3437//4142 3926//4142 3927//4142
f 3927//4143 3928//4143 3929//4143
f 3927//4144 3929//4144 3439//4144
f 3930//4145 3441//4145 3288//4145
f 3930//4146 3931//4146 3932//4146
f 228//4147 57//4147 3440//4147
f 3932//4148 3441//4148 3930//4148
f 3933//4149 3934//4149 3935//4149
f 3443//4150 3433//4150 3442//4150
f 3269//4151 3442//4151 3285//4151
f 720//4152 3936//4152 709//4152
f 3936//4153 720//4153 3937//4153
f 3938//4154 3937//4154 720//4154
f 3195//4155 3932//4155 3931//4155
f 3936//4156 3937//4156 276//4156
f 3939//4157 3940//4157 3941//4157
f 3942//4158 3943//4158 3944//4158
f 3945//4159 3946//4159 3947//4159
f 3944//4160 3927//4160 3942//4160
f 3926//4161 3947//4161 3942//4161
f 3926//4162 3942//4162 3927//4162
f 3947//4163 3926//4163 3948//4163
f 3947//4164 3949//4164 3945//4164
f 3949//4165 3947//4165 3948//4165
f 3926//4166 3445//4166 3948//4166
f 3439//4167 3950//4167 3951//4167
f 3431//4168 3442//4168 3433//4168
f 3431//4169 3285//4169 3442//4169
f 3435//4170 3951//4170 3952//4170
f 3435//4171 3952//4171 3436//4171
f 3953//4172 3954//4172 3955//4172
f 3285//4173 3431//4173 3430//4173
f 3426//4174 3434//4174 3436//4174
f 3426//4175 3429//4175 3434//4175
f 3429//4176 1120//4176 3444//4176
f 3433//4177 3456//4177 3432//4177
f 3430//4178 3432//4178 3956//4178
f 3957//4179 3956//4179 3432//4179
f 3432//4180 3958//4180 3957//4180
f 3956//4181 3957//4181 3959//4181
f 580//4182 581//4182 3427//4182
f 3424//4183 3959//4183 3957//4183
f 3456//4184 3424//4184 3432//4184
f 3959//4185 3424//4185 3960//4185
f 3960//4186 3424//4186 3423//4186
f 3424//4187 3456//4187 3425//4187
f 580//4188 3414//4188 589//4188
f 3410//4189 2200//4189 2199//4189
f 3961//4190 2199//4190 3962//4190
f 2206//4191 3406//4191 2202//4191
f 3257//4192 2205//4192 2211//4192
f 3924//4193 3922//4193 1111//4193
f 3409//4194 1111//4194 3922//4194
f 1110//4195 3924//4195 1111//4195
f 3963//4196 1110//4196 1108//4196
f 3924//4197 1110//4197 3921//4197
f 2233//4198 2231//4198 2235//4198
f 3397//4199 3396//4199 2237//4199
f 1089//4200 1088//4200 1214//4200
f 1089//4201 3964//4201 1090//4201
f 1096//4202 3965//4202 1089//4202
f 2237//4203 3389//4203 3397//4203
f 3397//4204 3966//4204 3398//4204
f 3389//4205 3967//4205 3397//4205
f 3397//4206 3967//4206 3968//4206
f 3967//4207 3389//4207 3393//4207
f 3969//4208 3970//4208 3971//4208
f 3392//4209 3385//4209 3391//4209
f 3475//4210 3972//4210 2355//4210
f 2264//4211 3379//4211 2265//4211
f 3378//4212 3380//4212 2264//4212
f 2264//4213 3973//4213 3377//4213
f 2264//4214 3374//4214 3973//4214
f 1098//4215 3375//4215 1096//4215
f 2268//4216 12//4216 11//4216
f 3362//4217 2244//4217 3364//4217
f 3354//4218 3355//4218 3974//4218
f 1031//4219 3376//4219 1018//4219
f 1025//4220 3965//4220 1027//4220
f 3975//4221 3976//4221 3977//4221
f 3977//4222 3976//4222 3978//4222
f 1108//4223 1107//4223 3348//4223
f 3348//4224 3979//4224 3980//4224
f 3348//4225 3981//4225 3979//4225
f 3981//4226 3348//4226 3350//4226
f 3353//4227 1122//4227 3351//4227
f 3974//4228 2592//4228 3354//4228
f 3353//4229 3349//4229 3348//4229
f 3351//4230 3982//4230 3352//4230
f 3353//4231 3983//4231 3349//4231
f 3353//4232 3352//4232 3983//4232
f 3953//4233 3984//4233 3985//4233
f 3953//4234 3986//4234 3984//4234
f 3987//4235 3953//4235 3988//4235
f 3932//4236 3347//4236 3441//4236
f 3932//4237 3195//4237 3346//4237
f 3347//4238 3932//4238 3346//4238
f 3974//4239 3989//4239 2592//4239
f 2592//4240 3990//4240 3354//4240
f 3361//4241 2272//4241 3991//4241
f 2275//4242 2274//4242 3356//4242
f 3992//4243 3361//4243 3991//4243
f 3990//4244 2592//4244 2597//4244
f 3993//4245 3992//4245 3991//4245
f 3990//4246 2278//4246 3354//4246
f 2278//4247 3990//4247 2597//4247
f 2276//4248 3994//4248 2274//4248
f 3995//4249 3996//4249 3997//4249
f 3340//4250 2930//4250 3998//4250
f 2268//4251 3999//4251 12//4251
f 2268//4252 4000//4252 3999//4252
f 967//4253 718//4253 2364//4253
f 2268//4254 2284//4254 4000//4254
f 2268//4255 2285//4255 2284//4255
f 3325//4256 4001//4256 3330//4256
f 3326//4257 3328//4257 3327//4257
f 3323//4258 4001//4258 3325//4258
f 3321//4259 3320//4259 3319//4259
f 3324//4260 3279//4260 3317//4260
f 3316//4261 3315//4261 4002//4261
f 3447//4262 3279//4262 3324//4262
f 3280//4263 3317//4263 3279//4263
f 4003//4264 3311//4264 3314//4264
f 3314//4265 4004//4265 4003//4265
f 3314//4266 3306//4266 3308//4266
f 3286//4267 3430//4267 3302//4267
f 3286//4268 3302//4268 3280//4268
f 4005//4269 3602//4269 3308//4269
f 3430//4270 3956//4270 3302//4270
f 4005//4271 4006//4271 4007//4271
f 4008//4272 3303//4272 3302//4272
f 4005//4273 4007//4273 4009//4273
f 3323//4274 3303//4274 4008//4274
f 4005//4275 4009//4275 4010//4275
f 1895//4276 4010//4276 3300//4276
f 1895//4277 4005//4277 4010//4277
f 4005//4278 1895//4278 3602//4278
f 3602//4279 1898//4279 4011//4279
f 4012//4280 4008//4280 3302//4280
f 3302//4281 3956//4281 4013//4281
f 3294//4282 3302//4282 4013//4282
f 4014//4283 1898//4283 4015//4283
f 3294//4284 3323//4284 4008//4284
f 3297//4285 3294//4285 4013//4285
f 4016//4286 4017//4286 4018//4286
f 4019//4287 4017//4287 4016//4287
f 4019//4288 4016//4288 4020//4288
f 4020//4289 4016//4289 4021//4289
f 4022//4290 4023//4290 4024//4290
f 3944//4291 3928//4291 3927//4291
f 4025//4292 4026//4292 4027//4292
f 4028//4293 4025//4293 4027//4293
f 4028//4294 4029//4294 4025//4294
f 4025//4295 4030//4295 3296//4295
f 3323//4296 3294//4296 3293//4296
f 3296//4297 4030//4297 3287//4297
f 3287//4298 4030//4298 4029//4298
f 3291//4299 3290//4299 4031//4299
f 3296//4300 3287//4300 3288//4300
f 3282//4301 4029//4301 3187//4301
f 3286//4302 3285//4302 3430//4302
f 3286//4303 3280//4303 3268//4303
f 3930//4304 3288//4304 3283//4304
f 3283//4305 3200//4305 3930//4305
f 3277//4306 3200//4306 3283//4306
f 3931//4307 3930//4307 3200//4307
f 3268//4308 3280//4308 3267//4308
f 3278//4309 845//4309 3281//4309
f 4032//4310 846//4310 3278//4310
f 3278//4311 4033//4311 4032//4311
f 3269//4312 3285//4312 3268//4312
f 3275//4313 3274//4313 3189//4313
f 3277//4314 3274//4314 3270//4314
f 3188//4315 3276//4315 3275//4315
f 3682//4316 3245//4316 4034//4316
f 4034//4317 3683//4317 3682//4317
f 2109//4318 4035//4318 4036//4318
f 4035//4319 2109//4319 4037//4319
f 4038//4320 2396//4320 4039//4320
f 4037//4321 2109//4321 3273//4321
f 3447//4322 3266//4322 3279//4322
f 3267//4323 3279//4323 3266//4323
f 4040//4324 3272//4324 3271//4324
f 4040//4325 3271//4325 3673//4325
f 3270//4326 3276//4326 4041//4326
f 4040//4327 3673//4327 4042//4327
f 729//4328 4041//4328 3207//4328
f 4040//4329 4042//4329 4043//4329
f 3270//4330 3201//4330 3277//4330
f 3182//4331 4041//4331 729//4331
f 4044//4332 4045//4332 4046//4332
f 4047//4333 4044//4333 4046//4333
f 4046//4334 4048//4334 4047//4334
f 4041//4335 3182//4335 3270//4335
f 3260//4336 2333//4336 2332//4336
f 2333//4337 478//4337 2331//4337
f 2333//4338 4049//4338 4050//4338
f 2333//4339 2334//4339 478//4339
f 3258//4340 2334//4340 4051//4340
f 4052//4341 2335//4341 3258//4341
f 3257//4342 2335//4342 4052//4342
f 2357//4343 3475//4343 2355//4343
f 3251//4344 3250//4344 3252//4344
f 3247//4345 2354//4345 2353//4345
f 2356//4346 2411//4346 3229//4346
f 3231//4347 3230//4347 2369//4347
f 2365//4348 3226//4348 3231//4348
f 2365//4349 2364//4349 3227//4349
f 3224//4350 3227//4350 2364//4350
f 2364//4351 3179//4351 3221//4351
f 3179//4352 730//4352 2380//4352
f 729//4353 2387//4353 730//4353
f 729//4354 4053//4354 2387//4354
f 4053//4355 729//4355 4054//4355
f 729//4356 4055//4356 4054//4356
f 3886//4357 3212//4357 4056//4357
f 3212//4358 3210//4358 4056//4358
f 4056//4359 4057//4359 3886//4359
f 4058//4360 729//4360 3207//4360
f 4056//4361 3210//4361 2401//4361
f 3207//4362 3206//4362 4058//4362
f 4057//4363 4056//4363 2404//4363
f 4056//4364 2401//4364 2404//4364
f 3207//4365 2396//4365 3203//4365
f 3207//4366 4039//4366 2396//4366
f 4059//4367 3202//4367 2396//4367
f 4059//4368 2396//4368 3199//4368
f 4038//4369 4060//4369 2398//4369
f 755//4370 764//4370 3192//4370
f 3931//4371 3193//4371 3195//4371
f 3193//4372 3931//4372 3200//4372
f 753//4373 746//4373 748//4373
f 3185//4374 3184//4374 4061//4374
f 3185//4375 4061//4375 4062//4375
f 3200//4376 3277//4376 3201//4376
f 3940//4377 4063//4377 4064//4377
f 3939//4378 4065//4378 3940//4378
f 4063//4379 4066//4379 4067//4379
f 729//4380 717//4380 3182//4380
f 4068//4381 4066//4381 4065//4381
f 4065//4382 4069//4382 4068//4382
f 3181//4383 4070//4383 3180//4383
f 4071//4384 4069//4384 4065//4384
f 3173//4385 3044//4385 3175//4385
f 4071//4386 4065//4386 3939//4386
f 3174//4387 3175//4387 4072//4387
f 4073//4388 4074//4388 4075//4388
f 4075//4389 4076//4389 4073//4389
f 3938//4390 720//4390 3178//4390
f 4074//4391 4073//4391 4077//4391
f 4077//4392 4078//4392 4079//4392
f 4078//4393 4077//4393 4073//4393
f 4078//4394 3946//4394 4080//4394
f 4073//4395 4076//4395 3946//4395
f 2431//4396 4081//4396 2432//4396
f 3947//4397 3946//4397 4076//4397
f 709//4398 708//4398 712//4398
f 3946//4399 4082//4399 4083//4399
f 710//4400 2989//4400 708//4400
f 3946//4401 3945//4401 4082//4401
f 4084//4402 3945//4402 4085//4402
f 4085//4403 4086//4403 4084//4403
f 3173//4404 3181//4404 3044//4404
f 4087//4405 4088//4405 4089//4405
f 4087//4406 4090//4406 4091//4406
f 717//4407 3179//4407 718//4407
f 3179//4408 2364//4408 718//4408
f 3171//4409 3172//4409 4092//4409
f 4087//4410 4093//4410 4088//4410
f 3127//4411 3172//4411 3125//4411
f 4087//4412 4094//4412 4093//4412
f 4091//4413 3923//4413 4087//4413
f 1853//4414 3164//4414 1859//4414
f 4094//4415 4087//4415 2435//4415
f 2436//4416 2435//4416 4087//4416
f 3923//4417 2436//4417 4087//4417
f 2436//4418 3923//4418 2437//4418
f 2440//4419 3923//4419 3920//4419
f 2437//4420 3923//4420 2440//4420
f 4095//4421 4096//4421 4097//4421
f 4097//4422 4098//4422 4095//4422
f 2437//4423 2440//4423 2435//4423
f 4099//4424 2457//4424 2456//4424
f 4100//4425 2460//4425 2459//4425
f 3163//4426 2460//4426 4100//4426
f 3654//4427 2999//4427 3163//4427
f 2469//4428 2967//4428 2996//4428
f 2560//4429 2561//4429 2562//4429
f 2560//4430 3159//4430 3158//4430
f 2560//4431 3157//4431 2565//4431
f 4101//4432 3059//4432 4102//4432
f 3108//4433 3145//4433 3071//4433
f 3108//4434 3092//4434 4103//4434
f 3067//4435 3064//4435 3138//4435
f 3143//4436 2575//4436 3133//4436
f 4104//4437 3143//4437 3133//4437
f 3133//4438 3132//4438 4104//4438
f 671//4439 3137//4439 3131//4439
f 3133//4440 3135//4440 4105//4440
f 3126//4441 3131//4441 4106//4441
f 4107//4442 3126//4442 4106//4442
f 3126//4443 4107//4443 4108//4443
f 4105//4444 4109//4444 3133//4444
f 3134//4445 3133//4445 4109//4445
f 3138//4446 3128//4446 3067//4446
f 4110//4447 655//4447 666//4447
f 3126//4448 4108//4448 4111//4448
f 3109//4449 3129//4449 3128//4449
f 3128//4450 3139//4450 3109//4450
f 4112//4451 3132//4451 3134//4451
f 3139//4452 3142//4452 3113//4452
f 3132//4453 4112//4453 4113//4453
f 4110//4454 3122//4454 655//4454
f 3142//4455 3059//4455 4114//4455
f 3113//4456 3142//4456 4114//4456
f 4101//4457 4114//4457 3059//4457
f 4110//4458 3123//4458 3122//4458
f 4115//4459 3123//4459 4110//4459
f 3120//4460 3119//4460 647//4460
f 4116//4461 4117//4461 4104//4461
f 4101//4462 4118//4462 4114//4462
f 4118//4463 4119//4463 4114//4463
f 3113//4464 4114//4464 4119//4464
f 4120//4465 4118//4465 4101//4465
f 4119//4466 3112//4466 3113//4466
f 4118//4467 2983//4467 4119//4467
f 3112//4468 4119//4468 2983//4468
f 3111//4469 3139//4469 3113//4469
f 3116//4470 4121//4470 641//4470
f 3116//4471 617//4471 633//4471
f 3143//4472 4104//4472 4122//4472
f 4123//4473 4122//4473 4104//4473
f 3355//4474 2574//4474 3143//4474
f 3143//4475 4122//4475 3355//4475
f 3974//4476 3355//4476 4124//4476
f 3355//4477 4125//4477 4124//4477
f 3355//4478 4122//4478 4125//4478
f 4122//4479 4126//4479 4125//4479
f 4125//4480 4126//4480 4127//4480
f 3974//4481 4124//4481 4128//4481
f 4128//4482 3989//4482 3974//4482
f 4127//4483 4126//4483 4129//4483
f 3989//4484 4128//4484 4130//4484
f 558//4485 621//4485 3104//4485
f 621//4486 13//4486 3104//4486
f 4126//4487 4131//4487 4129//4487
f 4131//4488 4130//4488 4129//4488
f 3989//4489 4130//4489 4132//4489
f 4132//4490 4130//4490 4131//4490
f 4131//4491 4133//4491 4132//4491
f 4131//4492 4126//4492 4133//4492
f 3104//4493 3103//4493 3100//4493
f 558//4494 3104//4494 3100//4494
f 592//4495 586//4495 4134//4495
f 4135//4496 3096//4496 4136//4496
f 3096//4497 4135//4497 3092//4497
f 4137//4498 4133//4498 4126//4498
f 580//4499 584//4499 583//4499
f 565//4500 577//4500 583//4500
f 3100//4501 574//4501 576//4501
f 4138//4502 4123//4502 4104//4502
f 4138//4503 4137//4503 4123//4503
f 4139//4504 573//4504 565//4504
f 3111//4505 3109//4505 3139//4505
f 4138//4506 4133//4506 4137//4506
f 3109//4507 3093//4507 590//4507
f 3094//4508 590//4508 558//4508
f 4138//4509 3088//4509 4132//4509
f 3109//4510 590//4510 4140//4510
f 4140//4511 590//4511 3094//4511
f 3094//4512 4141//4512 4140//4512
f 560//4513 4142//4513 3094//4513
f 4142//4514 560//4514 4143//4514
f 526//4515 528//4515 4144//4515
f 4142//4516 4145//4516 4141//4516
f 4146//4517 4141//4517 4147//4517
f 510//4518 3068//4518 3090//4518
f 4132//4519 3088//4519 3989//4519
f 3989//4520 3088//4520 2592//4520
f 3087//4521 511//4521 510//4521
f 4104//4522 4117//4522 4138//4522
f 3088//4523 4138//4523 4117//4523
f 4117//4524 2590//4524 3088//4524
f 4146//4525 3066//4525 4141//4525
f 4117//4526 3052//4526 2590//4526
f 4117//4527 4116//4527 3052//4527
f 4148//4528 3800//4528 3063//4528
f 4148//4529 3063//4529 4149//4529
f 3078//4530 4148//4530 4149//4530
f 3066//4531 4146//4531 4150//4531
f 3066//4532 4150//4532 3079//4532
f 3078//4533 3075//4533 4151//4533
f 3072//4534 3066//4534 3080//4534
f 3072//4535 3080//4535 4152//4535
f 3072//4536 4152//4536 4153//4536
f 4149//4537 3076//4537 3078//4537
f 2540//4538 3045//4538 3071//4538
f 3074//4539 3076//4539 3056//4539
f 3056//4540 4154//4540 3074//4540
f 4149//4541 3056//4541 3076//4541
f 3056//4542 3052//4542 4154//4542
f 3063//4543 3056//4543 4149//4543
f 3055//4544 3056//4544 3063//4544
f 3063//4545 2580//4545 3055//4545
f 2398//4546 4060//4546 3064//4546
f 3065//4547 3064//4547 4060//4547
f 3063//4548 3800//4548 3803//4548
f 4155//4549 501//4549 502//4549
f 4155//4550 1044//4550 501//4550
f 3064//4551 3062//4551 3061//4551
f 3803//4552 1580//4552 3063//4552
f 3062//4553 3065//4553 3190//4553
f 3062//4554 3190//4554 4156//4554
f 3060//4555 4156//4555 3057//4555
f 4157//4556 2581//4556 2582//4556
f 3058//4557 4102//4557 3059//4557
f 4158//4558 4159//4558 3058//4558
f 3070//4559 2610//4559 2609//4559
f 4160//4560 2610//4560 3070//4560
f 3055//4561 3053//4561 3056//4561
f 2585//4562 2579//4562 2584//4562
f 2586//4563 2587//4563 2579//4563
f 4161//4564 3050//4564 470//4564
f 2589//4565 2587//4565 2618//4565
f 4158//4566 3058//4566 4162//4566
f 4163//4567 4162//4567 4164//4567
f 4162//4568 4165//4568 4164//4568
f 4165//4569 4162//4569 4156//4569
f 4166//4570 4167//4570 4168//4570
f 4063//4571 4169//4571 4170//4571
f 4171//4572 4170//4572 4172//4572
f 4171//4573 4173//4573 4170//4573
f 4174//4574 4173//4574 4171//4574
f 4170//4575 4173//4575 4175//4575
f 4176//4576 4177//4576 4178//4576
f 4179//4577 4180//4577 4178//4577
f 4180//4578 3042//4578 3180//4578
f 3042//4579 4180//4579 4181//4579
f 3043//4580 3042//4580 4181//4580
f 3045//4581 2538//4581 2539//4581
f 3045//4582 2539//4582 4182//4582
f 4181//4583 4183//4583 3043//4583
f 4184//4584 4185//4584 4181//4584
f 4184//4585 4186//4585 4185//4585
f 4186//4586 4184//4586 4187//4586
f 4180//4587 4179//4587 4188//4587
f 4181//4588 4180//4588 4188//4588
f 4184//4589 4181//4589 4188//4589
f 4188//4590 4189//4590 4184//4590
f 4190//4591 4191//4591 4192//4591
f 4192//4592 4193//4592 4190//4592
f 4193//4593 4192//4593 4194//4593
f 4195//4594 3040//4594 4193//4594
f 4194//4595 4195//4595 4193//4595
f 4195//4596 4194//4596 4196//4596
f 4187//4597 4184//4597 3040//4597
f 3040//4598 4197//4598 4187//4598
f 4198//4599 4187//4599 4199//4599
f 318//4600 3036//4600 245//4600
f 4200//4601 4201//4601 4202//4601
f 4203//4602 4202//4602 4204//4602
f 4203//4603 4205//4603 4200//4603
f 4206//4604 4203//4604 4207//4604
f 4205//4605 3937//4605 3938//4605
f 4203//4606 3937//4606 4205//4606
f 4203//4607 4208//4607 3937//4607
f 4208//4608 282//4608 3937//4608
f 3937//4609 282//4609 276//4609
f 4182//4610 4160//4610 3045//4610
f 4206//4611 4209//4611 4203//4611
f 4208//4612 4203//4612 281//4612
f 4208//4613 281//4613 282//4613
f 4209//4614 4210//4614 4203//4614
f 281//4615 4203//4615 4210//4615
f 3936//4616 276//4616 3030//4616
f 4211//4617 4160//4617 4182//4617
f 249//4618 259//4618 3023//4618
f 4160//4619 4211//4619 4212//4619
f 238//4620 244//4620 246//4620
f 238//4621 246//4621 4213//4621
f 3035//4622 3036//4622 3032//4622
f 4213//4623 213//4623 238//4623
f 3031//4624 248//4624 250//4624
f 3030//4625 3935//4625 3936//4625
f 2539//4626 4214//4626 4182//4626
f 3935//4627 3030//4627 229//4627
f 4214//4628 4215//4628 4182//4628
f 3933//4629 3935//4629 229//4629
f 2539//4630 4216//4630 4214//4630
f 3933//4631 229//4631 227//4631
f 4216//4632 2539//4632 4217//4632
f 4217//4633 2539//4633 2962//4633
f 4217//4634 4218//4634 4216//4634
f 4215//4635 4219//4635 4182//4635
f 229//4636 4220//4636 64//4636
f 4221//4637 4219//4637 4215//4637
f 4219//4638 4212//4638 4211//4638
f 4222//4639 4212//4639 4219//4639
f 4223//4640 4219//4640 4221//4640
f 4219//4641 4223//4641 4222//4641
f 134//4642 128//4642 4224//4642
f 4224//4643 128//4643 4225//4643
f 147//4644 4224//4644 150//4644
f 4226//4645 3023//4645 3026//4645
f 4226//4646 3026//4646 4227//4646
f 156//4647 4227//4647 3011//4647
f 4227//4648 4228//4648 3011//4648
f 4227//4649 3026//4649 4228//4649
f 3026//4650 4229//4650 4228//4650
f 4230//4651 4222//4651 4223//4651
f 4212//4652 4222//4652 4230//4652
f 2993//4653 4160//4653 4230//4653
f 3013//4654 3016//4654 3014//4654
f 3013//4655 4231//4655 3015//4655
f 3013//4656 3012//4656 4232//4656
f 3013//4657 4232//4657 4233//4657
f 3013//4658 3010//4658 4231//4658
f 3010//4659 3013//4659 3008//4659
f 152//4660 4234//4660 156//4660
f 3009//4661 152//4661 157//4661
f 3009//4662 154//4662 152//4662
f 4235//4663 2993//4663 4230//4663
f 4235//4664 4230//4664 4223//4664
f 4235//4665 2507//4665 2993//4665
f 2993//4666 2508//4666 2610//4666
f 2993//4667 2610//4667 4160//4667
f 4236//4668 3557//4668 93//4668
f 93//4669 4237//4669 4236//4669
f 93//4670 92//4670 4237//4670
f 93//4671 3554//4671 4238//4671
f 104//4672 94//4672 93//4672
f 93//4673 4238//4673 104//4673
f 2609//4674 2611//4674 3003//4674
f 2963//4675 2504//4675 2499//4675
f 4239//4676 4240//4676 4241//4676
f 4242//4677 4240//4677 4239//4677
f 4242//4678 4243//4678 4240//4678
f 4243//4679 4242//4679 4244//4679
f 4243//4680 4245//4680 4246//4680
f 4247//4681 4243//4681 4246//4681
f 65//4682 60//4682 57//4682
f 65//4683 4248//4683 60//4683
f 4249//4684 56//4684 4250//4684
f 4249//4685 4250//4685 4251//4685
f 710//4686 4252//4686 4253//4686
f 710//4687 4253//4687 4254//4687
f 4254//4688 2984//4688 710//4688
f 2987//4689 2989//4689 710//4689
f 2613//4690 2962//4690 2963//4690
f 2987//4691 710//4691 2985//4691
f 2985//4692 4255//4692 2987//4692
f 4256//4693 4101//4693 4098//4693
f 4257//4694 4258//4694 4098//4694
f 4258//4695 4256//4695 4098//4695
f 2982//4696 4118//4696 4120//4696
f 4120//4697 4259//4697 2982//4697
f 2983//4698 4118//4698 2981//4698
f 4118//4699 2982//4699 2981//4699
f 4235//4700 4223//4700 4218//4700
f 4218//4701 4217//4701 4235//4701
f 4217//4702 2507//4702 4235//4702
f 2507//4703 2962//4703 2613//4703
f 4217//4704 2962//4704 2507//4704
f 2617//4705 2967//4705 2974//4705
f 621//4706 10//4706 13//4706
f 2955//4707 2954//4707 2658//4707
f 2578//4708 4260//4708 2577//4708
f 2932//4709 2678//4709 2685//4709
f 2709//4710 2708//4710 2712//4710
f 2750//4711 2748//4711 2749//4711
f 2750//4712 2746//4712 2754//4712
f 2923//4713 2757//4713 2756//4713
f 2753//4714 2752//4714 2767//4714
f 2763//4715 4261//4715 2762//4715
f 2926//4716 2925//4716 2929//4716
f 2763//4717 2760//4717 2766//4717
f 3115//4718 617//4718 3116//4718
f 3115//4719 3116//4719 640//4719
f 3606//4720 1540//4720 3611//4720
f 4262//4721 1584//4721 3645//4721
f 4262//4722 3645//4722 3651//4722
f 3003//4723 3805//4723 3658//4723
f 4263//4724 3721//4724 3744//4724
f 3721//4725 4263//4725 4264//4725
f 4263//4726 4265//4726 4266//4726
f 4264//4727 4263//4727 4266//4727
f 4265//4728 4267//4728 4266//4728
f 4268//4729 4264//4729 4266//4729
f 4268//4730 3721//4730 4264//4730
f 4269//4731 3721//4731 4268//4731
f 4266//4732 4267//4732 4270//4732
f 3750//4733 4268//4733 4266//4733
f 4270//4734 4271//4734 4266//4734
f 4266//4735 4271//4735 3750//4735
f 4271//4736 3751//4736 3750//4736
f 4270//4737 4272//4737 4271//4737
f 4270//4738 4267//4738 4272//4738
f 4272//4739 4273//4739 4271//4739
f 4273//4740 4272//4740 4274//4740
f 4274//4741 4275//4741 4273//4741
f 4274//4742 4276//4742 4275//4742
f 4277//4743 4275//4743 4276//4743
f 3775//4744 4275//4744 4277//4744
f 4276//4745 4278//4745 4277//4745
f 4277//4746 3677//4746 3775//4746
f 3677//4747 4277//4747 4278//4747
f 4278//4748 4042//4748 3677//4748
f 4042//4749 3673//4749 3677//4749
f 3676//4750 3775//4750 3677//4750
f 3777//4751 3678//4751 2090//4751
f 3775//4752 3678//4752 3776//4752
f 4275//4753 3775//4753 4273//4753
f 3751//4754 4273//4754 3775//4754
f 3751//4755 4271//4755 4273//4755
f 3751//4756 3775//4756 3748//4756
f 3749//4757 3748//4757 3775//4757
f 3749//4758 3775//4758 3776//4758
f 3776//4759 3777//4759 3749//4759
f 4279//4760 3749//4760 3777//4760
f 3741//4761 3749//4761 4279//4761
f 3777//4762 3888//4762 4279//4762
f 3515//4763 4280//4763 3888//4763
f 4280//4764 4279//4764 3888//4764
f 4280//4765 3515//4765 4281//4765
f 4282//4766 3515//4766 4283//4766
f 3515//4767 4282//4767 4281//4767
f 4280//4768 4281//4768 4284//4768
f 4279//4769 4280//4769 3741//4769
f 4284//4770 3741//4770 4280//4770
f 3741//4771 3740//4771 3749//4771
f 3750//4772 3748//4772 3743//4772
f 4269//4773 4268//4773 4285//4773
f 3750//4774 3743//4774 4268//4774
f 4285//4775 4268//4775 3743//4775
f 3742//4776 4285//4776 3743//4776
f 4284//4777 3733//4777 3741//4777
f 3709//4778 3741//4778 3733//4778
f 4286//4779 3709//4779 3734//4779
f 4286//4780 3710//4780 3709//4780
f 3711//4781 3709//4781 3708//4781
f 3742//4782 3709//4782 3712//4782
f 4285//4783 3719//4783 4269//4783
f 3742//4784 3719//4784 4285//4784
f 3712//4785 3834//4785 3742//4785
f 3719//4786 3742//4786 3834//4786
f 3834//4787 3831//4787 3719//4787
f 3831//4788 3720//4788 3719//4788
f 4269//4789 3719//4789 3721//4789
f 3720//4790 4287//4790 3721//4790
f 4288//4791 3745//4791 4289//4791
f 4287//4792 3744//4792 3721//4792
f 4289//4793 4290//4793 4288//4793
f 4290//4794 4289//4794 4287//4794
f 4289//4795 3745//4795 4287//4795
f 4287//4796 3745//4796 3744//4796
f 4263//4797 3746//4797 4265//4797
f 4263//4798 3744//4798 3746//4798
f 3647//4799 3646//4799 3745//4799
f 3745//4800 3697//4800 3746//4800
f 4265//4801 4272//4801 4267//4801
f 4272//4802 4265//4802 4291//4802
f 3755//4803 3746//4803 3697//4803
f 4265//4804 3746//4804 3755//4804
f 4272//4805 4291//4805 4274//4805
f 3755//4806 4291//4806 4265//4806
f 4274//4807 4291//4807 4045//4807
f 3684//4808 4291//4808 3755//4808
f 4046//4809 4291//4809 3684//4809
f 4046//4810 3684//4810 3683//4810
f 3785//4811 3675//4811 3680//4811
f 3781//4812 3675//4812 3786//4812
f 3781//4813 3786//4813 3788//4813
f 3788//4814 3786//4814 3785//4814
f 3785//4815 3809//4815 3788//4815
f 3785//4816 3818//4816 3809//4816
f 3785//4817 3814//4817 3818//4817
f 3647//4818 3680//4818 3648//4818
f 3680//4819 3820//4819 3813//4819
f 3680//4820 3753//4820 3820//4820
f 3820//4821 3814//4821 3813//4821
f 3820//4822 3818//4822 3814//4822
f 3819//4823 3818//4823 3820//4823
f 3818//4824 3819//4824 3631//4824
f 3623//4825 3820//4825 3791//4825
f 3820//4826 3753//4826 3791//4826
f 3753//4827 3680//4827 3647//4827
f 3823//4828 3647//4828 3754//4828
f 3754//4829 4292//4829 3823//4829
f 3754//4830 3745//4830 4288//4830
f 3754//4831 4288//4831 4292//4831
f 4293//4832 4288//4832 4290//4832
f 4288//4833 4293//4833 4292//4833
f 3720//4834 4290//4834 4287//4834
f 4293//4835 4294//4835 4292//4835
f 4293//4836 4290//4836 4295//4836
f 4295//4837 4294//4837 4293//4837
f 3720//4838 4295//4838 4290//4838
f 3727//4839 4294//4839 4295//4839
f 4016//4840 1897//4840 4296//4840
f 3720//4841 3727//4841 4295//4841
f 3831//4842 3727//4842 3720//4842
f 3831//4843 3834//4843 3830//4843
f 4296//4844 1897//4844 1887//4844
f 3727//4845 3833//4845 4297//4845
f 3834//4846 3838//4846 3835//4846
f 3834//4847 3712//4847 3838//4847
f 586//4848 584//4848 2197//4848
f 4298//4849 3367//4849 3369//4849
f 3366//4850 2266//4850 3368//4850
f 3365//4851 2257//4851 3366//4851
f 4299//4852 3357//4852 3359//4852
f 4104//4853 3132//4853 4116//4853
f 4122//4854 4123//4854 4126//4854
f 4126//4855 4123//4855 4137//4855
f 4300//4856 1899//4856 2577//4856
f 4132//4857 4133//4857 4138//4857
f 2621//4858 2622//4858 2618//4858
f 2624//4859 2455//4859 2622//4859
f 2668//4860 2666//4860 2760//4860
f 2949//4861 2641//4861 2951//4861
f 4230//4862 4160//4862 4212//4862
f 4182//4863 4219//4863 4211//4863
f 3045//4864 4160//4864 3070//4864
f 2459//4865 2457//4865 4099//4865
f 2456//4866 2455//4866 2625//4866
f 3920//4867 2443//4867 2440//4867
f 3920//4868 1215//4868 2443//4868
f 4091//4869 3922//4869 3923//4869
f 4090//4870 4087//4870 4301//4870
f 4089//4871 4301//4871 4087//4871
f 4301//4872 4089//4872 4302//4872
f 4301//4873 4302//4873 4303//4873
f 3949//4874 4090//4874 4085//4874
f 4085//4875 4090//4875 4301//4875
f 4301//4876 4303//4876 4304//4876
f 3949//4877 4085//4877 3945//4877
f 4301//4878 4304//4878 4305//4878
f 4305//4879 4085//4879 4301//4879
f 4085//4880 4305//4880 4086//4880
f 3945//4881 4084//4881 4306//4881
f 4306//4882 4082//4882 3945//4882
f 4082//4883 4307//4883 4083//4883
f 4076//4884 3942//4884 3947//4884
f 2432//4885 2429//4885 2431//4885
f 3946//4886 4083//4886 4080//4886
f 3946//4887 4078//4887 4073//4887
f 3939//4888 3942//4888 4071//4888
f 4071//4889 3942//4889 4076//4889
f 4075//4890 4071//4890 4076//4890
f 4308//4891 4075//4891 4074//4891
f 4075//4892 4308//4892 4071//4892
f 4066//4893 4063//4893 4065//4893
f 4065//4894 4063//4894 3940//4894
f 4063//4895 4309//4895 4064//4895
f 4310//4896 4311//4896 4312//4896
f 4311//4897 4310//4897 4309//4897
f 4311//4898 4313//4898 4312//4898
f 4029//4899 4028//4899 4314//4899
f 4312//4900 4314//4900 4028//4900
f 4313//4901 4314//4901 4312//4901
f 4314//4902 4313//4902 4315//4902
f 4314//4903 4316//4903 4029//4903
f 4316//4904 4314//4904 4315//4904
f 4029//4905 4316//4905 3190//4905
f 3190//4906 3187//4906 4029//4906
f 3188//4907 3065//4907 4060//4907
f 4060//4908 4038//4908 3188//4908
f 2396//4909 4038//4909 2398//4909
f 729//4910 4058//4910 4317//4910
f 729//4911 4317//4911 4318//4911
f 729//4912 4318//4912 4055//4912
f 3218//4913 4319//4913 3179//4913
f 4319//4914 3221//4914 3179//4914
f 2361//4915 959//4915 2364//4915
f 2370//4916 2371//4916 4320//4916
f 2370//4917 4320//4917 2368//4917
f 4320//4918 3254//4918 2368//4918
f 2346//4919 2345//4919 3255//4919
f 4321//4920 2284//4920 3334//4920
f 4321//4921 4000//4921 2284//4921
f 2930//4922 3363//4922 6//4922
f 2260//4923 2265//4923 2261//4923
f 3473//4924 3972//4924 3475//4924
f 2261//4925 2265//4925 4322//4925
f 4322//4926 2265//4926 4323//4926
f 4323//4927 2265//4927 3381//4927
f 3381//4928 3384//4928 4323//4928
f 2355//4929 3972//4929 2255//4929
f 3972//4930 3912//4930 2255//4930
f 3384//4931 3381//4931 3382//4931
f 3913//4932 3894//4932 3493//4932
f 3912//4933 1852//4933 2256//4933
f 4324//4934 1852//4934 3912//4934
f 1852//4935 4324//4935 4325//4935
f 4325//4936 1853//4936 1852//4936
f 1853//4937 4325//4937 3164//4937
f 4326//4938 3164//4938 4325//4938
f 4325//4939 4324//4939 4326//4939
f 4327//4940 4326//4940 4324//4940
f 4324//4941 4328//4941 4327//4941
f 4328//4942 4329//4942 4327//4942
f 4328//4943 4324//4943 3912//4943
f 4330//4944 4328//4944 3912//4944
f 3972//4945 4330//4945 3912//4945
f 3473//4946 4330//4946 3972//4946
f 3473//4947 3471//4947 4330//4947
f 4330//4948 3471//4948 4328//4948
f 3471//4949 852//4949 4328//4949
f 3473//4950 3472//4950 3471//4950
f 3884//4951 3494//4951 3894//4951
f 3884//4952 3894//4952 3913//4952
f 4331//4953 3913//4953 4332//4953
f 3911//4954 3284//4954 3474//4954
f 3911//4955 3477//4955 4333//4955
f 4333//4956 3477//4956 4334//4956
f 4335//4957 3911//4957 4333//4957
f 4336//4958 4333//4958 4334//4958
f 4334//4959 3477//4959 3476//4959
f 3476//4960 3907//4960 4334//4960
f 3764//4961 3913//4961 3893//4961
f 4332//4962 3913//4962 3764//4962
f 3767//4963 3893//4963 3892//4963
f 3893//4964 3767//4964 3765//4964
f 3893//4965 3765//4965 3764//4965
f 3907//4966 2110//4966 4334//4966
f 3884//4967 3913//4967 4331//4967
f 4336//4968 4334//4968 2110//4968
f 4331//4969 4332//4969 4337//4969
f 4036//4970 2110//4970 2109//4970
f 4336//4971 2110//4971 4036//4971
f 4338//4972 4336//4972 4036//4972
f 3879//4973 3884//4973 4331//4973
f 3494//4974 3884//4974 3887//4974
f 3892//4975 3493//4975 3496//4975
f 3892//4976 3496//4976 4339//4976
f 4339//4977 3496//4977 3670//4977
f 3887//4978 2077//4978 3494//4978
f 4340//4979 3888//4979 2090//4979
f 3777//4980 2090//4980 3888//4980
f 2090//4981 3517//4981 4340//4981
f 4283//4982 3515//4982 4341//4982
f 4341//4983 3515//4983 4342//4983
f 4342//4984 3515//4984 3886//4984
f 3884//4985 3880//4985 3887//4985
f 3888//4986 4340//4986 3513//4986
f 3764//4987 3763//4987 4332//4987
f 3763//4988 4343//4988 4332//4988
f 4332//4989 4343//4989 4337//4989
f 4340//4990 3517//4990 3513//4990
f 4331//4991 4337//4991 4344//4991
f 4331//4992 4344//4992 4345//4992
f 3879//4993 4331//4993 3876//4993
f 4345//4994 3876//4994 4331//4994
f 3876//4995 4345//4995 3877//4995
f 3872//4996 2019//4996 2018//4996
f 1966//4997 4346//4997 3871//4997
f 1064//4998 2008//4998 3871//4998
f 4347//4999 1064//4999 3871//4999
f 4347//5000 3871//5000 4348//5000
f 4346//5001 4349//5001 3871//5001
f 4348//5002 3871//5002 4349//5002
f 4349//5003 4350//5003 4348//5003
f 4349//5004 4346//5004 4351//5004
f 4350//5005 4349//5005 4352//5005
f 4351//5006 4352//5006 4349//5006
f 4352//5007 4351//5007 4353//5007
f 4354//5008 4353//5008 4351//5008
f 4353//5009 4355//5009 4352//5009
f 3548//5010 3547//5010 4356//5010
f 4353//5011 4354//5011 4355//5011
f 4357//5012 4355//5012 4354//5012
f 3548//5013 4358//5013 3546//5013
f 3546//5014 4359//5014 3549//5014
f 4359//5015 3546//5015 3864//5015
f 4360//5016 4359//5016 3864//5016
f 4358//5017 4361//5017 3546//5017
f 4362//5018 3546//5018 4361//5018
f 3864//5019 4363//5019 4360//5019
f 3546//5020 4362//5020 3864//5020
f 4362//5021 4364//5021 3864//5021
f 3779//5022 4357//5022 3778//5022
f 3864//5023 3867//5023 4363//5023
f 4364//5024 4365//5024 3864//5024
f 4240//5025 3864//5025 4365//5025
f 4366//5026 4240//5026 4365//5026
f 4240//5027 3554//5027 3864//5027
f 4357//5028 3779//5028 4367//5028
f 4357//5029 4367//5029 4368//5029
f 4369//5030 1812//5030 1827//5030
f 4367//5031 1812//5031 4369//5031
f 3811//5032 3854//5032 4369//5032
f 3847//5033 4369//5033 3854//5033
f 3810//5034 3857//5034 4370//5034
f 3810//5035 4370//5035 3856//5035
f 4369//5036 3849//5036 4367//5036
f 4371//5037 3854//5037 4372//5037
f 3849//5038 4369//5038 3847//5038
f 4373//5039 3854//5039 4371//5039
f 3854//5040 4373//5040 3847//5040
f 3852//5041 3847//5041 4373//5041
f 1966//5042 1962//5042 3850//5042
f 1966//5043 3850//5043 4346//5043
f 4351//5044 4346//5044 3850//5044
f 3850//5045 4354//5045 4351//5045
f 4354//5046 3778//5046 4357//5046
f 4354//5047 3850//5047 3778//5047
f 3848//5048 3847//5048 3851//5048
f 3850//5049 1960//5049 3778//5049
f 4374//5050 3849//5050 3848//5050
f 4375//5051 3849//5051 4374//5051
f 3849//5052 4376//5052 4367//5052
f 4377//5053 3849//5053 4375//5053
f 3849//5054 4377//5054 4376//5054
f 4368//5055 4367//5055 4376//5055
f 4368//5056 4376//5056 4378//5056
f 4379//5057 4368//5057 4378//5057
f 4380//5058 4368//5058 4379//5058
f 4357//5059 4368//5059 4355//5059
f 4381//5060 4368//5060 4380//5060
f 4382//5061 4368//5061 4381//5061
f 4368//5062 4382//5062 4355//5062
f 4383//5063 4355//5063 4382//5063
f 4384//5064 4355//5064 4383//5064
f 4355//5065 4384//5065 4352//5065
f 4385//5066 4384//5066 4383//5066
f 4386//5067 4352//5067 4384//5067
f 4387//5068 4384//5068 4385//5068
f 4384//5069 4387//5069 4386//5069
f 4350//5070 4352//5070 4386//5070
f 4388//5071 4386//5071 4387//5071
f 4389//5072 4386//5072 4388//5072
f 4390//5073 4350//5073 4386//5073
f 4391//5074 4386//5074 4389//5074
f 4391//5075 4390//5075 4386//5075
f 4390//5076 4391//5076 4392//5076
f 4393//5077 4390//5077 4392//5077
f 4394//5078 4350//5078 4390//5078
f 4394//5079 4348//5079 4350//5079
f 4348//5080 4394//5080 4395//5080
f 4347//5081 4348//5081 4395//5081
f 3395//5082 4347//5082 4395//5082
f 3580//5083 3395//5083 4395//5083
f 3580//5084 4395//5084 4394//5084
f 3581//5085 4394//5085 4390//5085
f 3581//5086 3580//5086 4394//5086
f 3580//5087 1854//5087 3589//5087
f 3580//5088 3589//5088 3582//5088
f 3843//5089 3844//5089 3590//5089
f 3843//5090 3590//5090 3841//5090
f 3842//5091 3841//5091 1855//5091
f 3842//5092 4396//5092 3843//5092
f 3843//5093 2078//5093 2075//5093
f 4396//5094 2078//5094 3843//5094
f 4396//5095 3792//5095 2078//5095
f 4397//5096 3792//5096 4396//5096
f 4398//5097 4397//5097 4396//5097
f 3842//5098 4398//5098 4396//5098
f 3640//5099 3629//5099 4399//5099
f 1855//5100 4398//5100 3842//5100
f 3640//5101 4400//5101 3812//5101
f 3812//5102 3613//5102 3640//5102
f 4401//5103 3812//5103 4400//5103
f 4402//5104 3812//5104 4401//5104
f 3812//5105 4402//5105 4403//5105
f 4398//5106 4404//5106 4397//5106
f 3816//5107 3812//5107 4403//5107
f 3797//5108 4404//5108 4398//5108
f 3811//5109 3595//5109 3812//5109
f 3797//5110 4398//5110 1855//5110
f 3595//5111 3811//5111 3656//5111
f 3797//5112 1834//5112 4404//5112
f 3797//5113 1855//5113 1847//5113
f 4405//5114 4390//5114 4393//5114
f 1846//5115 3581//5115 4390//5115
f 3581//5116 1846//5116 1847//5116
f 3656//5117 3811//5117 1830//5117
f 3811//5118 4369//5118 1829//5118
f 1848//5119 4390//5119 4405//5119
f 4390//5120 1848//5120 1846//5120
f 1829//5121 1830//5121 3811//5121
f 3797//5122 1847//5122 1835//5122
f 1834//5123 4397//5123 4404//5123
f 3796//5124 4406//5124 1834//5124
f 4406//5125 4407//5125 1834//5125
f 1829//5126 4369//5126 1827//5126
f 1834//5127 4407//5127 4397//5127
f 4407//5128 4408//5128 4397//5128
f 4408//5129 4409//5129 4397//5129
f 4409//5130 3792//5130 4397//5130
f 3792//5131 4409//5131 3793//5131
f 3892//5132 4410//5132 4411//5132
f 3780//5133 4339//5133 3670//5133
f 4339//5134 4410//5134 3892//5134
f 4412//5135 3780//5135 3679//5135
f 4413//5136 4339//5136 3780//5136
f 3780//5137 4412//5137 4413//5137
f 4339//5138 4413//5138 4410//5138
f 4412//5139 4414//5139 4413//5139
f 1810//5140 1812//5140 4367//5140
f 4413//5141 4415//5141 4410//5141
f 4410//5142 4415//5142 4416//5142
f 3779//5143 1810//5143 4367//5143
f 1808//5144 3778//5144 3573//5144
f 4415//5145 4417//5145 4416//5145
f 1810//5146 3779//5146 1808//5146
f 3892//5147 4418//5147 3767//5147
f 4410//5148 4416//5148 4419//5148
f 4410//5149 4419//5149 4411//5149
f 4418//5150 3892//5150 4411//5150
f 4411//5151 4419//5151 4420//5151
f 4420//5152 4418//5152 4411//5152
f 4418//5153 4420//5153 4421//5153
f 4418//5154 4421//5154 3768//5154
f 3768//5155 3767//5155 4418//5155
f 3764//5156 3765//5156 3701//5156
f 3701//5157 3761//5157 3764//5157
f 3701//5158 3747//5158 3762//5158
f 3702//5159 3766//5159 4422//5159
f 3768//5160 4422//5160 3766//5160
f 4422//5161 3768//5161 4423//5161
f 4421//5162 4423//5162 3768//5162
f 4423//5163 4421//5163 4420//5163
f 4420//5164 4419//5164 4424//5164
f 4419//5165 4416//5165 4424//5165
f 4425//5166 4424//5166 4416//5166
f 4416//5167 4426//5167 4425//5167
f 4417//5168 4427//5168 4416//5168
f 4426//5169 4416//5169 4427//5169
f 3770//5170 4427//5170 4417//5170
f 4426//5171 4427//5171 2995//5171
f 4424//5172 4425//5172 4428//5172
f 4428//5173 4425//5173 4426//5173
f 2995//5174 4428//5174 4426//5174
f 4429//5175 4428//5175 2995//5175
f 2995//5176 2991//5176 4429//5176
f 4429//5177 2991//5177 3722//5177
f 4429//5178 4424//5178 4428//5178
f 4430//5179 4424//5179 4429//5179
f 4429//5180 3722//5180 4431//5180
f 4431//5181 4430//5181 4429//5181
f 4430//5182 4420//5182 4424//5182
f 4420//5183 4430//5183 4423//5183
f 4423//5184 4432//5184 4422//5184
f 4423//5185 4430//5185 4433//5185
f 4433//5186 4432//5186 4423//5186
f 4422//5187 4432//5187 4434//5187
f 4434//5188 3702//5188 4422//5188
f 3702//5189 4434//5189 4435//5189
f 4436//5190 4435//5190 4434//5190
f 3703//5191 3702//5191 4435//5191
f 3706//5192 3701//5192 3703//5192
f 3703//5193 3735//5193 3706//5193
f 3723//5194 4436//5194 4434//5194
f 4435//5195 3730//5195 3703//5195
f 4435//5196 4436//5196 3726//5196
f 3726//5197 3730//5197 4435//5197
f 3731//5198 3726//5198 3729//5198
f 4297//5199 3728//5199 3727//5199
f 3727//5200 3726//5200 4436//5200
f 3727//5201 4436//5201 3723//5201
f 3723//5202 4437//5202 3727//5202
f 4437//5203 3723//5203 3725//5203
f 4437//5204 4294//5204 3727//5204
f 4294//5205 4437//5205 4438//5205
f 3725//5206 4438//5206 4437//5206
f 3724//5207 3723//5207 4434//5207
f 4432//5208 3724//5208 4434//5208
f 3724//5209 4432//5209 4433//5209
f 4430//5210 4431//5210 4433//5210
f 4431//5211 3700//5211 4433//5211
f 4433//5212 3700//5212 3724//5212
f 3700//5213 4431//5213 3722//5213
f 3700//5214 3738//5214 3724//5214
f 3725//5215 3724//5215 3738//5215
f 3725//5216 3738//5216 3737//5216
f 3737//5217 4438//5217 3725//5217
f 4294//5218 4438//5218 4292//5218
f 4438//5219 3737//5219 4292//5219
f 3700//5220 3752//5220 3737//5220
f 3737//5221 3752//5221 4292//5221
f 3696//5222 4439//5222 3753//5222
f 4292//5223 3752//5223 3823//5223
f 3823//5224 3752//5224 3699//5224
f 3753//5225 3823//5225 3699//5225
f 3699//5226 3698//5226 3691//5226
f 3699//5227 3691//5227 3696//5227
f 3696//5228 3757//5228 4439//5228
f 3756//5229 4439//5229 3757//5229
f 3758//5230 3696//5230 3686//5230
f 3758//5231 3686//5231 3687//5231
f 4440//5232 2992//5232 4427//5232
f 3772//5233 4440//5233 4427//5233
f 4427//5234 3770//5234 3772//5234
f 4417//5235 4415//5235 3770//5235
f 4414//5236 4441//5236 4413//5236
f 4415//5237 4413//5237 3771//5237
f 3771//5238 4413//5238 4441//5238
f 4415//5239 3771//5239 3770//5239
f 4442//5240 4440//5240 3772//5240
f 3773//5241 4442//5241 3772//5241
f 4443//5242 2992//5242 4440//5242
f 4443//5243 4440//5243 4442//5243
f 4442//5244 3773//5244 4444//5244
f 4444//5245 4445//5245 4442//5245
f 4446//5246 4442//5246 4445//5246
f 4442//5247 4446//5247 3599//5247
f 3599//5248 4443//5248 4442//5248
f 3599//5249 2992//5249 4443//5249
f 3756//5250 3758//5250 4447//5250
f 3783//5251 3758//5251 3600//5251
f 3795//5252 3784//5252 3783//5252
f 3784//5253 4447//5253 3758//5253
f 3795//5254 4447//5254 3784//5254
f 4447//5255 3790//5255 3756//5255
f 3790//5256 3789//5256 3756//5256
f 3756//5257 3789//5257 4439//5257
f 3789//5258 3688//5258 4439//5258
f 3791//5259 4439//5259 3688//5259
f 3753//5260 4439//5260 3791//5260
f 3795//5261 4448//5261 4447//5261
f 4448//5262 3790//5262 4447//5262
f 3795//5263 4449//5263 4448//5263
f 4449//5264 3795//5264 3794//5264
f 3599//5265 4446//5265 4450//5265
f 3599//5266 4450//5266 1526//5266
f 4450//5267 3597//5267 1526//5267
f 1498//5268 1508//5268 1507//5268
f 1500//5269 1499//5269 4451//5269
f 1506//5270 1514//5270 3572//5270
f 3571//5271 1514//5271 1471//5271
f 1473//5272 3567//5272 1471//5272
f 1428//5273 3869//5273 3863//5273
f 4161//5274 3870//5274 1427//5274
f 3870//5275 4452//5275 3869//5275
f 3863//5276 3869//5276 4452//5276
f 1465//5277 3863//5277 1388//5277
f 3863//5278 4452//5278 4453//5278
f 3905//5279 1381//5279 1388//5279
f 1381//5280 3905//5280 3875//5280
f 3898//5281 3875//5281 3905//5281
f 3528//5282 3875//5282 3883//5282
f 3499//5283 3890//5283 3528//5283
f 4454//5284 3485//5284 3484//5284
f 3484//5285 3882//5285 4454//5285
f 3484//5286 3499//5286 3882//5286
f 4454//5287 3882//5287 4455//5287
f 3882//5288 4456//5288 4455//5288
f 3882//5289 4457//5289 4456//5289
f 4457//5290 3882//5290 3883//5290
f 3896//5291 4457//5291 3883//5291
f 3883//5292 3875//5292 3898//5292
f 3900//5293 3898//5293 4458//5293
f 3898//5294 3902//5294 4458//5294
f 4459//5295 3906//5295 3903//5295
f 1388//5296 3903//5296 3905//5296
f 4459//5297 3903//5297 4460//5297
f 3903//5298 3909//5298 4460//5298
f 1388//5299 3863//5299 3903//5299
f 3908//5300 3903//5300 3863//5300
f 3863//5301 4453//5301 3908//5301
f 4461//5302 3908//5302 4453//5302
f 4453//5303 4462//5303 4461//5303
f 4452//5304 4463//5304 4453//5304
f 4453//5305 4463//5305 4462//5305
f 4464//5306 4463//5306 4452//5306
f 4452//5307 4465//5307 4464//5307
f 4452//5308 4466//5308 4465//5308
f 4467//5309 4452//5309 3870//5309
f 4452//5310 4468//5310 4466//5310
f 4468//5311 4452//5311 4467//5311
f 4467//5312 4469//5312 4468//5312
f 4470//5313 4469//5313 4467//5313
f 3870//5314 4471//5314 4467//5314
f 4471//5315 4472//5315 4467//5315
f 4467//5316 4473//5316 4470//5316
f 4473//5317 4467//5317 4472//5317
f 4474//5318 4473//5318 4472//5318
f 4475//5319 4474//5319 4472//5319
f 3466//5320 4476//5320 4477//5320
f 4471//5321 4477//5321 4476//5321
f 3466//5322 4478//5322 4476//5322
f 4478//5323 3466//5323 3470//5323
f 3470//5324 3469//5324 1238//5324
f 4479//5325 3468//5325 3469//5325
f 1242//5326 3449//5326 3450//5326
f 1242//5327 1241//5327 3449//5327
f 3470//5328 1238//5328 1228//5328
f 3470//5329 4480//5329 4478//5329
f 3921//5330 1214//5330 3924//5330
f 3922//5331 4091//5331 3409//5331
f 4091//5332 4090//5332 4481//5332
f 3925//5333 3409//5333 4091//5333
f 4481//5334 3925//5334 4091//5334
f 3925//5335 4481//5335 1120//5335
f 3444//5336 1120//5336 4481//5336
f 4481//5337 4482//5337 3444//5337
f 3444//5338 4482//5338 3445//5338
f 3445//5339 3926//5339 3438//5339
f 3929//5340 3928//5340 4483//5340
f 3439//5341 3437//5341 3927//5341
f 3439//5342 3929//5342 3950//5342
f 3929//5343 4483//5343 3950//5343
f 4483//5344 4484//5344 3950//5344
f 4484//5345 4485//5345 4486//5345
f 4484//5346 4487//5346 3950//5346
f 4484//5347 4488//5347 4487//5347
f 4488//5348 4484//5348 4486//5348
f 4486//5349 4485//5349 4489//5349
f 4490//5350 4486//5350 4489//5350
f 4488//5351 4486//5351 4490//5351
f 4490//5352 4491//5352 4488//5352
f 4491//5353 4490//5353 4489//5353
f 4026//5354 4025//5354 4489//5354
f 4492//5355 4493//5355 4025//5355
f 4489//5356 4025//5356 4493//5356
f 3440//5357 57//5357 56//5357
f 3440//5358 56//5358 4249//5358
f 4249//5359 4494//5359 3440//5359
f 3440//5360 3933//5360 227//5360
f 4495//5361 3440//5361 4494//5361
f 3440//5362 4495//5362 3933//5362
f 4494//5363 4496//5363 4495//5363
f 4496//5364 4497//5364 4498//5364
f 4495//5365 4496//5365 4498//5365
f 4498//5366 4499//5366 4495//5366
f 4495//5367 4499//5367 3933//5367
f 4499//5368 4498//5368 709//5368
f 709//5369 3934//5369 4499//5369
f 3933//5370 4499//5370 3934//5370
f 709//5371 3935//5371 3934//5371
f 4500//5372 4491//5372 4489//5372
f 4493//5373 4500//5373 4489//5373
f 3935//5374 709//5374 3936//5374
f 4500//5375 4493//5375 4492//5375
f 4500//5376 4492//5376 4501//5376
f 3295//5377 4501//5377 4492//5377
f 3295//5378 3441//5378 4501//5378
f 4335//5379 4338//5379 4502//5379
f 4338//5380 4335//5380 4336//5380
f 4333//5381 4336//5381 4335//5381
f 3164//5382 4326//5382 4503//5382
f 3164//5383 4503//5383 4504//5383
f 4327//5384 4329//5384 4505//5384
f 4326//5385 4260//5385 4503//5385
f 4504//5386 4503//5386 4260//5386
f 4327//5387 4260//5387 4326//5387
f 4505//5388 4260//5388 4327//5388
f 4504//5389 1869//5389 3164//5389
f 4504//5390 2578//5390 1869//5390
f 2578//5391 4504//5391 4260//5391
f 4260//5392 4505//5392 4506//5392
f 4506//5393 2577//5393 4260//5393
f 2577//5394 4506//5394 4300//5394
f 4506//5395 4022//5395 4300//5395
f 4300//5396 4022//5396 1899//5396
f 4296//5397 1887//5397 1899//5397
f 1899//5398 4022//5398 4296//5398
f 3955//5399 4501//5399 4507//5399
f 4064//5400 3941//5400 3940//5400
f 3939//5401 3941//5401 3942//5401
f 4309//5402 4310//5402 4064//5402
f 4064//5403 4508//5403 3941//5403
f 4064//5404 4310//5404 4509//5404
f 4064//5405 4509//5405 4508//5405
f 4509//5406 4310//5406 4312//5406
f 4508//5407 4509//5407 4510//5407
f 3943//5408 3941//5408 4508//5408
f 3941//5409 3943//5409 3942//5409
f 3954//5410 4501//5410 3955//5410
f 4501//5411 3954//5411 4500//5411
f 4500//5412 3954//5412 4491//5412
f 4511//5413 3948//5413 3445//5413
f 3948//5414 4511//5414 3949//5414
f 4482//5415 4511//5415 3445//5415
f 4511//5416 4090//5416 3949//5416
f 4090//5417 4511//5417 4482//5417
f 4482//5418 4481//5418 4090//5418
f 4512//5419 4491//5419 3954//5419
f 4491//5420 4512//5420 4488//5420
f 4487//5421 3951//5421 3950//5421
f 3435//5422 3439//5422 3951//5422
f 4487//5423 3952//5423 3951//5423
f 4512//5424 4513//5424 4488//5424
f 4487//5425 4488//5425 4513//5425
f 4513//5426 3952//5426 4487//5426
f 3952//5427 4513//5427 4514//5427
f 4513//5428 4512//5428 4514//5428
f 4514//5429 4512//5429 3954//5429
f 3953//5430 3985//5430 3954//5430
f 3985//5431 4514//5431 3954//5431
f 4514//5432 4515//5432 3952//5432
f 4514//5433 3985//5433 3984//5433
f 3436//5434 3952//5434 4515//5434
f 4515//5435 4514//5435 3984//5435
f 3982//5436 3436//5436 4515//5436
f 3351//5437 3436//5437 3982//5437
f 3429//5438 3438//5438 3434//5438
f 3444//5439 3438//5439 3429//5439
f 3351//5440 3426//5440 3436//5440
f 1110//5441 3963//5441 4516//5441
f 4517//5442 4516//5442 3963//5442
f 4516//5443 3921//5443 1110//5443
f 4516//5444 1098//5444 3921//5444
f 3921//5445 1098//5445 1100//5445
f 1089//5446 1097//5446 1096//5446
f 1090//5447 1228//5447 1088//5447
f 3470//5448 1228//5448 1090//5448
f 1090//5449 3964//5449 3470//5449
f 3965//5450 3470//5450 3964//5450
f 3470//5451 3965//5451 4480//5451
f 1089//5452 3965//5452 3964//5452
f 4518//5453 4480//5453 3965//5453
f 4518//5454 4478//5454 4480//5454
f 4471//5455 4476//5455 4478//5455
f 4478//5456 4518//5456 4471//5456
f 4519//5457 4475//5457 4472//5457
f 4471//5458 4520//5458 4472//5458
f 4520//5459 4471//5459 4518//5459
f 4521//5460 4519//5460 4472//5460
f 4520//5461 4521//5461 4472//5461
f 4522//5462 4521//5462 4520//5462
f 3970//5463 4522//5463 4520//5463
f 1065//5464 1064//5464 4347//5464
f 4518//5465 3970//5465 4520//5465
f 3395//5466 1065//5466 4347//5466
f 3965//5467 3970//5467 4518//5467
f 4522//5468 3970//5468 3969//5468
f 3970//5469 4523//5469 3971//5469
f 4523//5470 3970//5470 1025//5470
f 3965//5471 1025//5471 3970//5471
f 3965//5472 1096//5472 1027//5472
f 3376//5473 3375//5473 1098//5473
f 4517//5474 3376//5474 1098//5474
f 4516//5475 4517//5475 1098//5475
f 1108//5476 4524//5476 3963//5476
f 4525//5477 3963//5477 4524//5477
f 3963//5478 4525//5478 4517//5478
f 4525//5479 4526//5479 4517//5479
f 4526//5480 4527//5480 4517//5480
f 4517//5481 4527//5481 3376//5481
f 3976//5482 3376//5482 4527//5482
f 3976//5483 3975//5483 3376//5483
f 3376//5484 3975//5484 1016//5484
f 3376//5485 1016//5485 1018//5485
f 4528//5486 4523//5486 1025//5486
f 4528//5487 1025//5487 1023//5487
f 4528//5488 1023//5488 1024//5488
f 3978//5489 3976//5489 4529//5489
f 3976//5490 4530//5490 4529//5490
f 4527//5491 4531//5491 3976//5491
f 4530//5492 3976//5492 4531//5492
f 4531//5493 4527//5493 4526//5493
f 4526//5494 4525//5494 4531//5494
f 4532//5495 4531//5495 4525//5495
f 4524//5496 1108//5496 3348//5496
f 4524//5497 3348//5497 4525//5497
f 4532//5498 4525//5498 3980//5498
f 4525//5499 3348//5499 3980//5499
f 3982//5500 4533//5500 3352//5500
f 4533//5501 3982//5501 4515//5501
f 4534//5502 3983//5502 3352//5502
f 4534//5503 3352//5503 4533//5503
f 4515//5504 3984//5504 4533//5504
f 4534//5505 4533//5505 4535//5505
f 3984//5506 4535//5506 4533//5506
f 4535//5507 3984//5507 4536//5507
f 4536//5508 3984//5508 3986//5508
f 3986//5509 3953//5509 3987//5509
f 3955//5510 3988//5510 3953//5510
f 3441//5511 4507//5511 4501//5511
f 3955//5512 4507//5512 4537//5512
f 4537//5513 4507//5513 4538//5513
f 4507//5514 3441//5514 4539//5514
f 4539//5515 3441//5515 3347//5515
f 959//5516 3319//5516 951//5516
f 3319//5517 959//5517 958//5517
f 3319//5518 958//5518 3328//5518
f 3319//5519 3318//5519 951//5519
f 952//5520 3318//5520 3315//5520
f 4004//5521 4540//5521 4003//5521
f 3308//5522 4004//5522 3314//5522
f 3308//5523 4541//5523 4004//5523
f 4541//5524 3308//5524 4542//5524
f 3308//5525 4543//5525 4542//5525
f 4011//5526 4544//5526 3308//5526
f 3308//5527 4544//5527 4543//5527
f 3308//5528 3307//5528 4545//5528
f 4005//5529 3308//5529 4545//5529
f 4011//5530 3308//5530 3602//5530
f 4545//5531 4546//5531 4005//5531
f 4546//5532 4006//5532 4005//5532
f 4544//5533 4011//5533 4547//5533
f 4548//5534 4547//5534 4011//5534
f 1898//5535 4014//5535 4011//5535
f 4548//5536 4011//5536 4014//5536
f 4015//5537 1898//5537 4018//5537
f 1898//5538 1897//5538 4018//5538
f 1897//5539 4016//5539 4018//5539
f 4549//5540 4018//5540 4017//5540
f 4550//5541 4021//5541 4016//5541
f 4022//5542 4016//5542 4296//5542
f 4551//5543 4550//5543 4016//5543
f 4016//5544 4022//5544 4551//5544
f 4022//5545 4552//5545 4551//5545
f 4022//5546 4024//5546 4552//5546
f 4022//5547 4553//5547 4023//5547
f 4022//5548 4554//5548 4553//5548
f 4022//5549 4555//5549 4554//5549
f 4555//5550 4022//5550 4506//5550
f 4506//5551 4556//5551 4555//5551
f 4557//5552 4556//5552 4506//5552
f 4505//5553 4557//5553 4506//5553
f 4558//5554 4557//5554 4505//5554
f 4559//5555 4558//5555 4505//5555
f 4560//5556 4559//5556 4505//5556
f 3928//5557 3944//5557 3943//5557
f 4505//5558 4561//5558 4560//5558
f 3943//5559 4483//5559 3928//5559
f 4484//5560 4483//5560 3943//5560
f 4484//5561 3943//5561 4485//5561
f 4508//5562 4510//5562 3943//5562
f 3943//5563 4510//5563 4485//5563
f 4562//5564 4561//5564 4505//5564
f 4510//5565 4027//5565 4485//5565
f 4510//5566 4509//5566 4027//5566
f 4312//5567 4028//5567 4509//5567
f 4509//5568 4028//5568 4027//5568
f 4505//5569 4563//5569 4562//5569
f 4563//5570 4505//5570 4329//5570
f 4485//5571 4027//5571 4026//5571
f 4485//5572 4026//5572 4489//5572
f 4329//5573 4564//5573 4563//5573
f 4329//5574 4565//5574 4564//5574
f 4492//5575 4025//5575 3296//5575
f 3295//5576 4492//5576 3296//5576
f 4030//5577 4025//5577 4029//5577
f 4329//5578 4566//5578 4565//5578
f 4329//5579 4567//5579 4566//5579
f 4568//5580 4329//5580 4328//5580
f 4568//5581 4567//5581 4329//5581
f 852//5582 4568//5582 4328//5582
f 4029//5583 3282//5583 3287//5583
f 4568//5584 4569//5584 4567//5584
f 4568//5585 4570//5585 4569//5585
f 4568//5586 4571//5586 4570//5586
f 4571//5587 4568//5587 852//5587
f 852//5588 4572//5588 4571//5588
f 4335//5589 4502//5589 3281//5589
f 3281//5590 3911//5590 4335//5590
f 3911//5591 851//5591 3284//5591
f 3911//5592 3281//5592 851//5592
f 852//5593 850//5593 4572//5593
f 3278//5594 3281//5594 4502//5594
f 3278//5595 4502//5595 4338//5595
f 3278//5596 4573//5596 4033//5596
f 4573//5597 3278//5597 4338//5597
f 4338//5598 4574//5598 4573//5598
f 4338//5599 4575//5599 4574//5599
f 3276//5600 3270//5600 3274//5600
f 4338//5601 4576//5601 4575//5601
f 4576//5602 4338//5602 4036//5602
f 4576//5603 4036//5603 4577//5603
f 4577//5604 4036//5604 4035//5604
f 4039//5605 3276//5605 3188//5605
f 3188//5606 4038//5606 4039//5606
f 4046//5607 4045//5607 4291//5607
f 4039//5608 3207//5608 4578//5608
f 4578//5609 3276//5609 4039//5609
f 4041//5610 3276//5610 4578//5610
f 4578//5611 3207//5611 4041//5611
f 4278//5612 4043//5612 4042//5612
f 4579//5613 4043//5613 4278//5613
f 4278//5614 4276//5614 4579//5614
f 4276//5615 4274//5615 4045//5615
f 4580//5616 4579//5616 4276//5616
f 4045//5617 4044//5617 4276//5617
f 4276//5618 4581//5618 4580//5618
f 4581//5619 4276//5619 4044//5619
f 4582//5620 4046//5620 3683//5620
f 4582//5621 3683//5621 4034//5621
f 4034//5622 4583//5622 4582//5622
f 4583//5623 4034//5623 4584//5623
f 4034//5624 3245//5624 3234//5624
f 4034//5625 3234//5625 4584//5625
f 4584//5626 3234//5626 3246//5626
f 753//5627 752//5627 780//5627
f 4585//5628 771//5628 777//5628
f 4585//5629 765//5629 771//5629
f 767//5630 763//5630 765//5630
f 765//5631 764//5631 755//5631
f 755//5632 754//5632 770//5632
f 753//5633 780//5633 3191//5633
f 747//5634 746//5634 3184//5634
f 4176//5635 4586//5635 4587//5635
f 4178//5636 4586//5636 4176//5636
f 4586//5637 4588//5637 4587//5637
f 4586//5638 4178//5638 3180//5638
f 4070//5639 4586//5639 3180//5639
f 3175//5640 3043//5640 4072//5640
f 2986//5641 3181//5641 3173//5641
f 3181//5642 2986//5642 4589//5642
f 4590//5643 3181//5643 4589//5643
f 4070//5644 3181//5644 4591//5644
f 3181//5645 4592//5645 4591//5645
f 4592//5646 3181//5646 4590//5646
f 4592//5647 4097//5647 4591//5647
f 4591//5648 4097//5648 4593//5648
f 4592//5649 4594//5649 4097//5649
f 4096//5650 4593//5650 4097//5650
f 4098//5651 4101//5651 4095//5651
f 4102//5652 4096//5652 4095//5652
f 4102//5653 4095//5653 4101//5653
f 3067//5654 4595//5654 3066//5654
f 3129//5655 4595//5655 3067//5655
f 3334//5656 3102//5656 4596//5656
f 3105//5657 3104//5657 3107//5657
f 3103//5658 4596//5658 3102//5658
f 3129//5659 3109//5659 4140//5659
f 4141//5660 3129//5660 4140//5660
f 4595//5661 3129//5661 4141//5661
f 4595//5662 4141//5662 3066//5662
f 4141//5663 3094//5663 4142//5663
f 4597//5664 4141//5664 4145//5664
f 4147//5665 4141//5665 4597//5665
f 3064//5666 3067//5666 2398//5666
f 4156//5667 3060//5667 3062//5667
f 4316//5668 4156//5668 3190//5668
f 4162//5669 3057//5669 4156//5669
f 4162//5670 3058//5670 3057//5670
f 4102//5671 4159//5671 4096//5671
f 4102//5672 3058//5672 4159//5672
f 4159//5673 4158//5673 4598//5673
f 4599//5674 4159//5674 4598//5674
f 4599//5675 4096//5675 4159//5675
f 4599//5676 4598//5676 4096//5676
f 4593//5677 4096//5677 4598//5677
f 4588//5678 4070//5678 4591//5678
f 4591//5679 4593//5679 4588//5679
f 4477//5680 4471//5680 3870//5680
f 4477//5681 3870//5681 4161//5681
f 4070//5682 4588//5682 4586//5682
f 470//5683 4477//5683 4161//5683
f 470//5684 3466//5684 4477//5684
f 3466//5685 470//5685 473//5685
f 4588//5686 4593//5686 4600//5686
f 4593//5687 4598//5687 4600//5687
f 4158//5688 4163//5688 4598//5688
f 4163//5689 4600//5689 4598//5689
f 4600//5690 4587//5690 4588//5690
f 4587//5691 4600//5691 4601//5691
f 4587//5692 4601//5692 4602//5692
f 4603//5693 4601//5693 4600//5693
f 4161//5694 1427//5694 3050//5694
f 4601//5695 4603//5695 4602//5695
f 4163//5696 4603//5696 4600//5696
f 4603//5697 4163//5697 4164//5697
f 4163//5698 4158//5698 4162//5698
f 4165//5699 4156//5699 4604//5699
f 4604//5700 4156//5700 4316//5700
f 4604//5701 4316//5701 4315//5701
f 4313//5702 4604//5702 4315//5702
f 4605//5703 4604//5703 4313//5703
f 4605//5704 4165//5704 4604//5704
f 4167//5705 4164//5705 4165//5705
f 4167//5706 4603//5706 4164//5706
f 4602//5707 4603//5707 4177//5707
f 4177//5708 4603//5708 4167//5708
f 4167//5709 4165//5709 4168//5709
f 4605//5710 4168//5710 4165//5710
f 4168//5711 4605//5711 4606//5711
f 4313//5712 4311//5712 4605//5712
f 4311//5713 4606//5713 4605//5713
f 4606//5714 4311//5714 4309//5714
f 4175//5715 4168//5715 4170//5715
f 4606//5716 4170//5716 4168//5716
f 4309//5717 4170//5717 4606//5717
f 4170//5718 4309//5718 4063//5718
f 4169//5719 4063//5719 4067//5719
f 4169//5720 4172//5720 4170//5720
f 4168//5721 4175//5721 4166//5721
f 4188//5722 4175//5722 4173//5722
f 4177//5723 4167//5723 4166//5723
f 4166//5724 4175//5724 4177//5724
f 4176//5725 4587//5725 4602//5725
f 4602//5726 4177//5726 4176//5726
f 4177//5727 4179//5727 4178//5727
f 3180//5728 4178//5728 4180//5728
f 4072//5729 3043//5729 4183//5729
f 4607//5730 4072//5730 4183//5730
f 4185//5731 4607//5731 4183//5731
f 4183//5732 4181//5732 4185//5732
f 4607//5733 4185//5733 4186//5733
f 4177//5734 4188//5734 4179//5734
f 4177//5735 4175//5735 4188//5735
f 4173//5736 4174//5736 4188//5736
f 4174//5737 4190//5737 4188//5737
f 4189//5738 4188//5738 4190//5738
f 4191//5739 4190//5739 4174//5739
f 4189//5740 4190//5740 4193//5740
f 4189//5741 4193//5741 3040//5741
f 3040//5742 4184//5742 4189//5742
f 3040//5743 4195//5743 3041//5743
f 4197//5744 3040//5744 3039//5744
f 4186//5745 4187//5745 4608//5745
f 4609//5746 4607//5746 4186//5746
f 4186//5747 4608//5747 4609//5747
f 4197//5748 3039//5748 4610//5748
f 4187//5749 4197//5749 4199//5749
f 4187//5750 4198//5750 4608//5750
f 4611//5751 4608//5751 4198//5751
f 4612//5752 4608//5752 4611//5752
f 4612//5753 4204//5753 4608//5753
f 4204//5754 4609//5754 4608//5754
f 4609//5755 4204//5755 4201//5755
f 4607//5756 4609//5756 4072//5756
f 4609//5757 4201//5757 4072//5757
f 4201//5758 3174//5758 4072//5758
f 4201//5759 4204//5759 4202//5759
f 4201//5760 3178//5760 3174//5760
f 4201//5761 4200//5761 3178//5761
f 4200//5762 3938//5762 3178//5762
f 3938//5763 4200//5763 4205//5763
f 4612//5764 4613//5764 4204//5764
f 4614//5765 4204//5765 4613//5765
f 4615//5766 4204//5766 4614//5766
f 4202//5767 4203//5767 4200//5767
f 4207//5768 4204//5768 4615//5768
f 4204//5769 4207//5769 4203//5769
f 4226//5770 249//5770 3023//5770
f 4616//5771 249//5771 4226//5771
f 4226//5772 4617//5772 4616//5772
f 249//5773 4616//5773 250//5773
f 4220//5774 4616//5774 4617//5774
f 4618//5775 250//5775 4616//5775
f 4616//5776 4220//5776 4618//5776
f 4618//5777 3031//5777 250//5777
f 65//5778 64//5778 4220//5778
f 4220//5779 229//5779 3031//5779
f 4220//5780 3031//5780 4618//5780
f 4617//5781 4619//5781 4220//5781
f 4617//5782 4226//5782 4234//5782
f 4620//5783 4619//5783 4621//5783
f 4617//5784 4621//5784 4619//5784
f 4622//5785 4621//5785 4617//5785
f 4623//5786 4622//5786 4225//5786
f 4624//5787 127//5787 4625//5787
f 4225//5788 128//5788 4624//5788
f 127//5789 4624//5789 128//5789
f 4224//5790 4225//5790 4622//5790
f 134//5791 4224//5791 147//5791
f 4626//5792 4224//5792 4622//5792
f 150//5793 4224//5793 4626//5793
f 4626//5794 4622//5794 4234//5794
f 4617//5795 4234//5795 4622//5795
f 156//5796 4234//5796 4226//5796
f 156//5797 4226//5797 4227//5797
f 3025//5798 3023//5798 3024//5798
f 3020//5799 3014//5799 3019//5799
f 150//5800 4234//5800 152//5800
f 4234//5801 150//5801 4626//5801
f 113//5802 122//5802 127//5802
f 122//5803 105//5803 127//5803
f 127//5804 105//5804 4627//5804
f 104//5805 4627//5805 105//5805
f 4627//5806 104//5806 4243//5806
f 2992//5807 2995//5807 4427//5807
f 4238//5808 4243//5808 104//5808
f 4238//5809 3554//5809 4243//5809
f 4240//5810 4243//5810 3554//5810
f 4241//5811 4240//5811 4366//5811
f 4243//5812 4244//5812 4628//5812
f 4243//5813 4628//5813 4245//5813
f 4629//5814 4243//5814 4247//5814
f 4625//5815 4627//5815 4243//5815
f 4630//5816 4243//5816 4629//5816
f 4243//5817 4630//5817 4625//5817
f 4627//5818 4625//5818 127//5818
f 4625//5819 4630//5819 4631//5819
f 4625//5820 4631//5820 4632//5820
f 4625//5821 4632//5821 4633//5821
f 4634//5822 4625//5822 4633//5822
f 4635//5823 4625//5823 4634//5823
f 4636//5824 4625//5824 4635//5824
f 4636//5825 4624//5825 4625//5825
f 4637//5826 4624//5826 4636//5826
f 4638//5827 4624//5827 4637//5827
f 4639//5828 4624//5828 4638//5828
f 4624//5829 4623//5829 4225//5829
f 4640//5830 4624//5830 4639//5830
f 4624//5831 4640//5831 4623//5831
f 4641//5832 4623//5832 4640//5832
f 4642//5833 4623//5833 4641//5833
f 4623//5834 4642//5834 4621//5834
f 4622//5835 4623//5835 4621//5835
f 4643//5836 4621//5836 4642//5836
f 4644//5837 4621//5837 4643//5837
f 4645//5838 4621//5838 4644//5838
f 4646//5839 4621//5839 4645//5839
f 4647//5840 4621//5840 4646//5840
f 4648//5841 4621//5841 4647//5841
f 4649//5842 4621//5842 4648//5842
f 4621//5843 4649//5843 4620//5843
f 4220//5844 4619//5844 4620//5844
f 4620//5845 4649//5845 4650//5845
f 65//5846 4220//5846 4620//5846
f 4620//5847 4650//5847 4651//5847
f 4652//5848 4620//5848 4651//5848
f 4652//5849 65//5849 4620//5849
f 65//5850 4652//5850 4248//5850
f 4248//5851 62//5851 60//5851
f 4249//5852 4251//5852 4653//5852
f 4653//5853 4654//5853 4249//5853
f 4655//5854 4249//5854 4654//5854
f 4494//5855 4249//5855 4656//5855
f 4249//5856 4655//5856 4656//5856
f 4494//5857 4656//5857 4496//5857
f 4497//5858 4496//5858 4656//5858
f 4656//5859 4657//5859 4497//5859
f 4498//5860 4497//5860 4658//5860
f 4658//5861 709//5861 4498//5861
f 709//5862 4658//5862 710//5862
f 4658//5863 4497//5863 710//5863
f 4657//5864 4252//5864 4497//5864
f 4252//5865 710//5865 4497//5865
f 4589//5866 2986//5866 2988//5866
f 2988//5867 2987//5867 4255//5867
f 4589//5868 4659//5868 4590//5868
f 4659//5869 4589//5869 2988//5869
f 4592//5870 4590//5870 4659//5870
f 4660//5871 2988//5871 4255//5871
f 2988//5872 4660//5872 4659//5872
f 4660//5873 4592//5873 4659//5873
f 4660//5874 4661//5874 4592//5874
f 4661//5875 4594//5875 4592//5875
f 4661//5876 4662//5876 4594//5876
f 4594//5877 4098//5877 4097//5877
f 4662//5878 4663//5878 4594//5878
f 4663//5879 4098//5879 4594//5879
f 4663//5880 4257//5880 4098//5880
f 4256//5881 4664//5881 4101//5881
f 4665//5882 4664//5882 4256//5882
f 4101//5883 4664//5883 4120//5883
f 4665//5884 4666//5884 4664//5884
f 4120//5885 4664//5885 4259//5885
f 6//5886 8//5886 2930//5886
f 2929//5887 2928//5887 8//5887
